{"terrain":{"left":8,"bottom":1,"right":8},"data":[[23.89243164579705,95.67445664852885,0,199.0211578226892],[23.892432315071723,95.67445475300515,0.20677632747808855,199.01403091865978],[23.892432492972215,95.67445424915431,0.2617397270120114,198.9957486155265],[23.89243557264763,95.67444552687935,1.2132234593312599,198.95674559730708],[23.89243911804075,95.67443548559595,2.308593375859618,198.97603123982196],[23.892442231755446,95.67442666691473,3.2705937017694944,199.01827880876272],[23.89244559760184,95.67441713414462,4.310491565383354,198.87863799533625],[23.892449559093944,95.6744059143832,5.534417611057619,198.77998940500487],[23.89245296908091,95.6743962565979,6.587952907944745,198.73218763003672],[23.89245543354628,95.67438927672447,7.349363797343306,198.8148008655432],[23.89245819436167,95.67438145752676,8.202333729679495,198.86400165152997],[23.892460528687295,95.67437484623589,8.923537163653023,198.7963867010368],[23.892462849812702,95.67436827233075,9.64066230314812,198.64787446909043],[23.89246517928744,95.6743616747786,10.360367004719595,198.55600825191988],[23.892467850571233,95.6743541091528,11.185675578101982,198.42712994469719],[23.89247080634676,95.67434573778783,12.098879499754938,198.20288335614623],[23.89247348372437,95.6743381549031,12.92607076358998,197.95970899043937],[23.89247524704324,95.67433316082095,13.470858293533118,197.71860957701836],[23.892477562664727,95.67432660250404,14.186282895946235,197.47258231517384],[23.89247893563933,95.67432271395724,14.610471303105143,197.40459453550994],[23.892480294139478,95.67431886640506,15.03018774381399,197.38159678408357],[23.892480481228294,95.67431833653102,15.087989908081349,197.33325052867804],[23.892481138080196,95.67431647619115,15.290928082969609,197.34666825354208],[23.892481228526048,95.67431622002988,15.318871848396874,197.30765419983072],[23.892481285393096,95.67431605897069,15.336441251132948,197.3026741539826],[23.892481528898724,95.67431536931261,15.411673713881786,197.29805494103198],[23.892481636764717,95.6743150638139,15.444999532871124,197.1414179306746],[23.89248213457075,95.67431365392471,15.598799568989772,196.79993036586944],[23.892482273038087,95.6743132617567,15.641579849452395,196.7858555844972],[23.892486742828005,95.6743006023912,17.022547123375215,194.97948619881595],[23.892487377762404,95.67429880412622,17.21871375179268,195.0972013191315],[23.892487783515612,95.67429765494958,17.344073532193267,195.18128359476054],[23.892488555294374,95.6742954691132,17.582519009280603,195.04675197759593],[23.8924893169456,95.67429331196008,17.817835525206945,195.04675197759593],[23.892490407217146,95.67429022408655,18.15468116954918,195.0972013191315],[23.892491776789328,95.6742863451761,18.577818345242015,195.28218233743632],[23.892493388207157,95.67428178130896,19.075675115469505,195.19810006180728],[23.89249523530602,95.67427654994462,19.6463468819857,195.43353039184535],[23.8924972617571,95.67427081061786,20.272430535817417,195.43353039184535],[23.892499444732383,95.67426462798232,20.946873228385062,195.3998974875542],[23.892501741214534,95.67425812387197,21.65638450621501,195.21491652885402],[23.89250559862707,95.67424719888531,22.848154117779867,195.2317329362961],[23.89250657981467,95.67424441995999,23.151297617475066,195.24854943314517],[23.892508982017333,95.67423761642736,23.893471815730038,195.19810006180728],[23.89251573488941,95.67421849090303,25.97981005316574,194.66442909995044],[23.892523263464184,95.67419716842893,28.305805935310094,194.66442909995044],[23.892524783661177,95.674192862918,28.775479404798237,194.66442909995044],[23.892532764730927,95.67417025888496,31.24127602557925,194.66442909995044],[23.892534692587095,95.67416479879928,31.836898069671903,194.66442909995044],[23.892535166173122,95.67416345750614,31.98321514300088,194.66442909995044],[23.89253711661407,95.67415793345572,32.58581487220398,194.66442909995044],[23.89253860322077,95.67415372307941,33.04511038717848,194.69442913094485],[23.892541064453468,95.67414675236158,33.80552208906829,194.69442913094485],[23.89254354370303,95.67413973061628,34.57150018844629,194.72442910233462],[23.89254593861187,95.67413294774126,35.31142073482877,194.72442910233462],[23.892548454319666,95.67412582273873,36.08866278631063,194.75442913332904],[23.892550842622633,95.67411905857291,36.82654238776304,194.7844291047188],[23.892553242097367,95.67411226276634,37.56787355649855,194.9244290904137],[23.892555563137243,95.67410568910346,38.284971825376665,194.9244290904137],[23.892557795801732,95.67409936573785,38.97476601469752,195.0144291237923],[23.892559718412247,95.67409392050895,39.568767283060104,195.0444291249844],[23.892561186557085,95.67408976242044,40.02235883476912,195.13442912856067],[23.89256442326809,95.67408059538835,41.0223587712066,199.13442912856067],[23.892570896690362,95.67406226132343,43.022358657568056,202.13442912856067],[23.892574133401578,95.67405309429073,44.02235859690006,202.13442912856067],[23.892577370112868,95.67404392725783,45.02235853531451,202.13442912856067]]}