{"terrain":{"left":7,"bottom":10,"right":7},"data":[[23.89804242750433,95.67804641651392,0,202.31720360916992],[23.898043662462847,95.67803668869132,1.0000000294096727,202.31720360916992],[23.89804489742137,95.67802696086866,2.0000000549890475,202.31720360916992],[23.89804860229701,95.67799777740021,5.000000127458727,198.31720360916992],[23.898049168147395,95.67799332017182,5.458193959144883,197.45173522633453],[23.898049972543646,95.67798698390715,6.109548821610519,197.43491877418896],[23.89805081808241,95.67798032356109,6.79421857459776,197.4012858698978],[23.89805217294494,95.6779696512493,7.89131006731931,197.45173522633453],[23.898054222292863,95.67795350844551,9.550756758161326,197.01218460303684],[23.89805563015335,95.6779424186665,10.69076298567262,197.01218460303684],[23.898056660456753,95.67793430292124,11.525044718034689,197.01218460303684],[23.898057705516056,95.67792607094313,12.371274939848524,197.1321845780029],[23.898058745023373,95.67791788269824,13.213009471731654,197.10218460661312],[23.89805984465913,95.67790922081898,14.103432623579765,197.04218460422894],[23.898060855358445,95.677901259496,14.921840041041957,197.04218460422894],[23.89806191411171,95.67789291964993,15.77915883560758,197.01218460303684],[23.898062941065916,95.67788483028644,16.61072853818709,197.01218460303684],[23.898063950189975,95.67787688137182,17.42786038476723,196.98218460184475],[23.89806497948671,95.67786877355616,18.261326918366716,196.92218459946056],[23.898066008352895,95.67786066913192,19.094444815148076,196.8321846256866],[23.89806703307334,95.67785259736388,19.924205716183657,196.8321846256866],[23.89806807197699,95.67784441387411,20.765451371808236,196.8321846256866],[23.898069097782134,95.67783633356183,21.59609059005533,196.81218458515545],[23.89807012117953,95.67782827221552,22.424780139858488,196.81218458515545],[23.898071127949354,95.67782034184529,23.240005617001295,196.75218458277126],[23.898072173484728,95.67781210611713,24.08662124329772,196.75218458277126],[23.898073183424792,95.67780415077479,24.90441378712793,196.75218458277126],[23.898074218334177,95.67779599874802,25.74242507254574,196.75218458277126],[23.898075242509233,95.67778793127604,26.571744295311955,196.75218458277126],[23.898076264763862,95.67777987893132,27.3995084646844,196.86218459707638],[23.898077295819373,95.6777717572617,28.234399078599857,197.50218458277126],[23.898078347340736,95.67776347438163,29.08586178232741,197.4012858698978],[23.898079382677622,95.67775531898741,29.924219204386457,197.4853681306257],[23.8980803600312,95.67774762033025,30.715625005451127,197.50218458277126],[23.898081154569592,95.67774136171639,31.358997373534525,197.45173522633453],[23.898081713091834,95.6777369622121,31.811257177515937,197.3340200613155],[23.898081956031994,95.67773504856177,32.00797641340616,197.35083649855991],[23.898081986308238,95.67773481007447,32.03249240707628,197.35083649855991],[23.89808359251728,95.67772215789515,33.333109865785985,198.6231727457772],[23.898084209501054,95.6777172978868,33.83270851061624,198.7850684530847],[23.89808470909809,95.67771336253895,34.23725399702792,198.93883876522239],[23.898085280698282,95.6777088600191,34.700103573852026,199.08711213692996],[23.89808573077164,95.67770531477143,35.064547579597274,199.23469250432234],[23.89808649051971,95.67769933020247,35.679748682303085,199.39089819663118],[23.898087381785714,95.6776923096609,36.40144558518938,199.59241841571233],[23.898088182936533,95.67768599896064,37.05017229241288,199.8299851530625],[23.89808889198216,95.67768041377704,37.62431740918445,200.12003559076754],[23.898089401519343,95.67767640013022,38.03691185148732,200.36127277709343],[23.898089839275688,95.67767295190424,38.391382221510725,200.56185585479713],[23.89809036792297,95.67766878772633,38.81945093901414,200.75822633294527],[23.89809106876573,95.67766326715704,39.38695383277587,201.01783300985213],[23.898092133060814,95.67765488365782,40.24875988550484,201.27819349131866],[23.898092532209375,95.67765173954706,40.5719678427406,201.40431562839126],[23.898092749014694,95.67765003176203,40.74752454418153,201.54135917744932],[23.898092987803718,95.67764815081037,40.9408824088497,201.6447440304472],[23.898093711978365,95.6776424464548,41.527278132235566,201.6442661852486],[23.89809378784252,95.67764184886951,41.58870863934659,201.67404022155569],[23.89809383299319,95.6776414932157,41.62526910131997,201.6405240771224],[23.898093956489078,95.67764052043316,41.72526909576251,202.6405240771224],[23.89809407998497,95.67763954765059,41.82526909197095,203.6405240771224],[23.898094203480863,95.67763857486798,41.925269091004594,203.6405240771224],[23.89809432697675,95.67763760208544,42.02526908615533,203.6405240771224],[23.898094450472648,95.67763662930284,42.12526908342455,203.6405240771224],[23.898094573968535,95.6776356565203,42.22526907716392,203.6405240771224]]}