{"terrain":{"left":1,"bottom":1,"right":1},"data":[[23.901019071717347,95.67886629043764,0,203.2505110854832],[23.90102626518203,95.67884827544881,2.0000002089619864,203.2505110854832],[23.90103345864702,95.67883026045922,4.000000409368128,202.7505110854832],[23.901040652112325,95.67881224546886,6.000000603689661,202.2505110854832],[23.901047845577942,95.67879423047769,8.000000792632397,201.7505110854832],[23.901055039043857,95.67877621548578,10.000000974079644,200.7505110854832],[23.901062232510093,95.67875820049308,12.000001149089908,199.7505110854832],[23.90106942597658,95.67874018549973,14.000001301069094,199.45051108548319],[23.9010707815475,95.678736790669,14.376890799340913,199.44579699341583],[23.90107259921841,95.67873223857589,14.882257991577381,199.4077536211404],[23.90107368928874,95.67872950865286,15.185330331316504,199.38186671787236],[23.901075043937944,95.67872611613043,15.561963555537769,199.4366551350969],[23.90107763894909,95.67871961730145,16.283454694343146,199.13311178320882],[23.901079918721923,95.6787139079411,16.917300093013097,199.03310877632813],[23.901080567737058,95.67871228257684,17.097745814377646,199.03099116176634],[23.90108929764962,95.67869041977718,19.52492391366266,199.15264425077655],[23.901090842084226,95.67868655196474,19.95432314186311,199.05855593749405],[23.90109329156073,95.67868041760616,20.635351206526412,198.92705531283192],[23.901098716043897,95.67866683277492,22.143520470318762,198.77859365227158],[23.901100106543826,95.67866335046956,22.53012120954464,198.77711319435193],[23.90110286128631,95.6786564516166,23.296022342026124,198.74947941899714],[23.901108145259933,95.67864321867117,24.76512564051937,198.68898581696408],[23.901109710488626,95.67863929878295,25.200306197024478,198.66167087867436],[23.901112901842616,95.67863130649982,26.087598383770533,198.57317500668816],[23.901115491156308,95.67862482193928,26.807505284035546,198.50977151284144],[23.90111756885947,95.6786196186331,27.385169097595202,198.62923757682813],[23.901120595165764,95.67861203968798,28.226573027180603,198.6911794150362],[23.90112498586765,95.67860104381202,29.447319830866284,198.79155287228366],[23.901126612885275,95.6785969691824,29.89967951647679,198.95872574509607],[23.901127637557174,95.67859440304025,30.184569026316456,198.98296592042016],[23.90113021620501,95.6785879451908,30.9015104315343,198.98728882278857],[23.901135194709404,95.67857547724873,32.285683872598476,198.89854377825262],[23.90114088727433,95.67856122104564,33.868387486358465,198.90167915290232],[23.901144885656326,95.67855120767793,34.980057450779675,198.9289597247986],[23.90114704425953,95.67854580176933,35.58021378932738,199.01043163935293],[23.901148436788656,95.67854231438213,35.96737858621375,199.03437630082576],[23.901155654787253,95.67852423795168,37.974198287198554,199.0078015253235],[23.90115889756701,95.67851611688016,38.87578811369995,199.0500845553734],[23.90116561489822,95.67849929429858,40.74340716883052,199.10080672102836],[23.90116964092255,95.67848921170464,41.86276234996979,199.19908242370929],[23.90117232828014,95.67848248160739,42.60992812307289,199.18604913256553],[23.90117520773431,95.67847527043212,43.41050247437974,199.1808448700152],[23.901179485999723,95.67846455613699,44.59998814805441,199.30610992438952],[23.901182274134406,95.67845757365811,45.37517291751868,199.44699734529306],[23.90118615183075,95.6784478625301,46.45328836780192,199.47168455950003],[23.901190086782567,95.6784380080141,47.54732252064716,199.56141670034577],[23.90119367724374,95.67842901622491,48.545577961926945,199.6314420572771],[23.90119754473387,95.67841933065691,49.620855699812644,199.74684553902893],[23.901202679406637,95.67840647161378,51.04844800812808,199.65522506939683],[23.901208624938924,95.67839158189062,52.701483409708224,199.757215021553],[23.90121007878917,95.67838794093358,53.10569715341465,199.82771118594147],[23.901213745513882,95.67837875815343,54.12515600338535,199.8848466541223],[23.90121728008933,95.67836990632193,55.107873394695325,200.20467348115358],[23.90121916121848,95.67836519530685,55.63088339215951,200.38555043675504],[23.901221995423764,95.67835809745085,56.41887696250691,200.52970274328553],[23.901224484139277,95.67835186482387,57.11081406296098,200.82753647449903],[23.901226705366234,95.67834630208316,57.72838136284975,200.9994029078116],[23.901228347643492,95.67834218923798,58.184983386425635,201.1545564729796],[23.90123299818855,95.67833054262249,59.47797348507252,201.38520211213515],[23.901233567291733,95.67832911738613,59.63620112331401,201.43090873989004],[23.901238247706967,95.67831739596511,60.937495976646545,201.71435895854597],[23.90124037183713,95.67831207638925,61.5280674213051,201.570495262985],[23.90124784187523,95.67829336876243,63.60496041661119,201.921135417026],[23.901248714244012,95.67829118404134,63.847504905989155,201.97328720753228],[23.901250145147017,95.67828760055234,64.24533852929672,202.21625675881347],[23.90125088854341,95.67828573882392,64.45202484964146,202.26384044384233],[23.90125787711522,95.67826823695957,66.39505575449273,202.7678511527072],[23.901258766227112,95.67826601030781,66.64225530867643,202.89333594583218],[23.9012639169919,95.67825311096456,68.07432111423041,202.92912993576886],[23.90126420989015,95.67825237744339,68.15575553567767,202.98957905470584],[23.901268028453472,95.67824281440545,69.21742968033257,202.954079899917],[23.901269816293837,95.6782383370186,69.71450245142401,202.99529255965103],[23.901278502380652,95.67821658397418,72.12949272581909,202.94934011533567]]}