{"terrain":{"left":8,"bottom":1,"right":6},"data":[[23.88647378608406,95.6755403199696,0,201.4336170627077],[23.886477252778235,95.67553125336957,1.000000056553976,201.4336170627077],[23.88648071947249,95.67552218676931,2.000000115376264,201.4336170627077],[23.8864876528612,95.67550405356829,4.000000223585708,196.4336170627077],[23.886491119555664,95.6754949869675,5.000000275091982,196.4336170627077],[23.88649166718191,95.67549355473612,5.157968122782515,196.5681486798723],[23.886492356043906,95.67549175312459,5.356676728376431,196.63541451825694],[23.88649331643753,95.67548924136426,5.63371113808077,196.71949676408366],[23.886494672477703,95.67548569485186,6.024873445172971,196.68586387469367],[23.886496443705337,95.67548106248117,6.535800398658041,196.6690474225481],[23.88649862274555,95.67547536354002,7.16436464995854,196.70268029703692],[23.88650091752715,95.67546936189524,7.826315562686993,196.1412942184408],[23.88650323068908,95.67546331217957,8.493568441331464,196.1412942184408],[23.886505611288833,95.67545708609077,9.180274368330737,196.1412942184408],[23.88650798773542,95.67545087086393,9.86578226647574,196.40129420890406],[23.886510445863415,95.67544444201204,10.57485190921903,196.40129420890406],[23.886512932428886,95.67543793878635,11.292124591379453,196.37129417790965],[23.886515435886484,95.67543139138192,12.014269952273532,196.2812942041357],[23.886517947013868,95.67542482391838,12.738627719320826,196.2812942041357],[23.886520428887497,95.67541833296347,13.454546960874444,196.2812942041357],[23.886522884760712,95.67541191000862,14.162966132509919,196.17129418983058],[23.886525340649357,95.67540548701339,14.871389745419547,196.17129418983058],[23.88652782490924,95.67539898981761,15.58799729060936,196.19129423036173],[23.88653026560565,95.67539260655533,16.29203854010585,196.25129423274592],[23.886532646010895,95.67538638097523,16.97868823780521,196.25129423274592],[23.88653494862826,95.67538035883723,17.642899301082252,196.17129418983058],[23.88653722728917,95.67537439935363,18.300199895839906,196.1112941874464],[23.886539468961292,95.67536853660846,18.94683072619419,196.0512941850622],[23.886541674559776,95.67536276820827,19.583055775261492,196.8372119291027],[23.886543840781012,95.67535710279316,20.20792209239837,196.88766128553942],[23.886546077514,95.67535125296553,20.85312815283542,196.8372119291027],[23.886548252631265,95.67534556428424,21.480560590977912,196.73631321622923],[23.886550452636875,95.67533981051136,22.115172288217227,196.73631321622923],[23.886552595261364,95.67533420680988,22.73323186875248,196.68586387469367],[23.886554717461348,95.67532865652551,23.345399808986837,196.76994610561923],[23.886556780628684,95.67532326063187,23.94053923133311,196.80357903226212],[23.886558889746635,95.67531774456154,24.548933520194556,196.8372119291027],[23.886561024358272,95.67531216181642,25.164681688188075,196.85402838124827],[23.886562726415676,95.6753077103497,25.655655643525666,196.904477737685],[23.88656400067769,95.67530437771538,26.02322811528739,196.904477737685],[23.88656609462127,95.67529890133125,26.6272451912729,196.80357903226212],[23.886569967953445,95.67528877123269,27.744543073900928,196.6690474225481],[23.886573841694144,95.6752786400657,28.86195877009253,195.99129418267802],[23.886576632987556,95.67527133987143,29.66713269556127,195.99129418267802],[23.886580949389565,95.67526005099256,30.912238012095486,196.8372119291027],[23.886582736955443,95.67525537589171,31.427877595689846,196.76994610561923],[23.88658440145266,95.67525102265783,31.908016901308223,196.904477737685],[23.8865856741123,95.67524769421425,32.275127107879875,196.88766128553942],[23.88658652293378,95.67524547425354,32.51997735099494,196.82039547695712],[23.886586915816522,95.67524444672976,32.63330793641461,196.78676257266596],[23.886588423213727,95.67524050436657,33.068130308561756,197.66113862617928],[23.886589148785138,95.67523860674726,33.277427950587246,197.94229479793208],[23.88658964864638,95.67523729943784,33.421617450145995,197.9986337618723],[23.88659005400834,95.6752362392766,33.53854777916719,197.98621480530483],[23.886591100068568,95.67523350346859,33.84029331624632,198.1358112105154],[23.88659135348546,95.67523284069608,33.9133937119002,198.2017437544702],[23.886592559225562,95.67522968727016,34.261200352772306,198.1698270251343],[23.88659270198346,95.67522931390906,34.3023801599257,198.22672566810886],[23.886593308461716,95.67522772775939,34.47732429957968,198.42794766212268],[23.88659353824935,95.67522712678554,34.54360861842065,198.57391968961477],[23.88659384866416,95.67522631494384,34.63315057791994,198.59065801080763],[23.886594048574278,95.67522579210998,34.690816458690854,198.63261735135308],[23.886594445953694,95.67522475282584,34.80544414649627,198.75206608592896],[23.88659457443847,95.67522441679388,34.84250674042896,198.75934996546604],[23.886594884036437,95.6752236070885,34.93181307353595,198.770813356815],[23.88659541449041,95.67522221976853,35.08482731912561,198.957209359749],[23.886596116206768,95.67522038453842,35.287243745766105,199.09914845321464],[23.8865968665194,95.67521842221228,35.503678206447105,199.24903604959985],[23.886597341084098,95.67521718106205,35.64057068093738,199.32902072217263],[23.886597899648905,95.67521572022258,35.80169374607363,199.35119914510724],[23.88659882257533,95.6752133064519,36.067920213006566,199.39038356515053],[23.886598995015465,95.67521285546151,36.11766212751441,199.5724226482914],[23.886599736286705,95.67521091678174,36.33148851268232,199.7621690277431],[23.88659990009343,95.67521048837071,36.3787400421606,199.80644500190152],[23.886600903965427,95.67520786289946,36.668315984673214,199.90468857648807],[23.88660115020216,95.67520721890554,36.7393451944109,200.31164470558704],[23.886602614268,95.67520338986878,37.161668202508274,200.3883218563125],[23.886605086857138,95.67519692319603,37.87490885323699,200.245391162466],[23.88660821885526,95.6751887319415,38.77836196138175,200.17108923601225],[23.886611343771758,95.67518055920789,39.67977228985625,200.1671533343594],[23.88661475824006,95.6751716291965,40.66470642830906,200.07974244749764],[23.886617775571715,95.67516373783431,41.53508290261259,200.02546557393038],[23.886620169895227,95.67515747585314,42.225747059214555,200.0997342333328]]}