{"terrain":{"left":4,"bottom":1,"right":6},"data":[[23.88888246118145,95.67657548383883,0,198.55048120967763],[23.888880212218158,95.67656597391216,1,198.55048120967763],[23.88887796325429,95.67655646398583,2,198.55048120967763],[23.888877288561588,95.67655361100908,2.299999988194557,192.55048120967763],[23.8888761696219,95.67654887950849,2.79753300293099,192.55048120967763],[23.88887481101506,95.67654313456164,3.401633266277017,192.670481214446],[23.88887338099503,95.67653708764,4.0374871909377745,192.6404812132539],[23.888871922805706,95.67653092160289,4.6858665097281005,192.97913310877698],[23.888870474001173,95.67652479524992,5.330072915038727,192.96231667153256],[23.888868973688066,95.67651845108998,5.997182455785428,192.9286837672414],[23.888868336523903,95.6765157568048,6.280495514113902,192.96231667153256],[23.888865850924912,95.67650524630706,7.385709368541086,192.96231667153256],[23.88886430678058,95.67649871680428,8.072308348726793,192.91186730019467],[23.888862767629895,95.67649220841743,8.756686926361937,192.96231667153256],[23.888861240055615,95.67648574898206,9.435918100723935,192.91186730019467],[23.88885978596254,95.67647960026618,10.08247609005872,192.99594957582372],[23.888858381653055,95.67647366206306,10.70689796556406,192.97913310877698],[23.888857021137156,95.67646790904362,11.311847167789704,192.89505087785142],[23.8888557460724,95.67646251735925,11.878800785358965,192.97913310877698],[23.888854621460617,95.67645776187389,12.378855956118716,193.01276603541987],[23.888853704091822,95.67645388272739,12.78676117317982,192.76051924578564],[23.888853126262386,95.6764514393425,13.043691259684586,192.8614179586591],[23.888852382824798,95.67644829567406,13.374258502359403,193.01276603541987],[23.888851551335826,95.67644477967531,13.743977526189273,192.99594957582372],[23.888851061136624,95.6764427068399,13.961943100091826,192.97913310877698],[23.88885085464525,95.67644183367928,14.053758858435753,192.945500219387],[23.8888504346031,95.676440057507,14.240529314105729,192.82778502456563],[23.888850200345985,95.67643906693735,14.344691024751022,192.945500219387],[23.888847096427256,95.67642594183917,15.724839007939625,194.2090910642239],[23.88884633184423,95.67642270875604,16.064808520163496,194.24650700165677],[23.88884510843418,95.67641753549654,16.6087940745139,194.4296042954347],[23.888843634580564,95.67641130322208,17.264138604785767,194.58142389585328],[23.88884229429975,95.67640563576786,17.860090400284523,194.62623771426973],[23.888841107034203,95.67640061534748,18.388004425057485,194.4965517592978],[23.888839611545986,95.67639429158986,19.05296873552775,194.29363981702124],[23.888836734265183,95.67638212484313,20.332342953690148,194.29920674116892],[23.8888356953287,95.6763777316407,20.794302927949246,194.3390006108166],[23.888832788433273,95.67636543966682,22.08684523711592,194.38552823222946],[23.888829271460978,95.67635056794796,23.650656426137846,194.60929463780025],[23.888827259558717,95.67634206050397,24.545242754456396,194.75740103217998],[23.88882532942759,95.67633389883392,25.403469803432543,194.8049140262419],[23.888824032321924,95.6763284139483,25.980223976610525,194.8843704610603],[23.888822681947072,95.67632270381085,26.580664141804434,195.05848441159617],[23.88882085263654,95.67631496846647,27.394061639144844,195.24128173922813],[23.888817583659304,95.67630114540891,28.847602692910108,195.53484325574442],[23.88881509844041,95.67629063651843,29.9526479414158,195.5719165516095],[23.888813574154568,95.67628419098841,30.630417154429885,195.6213562437054],[23.888810928328706,95.67627300296216,31.806875852310256,195.6916799460989],[23.888808547350457,95.67626293485922,32.86557085613228,195.69464256281137],[23.888806132813276,95.6762527248504,33.93918776010582,195.70706338842186],[23.88880418755468,95.67624449921297,34.804141325661526,195.67504773633377],[23.88880215210871,95.67623589221307,35.709196455973604,195.66212828582465],[23.8888005318901,95.67622904102585,36.42962195835372,195.8385112897355],[23.8887985445352,95.67622063738177,37.313293558599895,196.20101848753765],[23.88879763653339,95.6762167978441,37.717033937239364,196.5040383914229],[23.888796570512373,95.67621229011316,38.19103710347447,196.61774582310701],[23.88879642740427,95.67621168497234,38.25466970878145,196.59180305857714],[23.888795069270966,95.67620594202785,38.858559764609716,196.73143714535345],[23.888794499476877,95.67620353262089,39.11191706481016,196.78452930376096],[23.88879443424537,95.67620325678573,39.14092206629421,196.8218970224135]]}