{"terrain":{"left":6,"bottom":9,"right":4},"data":[[23.917003086413377,95.68625485377811,0,206.07374744478494],[23.917003238665938,95.68625459977753,0.030873650994697893,206.04606609902078],[23.91700341925687,95.6862542985005,0.06749373208982211,206.0621237242571],[23.917003918264964,95.68625346601306,0.16868218848067118,205.9890136215132],[23.917007236064027,95.68624793098057,0.8414627755113966,205.9529420447741],[23.917011766762432,95.68624037248699,1.7601940819924966,205.92297567307986],[23.9170156406234,95.68623390978507,2.545732415339576,205.88079103490713],[23.917018872701203,95.68622851776003,3.201130472659595,206.0193956382704],[23.917020344896166,95.6862260617201,3.4996609435697357,206.13307188513],[23.917022804874122,95.6862219577772,3.9984932232852612,206.0414533137611],[23.917025269240455,95.68621784651323,4.4982153686069335,205.8063505002806],[23.91702792728939,95.6862134121316,5.037212302751564,205.64557420495908],[23.91703187149382,95.68620683207678,5.837014754592987,205.57142930925914],[23.917035367959034,95.68620099897834,6.546025010086564,205.46231134091045],[23.917038862425475,95.6861951692144,7.254629944676581,205.29967846089056],[23.91704373125524,95.68618704662154,8.241927083782056,205.10567892736793],[23.917050162168515,95.6861763180291,9.545982142005897,204.9667849902283],[23.91705562705944,95.68616720103668,10.654147984292756,204.91624164536518],[23.91706072530093,95.68615869571983,11.68796494122597,205.01649534356568],[23.91706710878124,95.68614804625906,12.982401465244994,205.208312565899],[23.917073276693642,95.68613775642687,14.233125276996903,205.21208510631078],[23.917078889304012,95.68612839299642,15.371245399011391,205.1907539991526],[23.91708417769935,95.68611957044885,16.443621453936608,205.2966909292693],[23.9170872642147,95.68611442126337,17.069502249169037,205.36203357360642],[23.91709527513645,95.6861010567674,18.69394967871903,205.37577361212635],[23.917101151694524,95.6860912529971,19.885592738161908,205.39717678453496],[23.91710731856612,95.68608096490128,21.136105266765426,205.37021907374594],[23.917113890045425,95.68607000180472,22.468663728934313,205.30959462031848],[23.917119543422725,95.68606057036342,23.61505028256819,205.32303582857327],[23.917124727463936,95.68605192190823,24.66626527202799,205.3577909078025],[23.917130833500675,95.68604173530224,25.90444160908262,205.30515875461958],[23.91713659473649,95.68603212392227,27.072699504714517,205.29926848104265],[23.91714188381398,95.68602330023668,28.14521355493243,205.31824498632648],[23.917147522457167,95.6860138933761,29.28861216558348,205.27257624060957],[23.91715320029986,95.68600442111958,30.439959579747914,205.20631596879093],[23.91715826729103,95.68599596793713,31.467439088750464,205.1533124599227],[23.91716337549909,95.68598744599319,32.50327648943141,205.09446827379463],[23.91716782121314,95.68598002927769,33.40477398507163,205.07589855078442],[23.91717257510143,95.6859720984399,34.368762722454385,205.0680068643809],[23.917177918294385,95.68596318447433,35.45225004371517,204.96116428715874],[23.917183218543876,95.68595434215067,36.527029303617525,204.89343225456975],[23.917188222624358,95.68594599392114,37.541751680498,204.8127506007748],[23.91719345539592,95.68593726416985,38.60284777458879,204.77933759270041],[23.917198845122915,95.68592827257226,39.69577110031132,204.7767798254381],[23.917203557646147,95.68592041074317,40.65137171316885,204.74315850439643],[23.91720890553247,95.68591148894771,41.73581057271613,204.69033920658393],[23.917214119635027,95.68590279034163,42.793120866538196,204.59935759143053],[23.917219118904534,95.68589445013819,43.8068675117133,204.5465024850314],[23.917224119386542,95.68588610791194,44.82086000010364,204.4860400782569],[23.917228586392355,95.68587865567572,45.726674721746974,204.44014909059416],[23.917232985884738,95.68587131607111,46.61879911920952,204.40116809250253],[23.917236811902114,95.68586493318591,47.39463484916622,204.38827751948213],[23.917241309221556,95.68585743037795,48.306596472736295,204.3735437368037],[23.917244888662125,95.685851458853,49.03243158752525,204.332797096611],[23.917246786829033,95.68584829217072,49.41733982746456,204.28138979292714],[23.91725004300791,95.68584285993822,50.077624263078505,204.1800374965432],[23.917253169028523,95.68583764484671,50.71151533752544,204.20203980285913],[23.917257403965,95.68583057976817,51.570271150786645,204.19318570919745],[23.917260816647115,95.68582488644375,52.26229110497688,204.16701216954408],[23.917264244369942,95.68581916802715,52.95736098562331,204.2162112196791],[23.917266836576985,95.68581484348852,53.48300588274424,204.18839005232968],[23.917270922174335,95.6858080275501,54.31147881058567,204.15771361082614],[23.917275165348006,95.68580094872956,55.17190487090727,204.24878358701818],[23.917278154047537,95.68579596272869,55.777950041730506,204.35883248877326],[23.917281524197538,95.68579034035994,56.46134530553494,204.3744069106957],[23.917285791922023,95.68578322058165,57.32674970361719,204.3954699231008],[23.917289893421838,95.6857763781134,58.158447231727195,204.4335559905341],[23.91729418614132,95.68576921663634,59.028920048828816,204.5988482086932],[23.917298859184942,95.68576142067047,59.97651454228467,204.57692171958314],[23.917304754133433,95.68575158621972,61.17188548970016,204.4604361436194],[23.91730968933115,95.68574335290624,62.17263923811878,204.42014820300597],[23.917314592474327,95.68573517306886,63.166892976592834,204.54635647989159],[23.91731850941699,95.68572863849442,63.96116608919511,204.6301387893517],[23.91732380387747,95.68571980582848,65.03477064898459,204.59169947698462],[23.91732862268368,95.68571176668914,66.01192256102756,204.62521156895775],[23.917332984692347,95.68570448961802,66.89644557745449,204.61025298778702],[23.91733602766641,95.6856994130718,67.51349628585328,204.60910679127335],[23.9173399339797,95.6856928962302,68.30561389611685,204.64315233117458],[23.917343202559632,95.6856874433092,68.96841267363133,204.7261828033159],[23.917345755565975,95.68568318416848,69.48610827638724,204.889725607095],[23.917347179378346,95.68568080884448,69.77482725991895,205.27720294755875],[23.91734746960271,95.6856803246677,69.83367861186342,205.2965447236483],[23.917348949047042,95.68567785653377,70.13367857542809,206.71654472364833],[23.917353880528335,95.68566962942035,71.1336784738885,206.71654472364833],[23.917358812009738,95.68566140230672,72.13367836868099,206.71654472364833]]}