{"terrain":{"left":1,"bottom":9,"right":3},"data":[[23.909482911043657,95.68691131654232,0,206.73054386154865],[23.90948504831982,95.68690699124313,0.500000087983701,206.73054386154865],[23.909487185596,95.6869026659439,1.0000001731883892,206.73054386154865],[23.909489322872208,95.68689834064463,1.5000002587927732,206.73054386154865],[23.909491460148445,95.68689401534529,2.0000003444442997,206.73054386154865],[23.90949359742471,95.68688969004589,2.500000430846911,206.73054386154865],[23.909495734700986,95.68688536474647,3.000000512706208,206.73054386154865],[23.90949787197729,95.686881039447,3.500000595319313,206.73054386154865],[23.909500009253634,95.68687671414744,4.00000068080192,205.73054386154865],[23.909502146529995,95.68687238884785,4.500000765624985,205.23054386154865],[23.909504283806395,95.68686806354818,5.000000851200925,204.73054386154865],[23.90950437303897,95.68686788296432,5.020876154326297,204.6538235585224],[23.90950564933145,95.68686530007544,5.319455385465344,204.7280416555849],[23.90950792712796,95.68686069039907,5.852329107511383,204.69768531944098],[23.909510345165632,95.68685579691055,6.418011205860195,204.6300726366737],[23.909510994914935,95.68685448198448,6.570015267433161,204.5891819623866],[23.90951145232993,95.68685355629377,6.6770241340726715,204.62085347738213],[23.909512782909598,95.68685086354154,6.988303439957392,204.58635515725888],[23.909514940457672,95.68684649721719,7.493045903290719,204.52277606546266],[23.909516786849487,95.68684276059338,7.924995647361332,204.45742105553728],[23.909519537686048,95.68683719360519,8.568533560849467,204.3804786436334],[23.909521619562245,95.68683298042133,9.055573127529199,204.2101726471437],[23.909523834689843,95.68682849757079,9.573785868488004,204.1555355999662],[23.909526049304496,95.6868240157583,10.091878603472503,204.14038701341843],[23.909528364083837,95.68681933123818,10.633404118888857,204.13008331478113],[23.909530510578264,95.68681498728358,11.135560615469217,204.06620189123996],[23.90953218141995,95.68681160592823,11.526441668562406,204.0521730762335],[23.909533394844846,95.68680915026724,11.8103134425592,204.01286356255866],[23.909534853991634,95.68680619732811,12.151670033108912,203.99294559676443],[23.90953736572094,95.68680111423173,12.739270505953508,204.00245102114286],[23.909539450094606,95.68679689599364,13.22689428370866,204.01092044156442],[23.9095415494816,95.68679264737241,13.71803031356375,203.96372358506025],[23.909544190303418,95.68678730302587,14.33583100000818,203.96555903401736],[23.909546824532452,95.68678197202144,14.952089342652854,203.93062256350663],[23.909548116943938,95.6867793565118,15.254439420601827,203.89625513990987],[23.90955006170767,95.68677542080844,15.709402460566398,203.85651500741352],[23.909551750931783,95.68677200225177,16.104583899216994,203.84038401107475],[23.90955329243155,95.68676888265131,16.46520632077162,203.82059503769185],[23.909555374818876,95.68676466843306,16.95236536353245,203.81935947598325],[23.909556945684447,95.68676148940375,17.319857688531833,203.7248233797984],[23.909559529370853,95.68675626068463,17.924291913114896,203.6649481466554],[23.909562266865986,95.68675072069608,18.564708535706092,203.65261776763253],[23.9095640455831,95.6867471210285,18.980826166951548,203.61367007509963],[23.90956647627246,95.68674220193621,19.54946784519893,203.59454358462898],[23.909568386207678,95.68673833671683,19.99628296447266,203.57810452627993],[23.909570473499823,95.68673411257248,20.484589409945617,203.56981198126658],[23.90957245119298,95.6867301102284,20.94725598214118,203.60398306882198],[23.909574274298986,95.68672642072909,21.373758039231042,203.59335435039677],[23.909576199432657,95.68672252475193,21.824128701758735,203.5654091045327],[23.90957824034666,95.68671839446505,22.30158530533947,203.64062058655767],[23.909580664030177,95.68671348955078,22.868587970566267,203.5664613947642],[23.909583201515467,95.68670835433089,23.46221370395857,203.55182441331627],[23.909585563364303,95.68670357455417,24.014750592052206,203.53798543455727],[23.909587838246686,95.68669897077524,24.54694232218101,203.5243177688748],[23.909590106095422,95.68669438123064,25.07748857437203,203.49769555701573],[23.909592390256787,95.68668975867345,25.611851036415295,203.48043455402166],[23.90959454484829,95.68668539833244,26.115901594373646,203.58202427634566],[23.909597192438437,95.68668004028854,26.735285485247307,203.62628037666892],[23.90959903851742,95.6866763042978,27.167161835040833,203.64705043080951],[23.909601938539808,95.68667043539574,27.845600341642328,203.56892085226798],[23.909604065297245,95.68666613138376,28.343139297880068,203.5302478396885],[23.909605993846228,95.6866622284949,28.794308866876275,203.62386400040631],[23.90960888621909,95.68665637507351,29.470957794051927,203.64694692386573],[23.909611313411865,95.68665146305739,30.038781324079018,203.6535127080506],[23.909613879582782,95.68664626978514,30.639117735791395,203.67584146582004],[23.909616648635968,95.68664066593118,31.286916919417006,203.67253829648962],[23.909619199250287,95.68663550414149,31.88361396421658,203.65854258074364],[23.9096213820889,95.68663108663557,32.39427264026164,203.755327731452],[23.90962443843338,95.68662490137767,33.109281429899724,203.80544488765543],[23.909627735584095,95.68661822878965,33.8806250142665,203.7183814266401],[23.909631339268763,95.68661093585547,34.723679891830244,203.6550785913236],[23.909634820544202,95.68660389064621,35.538098032549236,203.70121033812322],[23.909638161772993,95.68659712885545,36.319753303482976,203.7704166178701],[23.909642362567475,95.68658862752405,37.302497458892766,203.75822359822035],[23.90964539283123,95.68658249504684,38.01140477368847,203.81189758355262],[23.909647989958593,95.68657723912668,38.618983089389644,203.86920623450263],[23.909651209125446,95.686570724358,39.372082832564686,203.86882585400534],[23.90965432205734,95.68656442458166,40.10032969414669,203.83866565458348],[23.909657386686355,95.68655822255798,40.81727644981982,203.8590486860134],[23.909660011352305,95.68655291090677,41.43129716707973,203.91943727733894],[23.909663352067255,95.6865461501559,42.21283211049781,203.98694735054718],[23.909667118251736,95.68653852836376,43.09390240671204,203.90281467776876],[23.909670659963204,95.68653136084745,43.92245892653341,203.86274892959864],[23.90967393111719,95.68652474087014,44.68772056284688,203.86783767667205],[23.9096772143664,95.68651809641521,45.455811766980894,203.8812060268386],[23.909680249436352,95.68651195421148,46.165843308664456,203.94124797019853],[23.90968390248372,95.68650456137985,47.02044595008239,203.9829974492844],[23.909687206896546,95.68649787409518,47.79348817682628,204.00675979608954],[23.90969057336115,95.68649106123362,48.581046928421934,203.95961576539398],[23.90969380218933,95.6864845269129,49.33640667266357,203.95646506971005],[23.90969783863943,95.6864763581724,50.280703391655805,203.93940457477066],[23.909701073799596,95.68646981103737,51.0375444213418,203.97381341531846],[23.9097044011919,95.68646307724813,51.815962441813305,204.01181312352412],[23.909707551540993,95.68645670174897,52.552962541693795,204.06568939635443],[23.909710803479232,95.68645012065942,53.31372863175565,204.03681359268415],[23.909713765769034,95.68644412574406,54.006733671690746,204.02620769612307],[23.909716868471396,95.68643784666968,54.732587143464286,203.97616868559516],[23.909720181195144,95.68643114256582,55.50757349449133,204.03268556999924],[23.909723483094613,95.68642446036756,56.28002757367153,204.11970015217912],[23.909726365840086,95.68641862642954,56.95442377530438,204.11046910043777],[23.90972985129771,95.6864115727566,57.76981984856766,204.04417737580266],[23.90973353011983,95.68640412776347,58.63045204487396,203.99075621842155],[23.909737433621938,95.68639622807564,59.54364637694314,204.0140558776272],[23.909741270813335,95.6863884625837,60.4413278075895,204.00879276327723],[23.909745412673903,95.68638008051941,61.41028422633146,203.96722835245592],[23.909749782172845,