{"terrain":{"left":1,"bottom":1,"right":1},"data":[[23.905453157924487,95.68103792187313,0,202.7726217596014],[23.90545950079783,95.68102868920442,1.173612212739914,202.76737916302807],[23.90546071061027,95.6810269282048,1.3974619677497737,202.6540665057833],[23.90546179416414,95.68102535098683,1.597950286074324,202.6614267726273],[23.90546496758977,95.68102073175734,2.18512438671939,202.49255247761482],[23.905467318836536,95.68101730928913,2.620171981049868,202.2065348502685],[23.90547543121558,95.68100550093288,4.121193034367429,201.78788513297798],[23.905480337851692,95.68099835884706,5.029060360998545,201.63403831397034],[23.90548489168514,95.68099173029984,5.871649133369903,201.54224458096138],[23.905488992665507,95.68098576092427,6.630447182834003,201.44629787772772],[23.90549427313989,95.68097807468052,7.607485163453219,201.27198946949062],[23.90550379072588,95.68096422090898,9.368509263379346,200.9376534742654],[23.905506380890493,95.68096045067261,9.847763368463859,200.8473180232122],[23.905508116927713,95.68095792370168,10.168979617552138,200.750486241801],[23.90551800363747,95.6809435326346,11.998301988600645,200.4378070703322],[23.905530778014786,95.6809249382867,14.361924818508957,200.41679703737174],[23.90553677321456,95.68091621169066,15.471207100275937,200.43605034154677],[23.905543406223057,95.68090655670204,16.69850207722316,200.4410929663445],[23.905550115611305,95.68089679053527,17.93992943726371,200.37617729309557],[23.905556953701176,95.68088683703077,19.20517021100769,200.35267933293562],[23.90556340107509,95.68087745225134,20.398117398163084,200.3955688651614],[23.905569197517554,95.68086901496588,21.470623761572686,200.32787254882783],[23.905579697503455,95.68085373121576,23.413419069454374,200.2259724890996],[23.905580523423115,95.68085252900941,23.566237635761585,200.2259724890996],[23.905584018590215,95.68084744145395,24.21294269513168,200.21944461868787],[23.905587544038468,95.68084230982134,24.8652506115576,200.25911610026014],[23.90559283877619,95.6808346028159,25.84492724344776,200.22966398526518],[23.905593517721528,95.68083361454498,25.970551382003052,200.22403711543888],[23.905599892167224,95.68082433591965,27.15000456995923,200.07503218059412],[23.905600760217915,95.68082307238748,27.310618557969363,200.02592931340507],[23.905603833003084,95.68081859964998,27.879170920865455,200.03621134635137],[23.90560703234628,95.68081394269498,28.47114009641494,199.98266722292885],[23.90560981599404,95.68080989082507,28.986193827924655,199.8959239340508],[23.905612781775584,95.68080557384175,29.534947463901755,199.7888043700907],[23.905615956174923,95.68080095319495,30.12230129530209,199.7373078298604],[23.90562066045513,95.68079410565784,30.99272642060179,199.69910218191512],[23.905627569967283,95.68078404819127,32.271181902162134,199.7762457552402],[23.9056285601519,95.68078260688131,32.454394102208255,199.80064927638563],[23.90563123754116,95.68077870968098,32.949786948111,199.8583073509376],[23.90563453112238,95.68077391555336,33.55919274875366,199.8141744520708],[23.90563911726713,95.68076723997389,34.40775939182161,199.78511880244656],[23.905642713786378,95.68076200489052,35.07321728039329,199.78668069043493],[23.905646726712412,95.68075616368661,35.815722200549665,199.8482459073557],[23.905650816579314,95.68075021048779,36.57246334315823,199.8671638823505],[23.905654445752432,95.68074492787355,37.24396308411274,199.7938116066993],[23.90565927857701,95.6807378932276,38.1381723933795,200.8381076338767],[23.905659765712233,95.68073718415494,38.22830619302171,200.8807723748451],[23.90566517029082,95.68072931726545,39.22830614726215,201.6807723748451],[23.905670574869518,95.68072145037581,40.22830609291163,202.6807723748451],[23.905675979448365,95.68071358348595,41.22830604091468,203.6807723748451],[23.905679222195737,95.68070886335194,41.828306009123644,203.6807723748451],[23.905684626774807,95.68070099646175,42.828305956442925,203.58077237484508],[23.905690031354,95.6806931295714,43.82830589940956,203.48077237484506]]}