{"terrain":{"left":3,"bottom":10,"right":5},"data":[[23.89844385581149,95.67814474753212,0,205.69193838890467],[23.89844525710276,95.67813504637817,1.000000032681571,205.69193838890467],[23.898446658394043,95.67812534522417,2.000000057303272,205.69193838890467],[23.898448059685336,95.67811564407009,3.000000084457296,203.19193838890467],[23.898452263559303,95.67808654060724,6.000000158163392,203.19193838890467],[23.898453086399815,95.67808084407386,6.587201766013394,203.22396889861383],[23.898454010680748,95.67807444526744,7.246794040183373,203.17890165393882],[23.898455159729867,95.67806649038852,8.066787067288914,203.07368277641459],[23.898456269414744,95.67805880802868,8.858688676495666,202.9389038254395],[23.89845755776681,95.678049888754,9.778092100099725,202.7823532932625],[23.898458788730093,95.67804136678251,10.656541297036478,202.5727561748889],[23.898460138480047,95.67803202244966,11.619759915722298,202.38725895095044],[23.898461193653368,95.67802471747385,12.372760558883254,202.24078878511975],[23.898462016633108,95.67801901997663,12.960061482280574,202.12882699289062],[23.898462915251653,95.67801279883116,13.601340330290348,201.93525744953493],[23.89846371585399,95.67800725625293,14.172672119713921,201.8154345264472],[23.898464851185903,95.67799939633838,14.982876109653146,201.72781598612696],[23.89846619614591,95.67799008516636,15.942676448143544,201.64626546814387],[23.898467604426894,95.67798033562258,16.947664361260976,201.68766131265423],[23.89846849734874,95.67797415391541,17.584877861752826,201.81230804671574],[23.898469205390793,95.67796925213298,18.09015607166948,201.86440643456964],[23.898469927055615,95.67796425603996,18.6051558622326,201.76736657620668],[23.898470257459255,95.67796196865214,18.84094095238174,201.6696359491256],[23.898471167041333,95.67795567160604,19.49004363513055,201.4555629166911],[23.89847125231722,95.67795508124021,19.55089884241218,201.44277733921936],[23.898471527876517,95.67795317354035,19.747545504592875,201.46908442156504],[23.898475587232205,95.67792507057902,22.644412852912367,201.4559486798236],[23.89847662019909,95.6779179193386,23.381566288839668,200.2728283629581],[23.898476630011945,95.67791785140412,23.388569008672135,200.25601191081253],[23.8984766494437,95.67791771687786,23.402436042758826,200.22237899162022],[23.89847668351756,95.67791748098418,23.426752080098602,200.20556256927696],[23.898476696715765,95.67791738961287,23.436170680425075,200.20556256927696],[23.898476726806813,95.67791718129226,23.45764447463968,200.22237899162022],[23.89847676187624,95.67791693850626,23.48267097513807,200.22237899162022],[23.898476782861806,95.67791679322295,23.49764685146428,200.22237899162022],[23.898476818038674,95.67791654969312,23.522750028424003,200.23919545866696],[23.898476906568927,95.67791593679726,23.58592763740721,200.23919545866696],[23.898476938700927,95.67791571434711,23.608857911196445,200.23919545866696],[23.89847695243637,95.67791561925651,23.618659899125362,200.22237899162022],[23.89847699112166,95.6779153514378,23.64626678282253,200.22237899162022],[23.89847713596687,95.67791434867294,23.74963228468404,200.23919545866696],[23.898477759261976,95.67791003359449,24.194432725602333,200.28964480020252],[23.898478516347136,95.67790479228611,24.734709400771845,200.2728283629581],[23.8984793533264,95.67789899787002,25.332000694421563,200.30646126724926],[23.8984802671341,95.67789267156988,25.984118853840663,200.40735998012272],[23.898481197019617,95.67788623396285,26.647710580483302,200.34009417154041],[23.898482133054856,95.67787975378124,27.3156909102266,200.37372707583157],[23.898483090088803,95.67787312822534,27.998656488075675,200.30646126724926],[23.89848404263433,95.67786653374284,28.678419000645476,200.34009417154041],[23.898484936389412,95.67786034626718,29.31622704268688,200.34009417154041],[23.898485726647312,95.67785487530358,29.88017666471807,200.32327772684542],[23.898486481280457,95.67784965097053,30.41870348743594,200.34009417154041],[23.898487253720887,95.67784430335746,30.96993806850644,200.34009417154041],[23.898488118698083,95.67783831511142,31.58720940823695,200.32327772684542],[23.898489053876926,95.67783184085863,32.25457855750813,200.34009417154041],[23.898489998103308,95.67782530396963,32.92840427412105,200.40735998012272],[23.898490956366313,95.67781866990498,33.61224689903205,200.356910623686],[23.898491933306488,95.67781190653804,34.30941806104611,200.34009417154041],[23.898492937924495,95.67780495155722,35.02634087036848,200.356910623686],[23.898493950382377,95.67779794230086,35.74885842577063,200.32327772684542],[23.898494964394015,95.67779092228781,36.472484776840254,200.32327772684542],[23.898496015235864,95.67778364729887,37.2223941629392,200.34009417154041],[23.89849704045696,95.67777654968262,37.95401987891728,200.37372707583157],[23.898498059282062,95.67776949634592,38.68108123309335,200.356910623686],[23.898499042005387,95.6777626929422,39.38237936867344,199.45099293448177],[23.89849989369521,95.67775679668478,39.99016842293945,199.48099290587155],[23.898500719693526,95.6777510782899,40.579623315648156,199.6309928820297],[23.898501332825237,95.67774683357274,41.01717080050114,199.5709928796455],[23.89850217360031,95.67774101287824,41.61717078058355,207.5709928796455],[23.898503574892107,95.67773131172066,42.61717075014337,207.5709928796455],[23.89850497618392,95.677721610563,43.61717071694068,207.5709928796455],[23.898506377475748,95.67771190940519,44.61717068803637,207.5709928796455]]}