{"terrain":{"left":5,"bottom":10,"right":2},"data":[[23.902339615844127,95.67918851045674,0,207.57262441569083],[23.902349401212852,95.67916103885811,3.000000113128621,205.57262441569083],[23.90235592479234,95.67914272445807,5.000000183487734,205.57262441569083],[23.9023624483721,95.67912441005727,7.000000252294493,203.57262441569083],[23.902365710162083,95.67911525285658,8.000000284615178,202.7726244156908],[23.902368971952104,95.67910609565578,9.000000306838286,201.7726244156908],[23.90237008172535,95.67910298006085,9.340234733770671,201.82307375722638],[23.90237102316132,95.67910033705866,9.628860292216444,201.8903395658087],[23.90237608497685,95.67908612643782,11.180712312702044,202.04168763511888],[23.902378079813044,95.6790805261032,11.792289419079898,201.94078890734426],[23.902378544959213,95.6790792202445,11.934893984454842,201.70535857730619],[23.90237867821303,95.67907884614563,11.975746956699915,201.57082696014157],[23.902378901418754,95.67907821951437,12.044177391484688,201.55401052289716],[23.90237920404126,95.67907736992716,12.136955432058278,201.55401052289716],[23.90237994402352,95.67907529248929,12.363819274105154,201.58764345699063],[23.902380204403645,95.679074561494,12.443646641452526,201.6549092059683],[23.90238104900358,95.67907219035082,12.702584177756329,201.68854214006177],[23.902381496734407,95.67907093338422,12.839849544040145,201.83989022427312],[23.90238327718286,95.67906593492513,13.385699614555744,201.83989022427312],[23.902385274504354,95.67906032761324,13.998038636876107,201.82307375722638],[23.902387257952935,95.67905475924839,14.606124491760704,201.90715601795426],[23.90238910052956,95.67904958636967,15.171021804098894,201.99123827868215],[23.902390814900652,95.6790447734172,15.696613844659058,201.97442183398715],[23.902392550171154,95.67903990179141,16.22861322020307,202.07532053941003],[23.902394375760988,95.6790347766017,16.788302698342914,201.80625731998197],[23.9023960620822,95.6790300423969,17.305295186486212,201.7894408231329],[23.90239701430939,95.67902736909926,17.59722906958275,201.83989022427312],[23.90239785589855,95.67902500640857,17.855243534293244,201.94078890734426],[23.902397882888884,95.67902493063546,17.86351823446715,202.00805473082772],[23.90239790701569,95.6790248629015,17.870915031837267,202.0248711829733],[23.902397928679424,95.67902480208238,17.877556702890477,201.957605374391],[23.90239826465113,95.67902385887011,17.98055893073339,202.4079764760988],[23.90239860232678,95.67902291087417,18.08408355523409,202.86855469217295],[23.902398850716075,95.67902221354214,18.160234762093864,202.9334402631515],[23.902401479336135,95.67901483391269,18.96611727546041,202.83201539321303],[23.90240296522965,95.67901066239176,19.421662605244148,202.81761408373168],[23.902404878214025,95.67900529184924,20.008145467878496,202.79811503937614],[23.902406064758935,95.67900196072432,20.371916473045953,202.78624915781225],[23.902407178431805,95.67899883418153,20.713346361378132,202.75313330319693],[23.90240845751112,95.67899524327406,21.105486562989253,202.80458850762525],[23.902409794972623,95.67899148846354,21.515525577223592,202.87413787507302],[23.902409949584868,95.67899105440267,21.562926605826714,202.87848611502156],[23.90241165316289,95.67898627175084,22.085209633706047,203.00216461831303],[23.90241270842056,95.6789833092038,22.408730573736012,203.08726139186976],[23.90241335165629,95.67898150337366,22.60593381033747,203.1508494634],[23.902414106413794,95.67897938445553,22.837327395923747,203.30870192747076],[23.902415128717944,95.67897651442271,23.150745441695282,203.4826150742853],[23.902415782196556,95.67897467983654,23.35108893678417,203.6108413156702],[23.902415961541667,95.67897417634025,23.406072567666687,203.64468634216192],[23.90241693594216,95.67897144079292,23.70480430342375,203.77037255318814],[23.902417862539536,95.67896883944883,23.98888055664476,203.840643328942],[23.902418692837553,95.67896650845707,24.243433346783476,203.80147733230177],[23.90241975885443,95.67896351570445,24.570252831701584,203.9087014841357],[23.902421240054174,95.67895935736091,25.02435908564266,204.10022036276393],[23.902424020300753,95.67895155205278,25.876727141177167,204.28325391546883],[23.902424865133003,95.67894918025738,26.135735828280975,204.33124260208277],[23.90242679667938,95.67894375760359,26.72790934250035,204.393868588899],[23.90242743984666,95.67894195196561,26.925091576815127,204.3874163671148],[23.90242978279728,95.67893537432906,27.643393397660436,204.41450596855614],[23.90243139302361,95.67893085375424,28.137056594570474,204.51822545043436],[23.902434316801468,95.67892264549413,29.03342840933101,204.53149201636305],[23.902436055904005,95.6789177631102,29.566602459343986,204.5271052429639],[23.902437092763034,95.6789148522158,29.88448269322118,204.6200073659377],[23.90243960612499,95.67890779616377,30.655029172415063,204.7212617142201],[23.902441487203884,95.67890251519319,31.231730310872877,204.73106990195265],[23.902442502336775,95.67889966529309,31.542949733769433,204.75410476419037],[23.90244371859545,95.67889625074928,31.91583029334963,204.75168245751632],[23.902444044774644,95.67889533502866,32.015830304872956,208.75168245751632],[23.902453830149405,95.67886786341307,35.01583017846999,210.25168245751632],[23.902457091941113,95.67885870620755,36.01583013038118,210.25168245751632],[23.90246035373288,95.67884954900185,37.015830077493455,210.25168245751632]]}