{"terrain":{"left":1,"bottom":1,"right":1},"data":[[23.903696736985278,95.68029426198635,0,204.2820312991046],[23.9037060405576,95.68027742839881,2.0000001229795847,204.4820312991046],[23.903715344130372,95.68026059481046,4.000000236526438,204.68203129910458],[23.90371673966633,95.68025806977214,4.300000253027639,204.4820312991046],[23.903718135202297,95.6802555447338,4.600000269547487,203.4820312991046],[23.903722786988947,95.68024712793914,5.600000329215637,201.4820312991046],[23.903727438775633,95.68023871114443,6.600000368961106,199.7820312991046],[23.903729205634242,95.6802355142467,6.979824031387086,200.03775916255293],[23.90373130381937,95.68023171785734,7.4308733375955835,199.97095878244156],[23.90374823124838,95.68020108990626,11.069782308333748,200.3253616729318],[23.90375165457766,95.68019489584326,11.805699315496367,200.17960234700004],[23.903751877177214,95.68019449307872,11.853551795538591,200.17583232107384],[23.903752858420642,95.6801927176481,12.064490814905412,200.04539260233824],[23.903755049578784,95.68018875303632,12.535526575168907,199.8948531495831],[23.903758325239604,95.68018282615992,13.239699099825819,199.87284965348377],[23.903760926498126,95.68017811952558,13.798894586337678,199.82517346745314],[23.903764670165053,95.68017134585384,14.603674888035464,199.64102768432585],[23.903769380612022,95.68016282292108,15.6162849586404,199.64517857742257],[23.903775915949915,95.68015099808878,17.02119383719925,199.64563195367813],[23.90377645955192,95.68015001451262,17.138052563479988,199.6112417274119],[23.903779789114243,95.68014399010858,17.85381226779099,199.25622352832957],[23.903785423275295,95.68013379583695,19.06499408744752,199.27972213304625],[23.903788098880383,95.68012895468229,19.64017185374125,199.41356745908084],[23.903789635633967,95.6801261741293,19.970529455336607,199.36569316255608],[23.90379130168616,95.6801231596275,20.328682518173483,199.2878430661813],[23.90380518089973,95.68009804702038,23.312312115231176,199.0944888224627],[23.903805524388428,95.68009742552286,23.386152250825294,199.12812172675385],[23.90380673613195,95.68009523303272,23.64664205890509,199.14493817889942],[23.903808579018925,95.6800918985717,24.042809448965393,199.07767235541596],[23.903811051809356,95.68008742438343,24.574387856465474,199.17857108319058],[23.903813529947236,95.68008294051965,25.107115802524575,199.04403946602596],[23.903816421709276,95.6800777082575,25.728760965120667,199.11130528205885],[23.903819656307927,95.68007185567768,26.424106070260084,199.19538753533615],[23.90382416257748,95.68006370217704,27.39282359470195,199.19538753533615],[23.903825347510647,95.68006155819668,27.647549926370772,199.161754631045],[23.903828538971965,95.6800557836682,28.333621715758003,199.04403946602596],[23.90383197337722,95.68004956956469,29.071919405989572,198.9935901244904],[23.903835260145865,95.68004362259015,29.77847948661295,199.14493817889942],[23.90384221622044,95.68003103649028,31.273834044992107,198.9935901244904],[23.903847000160955,95.68002238058064,32.30224265870115,199.161754631045],[23.90385302378193,95.68001148163263,33.59714661726548,199.11130528205885],[23.90385813487565,95.6800022337824,34.6958836240906,199.07767235541596],[23.903863541050598,95.67999245202158,35.85805450926729,199.11130528205885],[23.903866329853283,95.6799874060508,36.45756622232518,199.06085591817154],[23.903869167318753,95.67998227203111,37.067539015612944,199.0944888224627],[23.90387170483813,95.67997768072435,37.61303208744926,199.0944888224627],[23.90387635662833,95.67996926392328,38.613032046811156,199.3944888224627],[23.903885660209067,95.67995243032053,40.61303195908097,200.3944888224627],[23.903890311999586,95.67994401351886,41.61303191022316,203.3944888224627],[23.903894963790215,95.679935596717,42.613031859097106,203.8944888224627],[23.90389961558096,95.67992717991496,43.613031803230605,203.99448882246273],[23.903906128088202,95.67991539639169,45.01303172895907,203.99448882246273]]}