{"terrain":{"left":4,"bottom":1,"right":8},"data":[[23.890665505067485,95.67380628310823,0,200.61466781943506],[23.890670854242035,95.67379837330259,0.9999298303605371,200.61466781943506],[23.890676203416717,95.67379046349674,1.9998596598935758,200.61466781943506],[23.89068155259155,95.67378255369067,2.9997894917760664,200.61466781943506],[23.890682090737016,95.67378175793687,3.100385884247854,195.61466781943506],[23.890684489933825,95.67377821025295,3.5488715843179386,194.96656240416007],[23.8906856244232,95.6737765326875,3.760943494464688,194.96656240416007],[23.8906872439278,95.67377413793172,4.06368007681552,194.79656238747077],[23.890689864932607,95.67377026226109,4.553628686350172,194.61656238031821],[23.890693007844163,95.6737656148488,5.141138148054927,194.49656237554984],[23.890696166045625,95.67376094482736,5.731505767096116,194.47656239462333],[23.890699865336924,95.67375547469831,6.423020156228395,194.53656233740287],[23.890702458121662,95.67375164075659,6.90769351419665,194.53656233740287],[23.89070556635716,95.67374704461967,7.488720888404188,194.61656238031821],[23.890708627678343,95.67374251785478,8.06097848726877,194.70656235409217],[23.89071165747338,95.67373803770748,8.627342845409276,194.70656235409217],[23.890714804687285,95.67373338393331,9.215656489800551,194.9465623636289],[23.890717953590865,95.67372872766063,9.804285976620143,194.9465623636289],[23.890721102739587,95.67372407102545,10.392961280703163,195.0865623493238],[23.89072418951502,95.67371950662144,10.96997703807608,195.1765623827024],[23.89072684494179,95.6737155800512,11.466360107813712,195.1765623827024],[23.890726877687054,95.67371553163088,11.472481233058643,195.13206882667976],[23.890732179152153,95.67370769237303,12.463492359205423,196.69766736956535],[23.890735857464446,95.67370225326555,13.151084988446895,196.75901716039644],[23.89073970206709,95.6736965682651,13.869762517126693,196.8607864612042],[23.890742979944758,95.67369172127889,14.482501258356045,196.92407027558306],[23.890745656889294,95.67368776289038,14.982906633069696,197.04381655737427],[23.89074858326537,95.67368343566835,15.529938621242765,197.2784540839834],[23.890750426756536,95.67368070970443,15.87454526049189,197.53437603271226],[23.890750846058342,95.67368008968431,15.952925992929856,197.76462292011297],[23.890753134738237,95.67367670542137,16.380752441645484,197.75591840568097],[23.890755555644425,95.67367312563589,16.833296148847154,197.7485872045121],[23.890759312056506,95.67366757104251,17.535488012519068,197.87262456295724],[23.890763522163414,95.67366134557219,18.322489729526932,198.02441781075748],[23.890766625193567,95.67365675713239,18.902543884315268,198.01042090822543],[23.89076968251793,95.67365223627758,19.47405417843124,197.91425887220785],[23.890772982920044,95.67364735598454,20.091003357938593,197.93085479280626],[23.890777666805324,95.67364042993981,20.96656912841817,197.89194500132393],[23.890782486233434,95.67363330346836,21.867472103904902,197.87267472883886],[23.89078815898481,95.67362491519079,22.927888060247522,197.72526834125665],[23.890793757710718,95.67361663637442,23.974466295265913,197.8211967579255],[23.89079908762535,95.67360875504835,24.97079520665161,197.88793068949317],[23.890804195855374,95.67360120152651,25.925684259926125,197.84522288346614],[23.89080969256501,95.67359307356125,26.953192357773972,197.85060170453582],[23.890815574842826,95.67358437545768,28.052775255868077,197.8016501793007],[23.8908210910397,95.6735762186767,29.083926075603983,197.8439398652119],[23.89082662086037,95.67356804175026,30.117623584275176,197.93400871564887],[23.890831938635145,95.67356017837535,31.11168301100353,197.94298237861088],[23.890837480169598,95.67355198412778,32.1475701381016,197.96521988703762],[23.890843177398718,95.67354355965507,33.21256146337911,198.00330742042118],[23.890849147691604,95.67353473140392,34.328596966031036,198.00762034227554],[23.890855070565458,95.67352597327113,35.435768327469205,197.9609569609805],[23.89086037587267,95.67351812833195,36.4274970370144,197.965320169948],[23.89086551426159,95.67351053021426,37.388023447330184,197.92003735327933],[23.89087092956035,95.67350252263098,38.40031298208602,197.9906859789952],[23.89087709423131,95.67349340695364,39.552683701229675,198.08269042867443],[23.890882506745786,95.67348540348748,40.564452708165234,198.0986972750698],[23.89088770048832,95.6734777235186,41.5353263413122,198.18271067756132],[23.890893211879558,95.6734695738437,42.565578467472776,198.23388054706615],[23.8908985893285,95.67346162222881,43.57079254438324,198.19270697367256],[23.890904362128634,95.67345308600949,44.64991014566244,198.19641972314423],[23.890910455273882,95.67344407609698,45.788910272855304,198.1662126962005],[23.89091589900772,95.67343602646685,46.80651499236431,198.19636012970238],[23.890920492523616,95.673429234051,47.66518727205827,198.24677254316876],[23.890925294792584,95.67342213295271,48.56288203096054,198.30083874721083],[23.890930218782625,95.67341485186591,49.48333025221878,198.3719905951677],[23.89093521921671,95.67340745774156,50.418068243988195,198.38508659513016],[23.89093988295017,95.67340056149524,51.289866305928896,198.38038078922983],[23.890944056425145,95.67339439019244,52.070019662199485,198.36358217053504],[23.890946710003803,95.67339046635499,52.56605672249654,198.32455983764055],[23.890947963455364,95.67338861288056,52.800366122386514,198.2629699638315],[23.890950308957276,95.6733851445951,53.23881397072877,198.2154427003566],[23.890954281059226,95.67337927106188,53.98132435753545,198.27165388316195],[23.890957893482415,95.67337392938438,54.656599490628956,198.30660270698618],[23.890962463750153,95.67336717134549,55.510925783373345,198.2138796757196],[23.890967608082367,95.6733595644395,56.472562693591044,198.15794137922026],[23.89097169203315,95.67335352551578,57.23598106815876,198.2333840746074],[23.890975261213477,95.67334824778135,57.90317270072075,198.18297411212677],[23.890981057791084,95.67333967640238,58.9867346444891,198.1400649002813],[23.890985449370376,95.67333318258947,59.80765837138959,198.12905081338548],[23.890989884784847,95.67332662395765,60.63677624674432,198.05401658883102],[23.890994814508563,95.67331933439249,61.55829597907572,197.99181034134287],[23.89099958744048,95.67331227667479,62.45050639534111,197.9771733903554],[23.89100472327056,95.67330468234087,63.410553813774925,198.03156346746198],[23.891010895566694,95.67329555538821,64.56434915537011,198.00582517720386],[23.891018614960874,95.67328414074711,66.00734549512254,198.01579429967725],[23.89102328444642,95.67327723599522,66.88021844048284,198.03511873786147],[23.891030122124125,95.67326712514516,68.1583943049002,198.08733944772675],[23.891032989068407,95.6732628858047,68.69431586427639,198.38789909181574],[23.89103396618271,95.6732614409492,68.87696908793829,198.64804002082812],[23.891039302064943,95.67325355079886,69.87441234848414,198.64804002082812],[23.891044651248365,95.6732456409801,70.87434198855203,198.64804002082812],[23.891050000431925,95.67323773116112,71.87427163097144,198.64804002082812],[23.891055349615616,95.67322982134195,72.87420127115311,198.64804002082812],[23.89105641948996,95.67322823932251,73.07419422534251,198.64804002082812],[23.891061769049703,95.67322032894728,74.07419412882457,198.64804002082812],[23.891067118609563,95.67321241857186,75.07419402865541,198.64804002082812]]}