{"terrain":{"left":5,"bottom":1,"right":6},"data":[[23.889808712051416,95.67474424852202,0,201.2739230227918],[23.889791091568288,95.67473995352081,2.0000000021888624,201.2739230227918],[23.88977347108525,95.67473565851964,4.000000002490452,199.2739230227918],[23.8897638883758,95.67473332272962,5.0876784119869,197.44208754424756],[23.88975863820634,95.6747320429983,5.683595047623733,197.4757204187364],[23.8897508344647,95.67473014083254,6.569353023868047,197.5093533379287],[23.889742049225102,95.67472799942618,7.566515208720958,197.5093533379287],[23.889729908819767,95.67472504019656,8.94450302472002,197.4757204187364],[23.88972379761096,95.67472355058649,9.638151306341634,197.5093533379287],[23.889717940739143,95.67472212297119,10.302931254956206,197.5093533379287],[23.889713210678842,95.67472097001672,10.839813288008443,197.52616979007428],[23.889706440753574,95.6747193198442,11.608228702172198,197.5429862273187],[23.889700623260804,95.67471790182755,12.26853896408295,197.5766191539616],[23.889694780557303,95.67471647766577,12.931710752257409,197.5093533379287],[23.889689896618535,95.67471528720336,13.48605865168453,197.49253688578312],[23.88968663551036,95.67471449230668,13.856208351001186,197.42527107720082],[23.8896848941984,95.67471406786106,14.05385469206061,197.4757204187364],[23.88968458059156,95.67471399141924,14.089450407124659,197.5093533379287],[23.88968444599475,95.6747139586112,14.104727719988055,197.5093533379287],[23.889678472694563,95.67471250261643,14.782722791953915,198.63718607962358],[23.889674931774397,95.67471163951544,15.184632349117813,198.71565766060488],[23.889672710726014,95.67471109813383,15.436730822244577,198.76761083283958],[23.88966931413672,95.67471027021357,15.822258208264557,198.78456242915385],[23.889666815123878,95.67470966107798,16.105906836330576,198.75054054745263],[23.8896639589271,95.67470896487866,16.430097364983204,198.69381936465894],[23.88965817326138,95.67470755461987,17.086795126802905,198.73865207645227],[23.889648789754624,95.6747052673856,18.151863211121515,198.6889482404006],[23.889640507022445,95.67470324846566,19.091988682845354,198.72461905062485],[23.88963716765728,95.67470243449381,19.471020889173978,198.7946640264813],[23.88962979300376,95.67470063691849,20.308075556988832,198.82187898930988],[23.889624993555344,95.67469946705063,20.852833448491268,198.8768173278818],[23.88961029431638,95.6746958841041,22.521259850266127,199.02747193524442],[23.88960621383805,95.67469488948555,22.984411569687488,199.01094947101214],[23.889593984900763,95.67469190867624,24.37244818663855,198.84846606283025],[23.8895856275904,95.67468987157783,25.321038613225497,198.85459486234396],[23.88957419567278,95.67468708504244,26.61861009975545,199.1111898306717],[23.889570197167526,95.67468611040486,27.07245752886429,199.21911009220167],[23.88956667195876,95.67468525113354,27.472583783195958,199.21822253450233],[23.889548981158192,95.67468093899244,29.48056523384397,199.4657802418297],[23.889540039267043,95.67467875940218,30.49550808743374,199.43984446334372],[23.88953152830342,95.67467668485072,31.46153882802178,199.52775194874357],[23.889521956975468,95.67467435183497,32.547925453085156,199.51623261623868],[23.889514270573386,95.67467247827076,33.4203649390178,199.42036058140565],[23.889501890489708,95.67466946061944,34.825557347832095,199.5359353079059],[23.889490831124967,95.674666764894,36.080842517394316,199.71092214114006],[23.889482351369942,95.67466469794965,37.04333096006924,199.81251889395585],[23.889472294525003,95.67466224658888,38.184825852062964,199.90325702610255],[23.88946273884153,95.67465991738646,39.26943677770032,200.03567076152635],[23.88945147389979,95.67465717155152,40.548055826945635,200.10711618680497],[23.889444097358098,95.67465537351595,41.385324847597076,200.22715291131695],[23.88943375829111,95.67465285336343,42.558853160011935,200.39232912973753],[23.889422307819668,95.67465006230552,43.85853063317292,200.4719320706813],[23.8894124096996,95.67464764963401,44.982009590165845,200.6249974238141],[23.889402344977555,95.6746451963532,46.1243985866669,200.8725178661724],[23.889394603679868,95.67464330940818,47.00306898261137,201.00383847689776],[23.889386163214464,95.6746412520407,47.96109790797845,201.04812391135067],[23.889377003021607,95.67463901923931,49.000818980311024,201.09711510982999],[23.889367647742723,95.6746367388856,50.062683152949276,201.15261299571168],[23.889359598246187,95.67463477681696,50.97633544536855,201.05446653822594],[23.889345997253383,95.67463146156845,52.52010631670946,200.88136840380196],[23.889333965032076,95.67462852870875,53.88581491672179,200.9134483514082],[23.889325114305976,95.67462637134003,54.89041020069837,201.07106290663575],[23.889313860068913,95.67462362811436,56.167814266499406,201.37615533075498],[23.889301573913325,95.67462063335805,57.562345504010835,201.5340587713864],[23.889299486694203,95.67462012459738,57.79925380735796,201.6098605278072],[23.889294852666403,95.67461899505089,58.32523579519112,201.72077427655918],[23.889279509123266,95.6746152550549,60.066793612666594,201.97612682845053],[23.889272012361577,95.67461342771566,60.917708153558756,201.9444498917365],[23.8892600832441,95.67461051998755,62.271714051951946,202.22355843728133],[23.889258818842613,95.67461021178909,62.41522903325441,202.16229810234734],[23.889257753324056,95.67460995206844,62.536169950839174,202.2015225788685]]}