{"terrain":{"left":5,"bottom":10,"right":6},"data":[[23.895531151189896,95.67589758359911,0,200.3481580041414],[23.89553168211542,95.6758968156438,0.09784522671319594,200.3308962786013],[23.89553509002725,95.67589188628202,0.7258954647847118,200.22591938324842],[23.89553915380327,95.67588600824783,1.4748160877353098,200.10993220257086],[23.89554222041888,95.67588157255275,2.0399682047992664,199.92160359315704],[23.895546941721957,95.67587474344091,2.9100656473009034,199.77749565673992],[23.895549913341615,95.67587044515238,3.457710768596956,199.5980563816388],[23.895553644919463,95.67586504762505,4.145409942287377,199.21807393130672],[23.89555892075462,95.6758574164123,5.117703042120963,199.0061185587728],[23.895565712200735,95.67584759294954,6.369310760757052,198.70683259053322],[23.89557216326944,95.67583826182448,7.558189677854633,198.4341523418259],[23.8955768919646,95.6758314220204,8.429649292025129,198.23241677425068],[23.895583755013735,95.67582149498772,9.69445274601864,198.17820249348762],[23.895588800501365,95.67581419696032,10.624294552501327,198.12552075312732],[23.895596490157807,95.67580307428446,12.041434846029427,197.9285525304797],[23.895602760787554,95.67579400415468,13.19706017435175,197.83439888968564],[23.895609213306525,95.67578467093186,14.386206152129253,197.81015104724196],[23.895615571434917,95.67577547423997,15.557956688169233,197.7165544689007],[23.895622014035172,95.67576615536404,16.745274654156905,197.70777423130198],[23.8956268126139,95.67575921447714,17.629613018630586,197.76610606741502],[23.895633827262575,95.67574906816384,18.922354707493415,197.75006774057272],[23.895639648739962,95.67574064770886,19.99520476734334,197.65324514567618],[23.89564541246618,95.67573231078785,21.057411738820512,197.50644933956318],[23.895649874023352,95.67572585738455,21.87963972720479,197.40712372980062],[23.89565587648677,95.67571717514298,22.985843928213715,197.54572079288158],[23.89566093958406,95.67570985164414,23.91893072258836,197.6417398345401],[23.895663418084055,95.67570626662678,24.37569768387402,197.65021551078655],[23.89566858122563,95.67569879841925,25.327221772643636,197.30395012105532],[23.895675301447458,95.6756890779786,26.565702780221805,197.04798911165273],[23.895681012474643,95.67568081728392,27.618197573174296,196.91699385328485],[23.89568541104721,95.67567445498449,28.428817878370953,196.79887422332519],[23.89568957537632,95.67566843150564,29.19626905138348,196.74293007753892],[23.89569412375338,95.67566185252204,30.03449704400549,196.73421375957275],[23.8956988855756,95.67565496480145,30.912061180486965,196.63313343804379],[23.89570248144904,95.67564976356329,31.57475066418307,196.61184857025364],[23.895706560248236,95.67564386379888,32.32643932259035,196.57509378734443],[23.895709396031254,95.67563976199077,32.84905046168034,196.48126073232766],[23.895713859935356,95.67563330519276,33.67171071393479,196.52514856738446],[23.895717258845117,95.67562838885198,34.29810138932198,196.3478002425942],[23.89572137503479,95.67562243500427,35.056680745458706,196.22731294518695],[23.895725466670502,95.67561651667253,35.810734998404165,196.35192676035382],[23.89572710697848,95.67561414405498,36.1130300389401,196.51104877552876],[23.895729805300366,95.67561024107701,36.61030819018414,196.58769610744469],[23.895731970646512,95.67560710901988,37.009363366378174,196.54429386127794],[23.895733213643787,95.67560531109095,37.238437361407314,196.33161911029777],[23.895737134386394,95.67559963994694,37.96099740194771,196.18351524105418],[23.89574153333286,95.67559327710669,38.77168639254566,196.11178088527407],[23.895746389587718,95.67558625279435,39.666653471040725,196.10281691562477],[23.895750211850117,95.67558072409668,40.37106438846111,196.0865205294549],[23.895753769626854,95.67557557796334,41.026732803037596,196.0867188956367],[23.895755508432273,95.6755730628745,41.3471800560911,196.02385723049997],[23.895758893150294,95.67556816706133,41.970955184836306,195.9580376190067],[23.89576040187633,95.67556598476997,42.249000732006756,195.9054443375532],[23.895763251512307,95.6755618629243,42.774164717942504,195.99185537284563],[23.895764409804645,95.67556018751651,42.98762826970317,196.11212673144433],[23.89576572772144,95.67555828122052,43.23050926700032,196.301362002426],[23.895768280746562,95.67555458840653,43.701010351656684,196.2880097385995],[23.89577065332843,95.67555115659404,44.13825725543744,196.27251666981948],[23.89577102347163,95.67555062120175,44.20647153507499,196.20834687641343],[23.89577396548139,95.67554636574233,44.74865920689361,194.8914407512197],[23.895774315558455,95.67554585937462,44.81317546775536,194.90825721826644],[23.89577570623127,95.67554384784094,45.06946477667018,194.9250736778626],[23.895778259408008,95.67554015480765,45.539993778701486,194.8914407512197],[23.895781557254317,95.67553538464975,46.147759113098196,194.90825721826644],[23.89578525597811,95.67553003464404,46.82940278559118,194.9418901225576],[23.895789192168504,95.67552434115564,47.55480954035872,194.9250736778626],[23.89579307398139,95.67551872632137,48.27019496495735,194.90825721826644],[23.895796967835494,95.67551309407014,48.987799469563576,194.8914407512197],[23.895800924365034,95.67550737116224,49.716954515654955,194.97552302684875],[23.895804700683332,95.67550190892027,50.41289813489813,194.9250736778626],[23.895808269128185,95.67549674735606,51.07053242074988,194.9250736778626],[23.895811451747345,95.67549214386804,51.6570622761047,194.8914407512197],[23.895814588146152,95.6754876072353,52.23507410195445,194.97552302684875],[23.895817711158163,95.67548308996584,52.810618844472366,194.9250736778626],[23.895820901727813,95.67547847497787,53.39861387969425,194.9418901225576],[23.895823991198387,95.67547400622428,53.96797720152092,194.9418901225576],[23.895825668143615,95.6754715806129,54.27702403336487,194.65601042118163],[23.895825813489456,95.67547137037793,54.30381004433438,194.63919398393722],[23.8958259408366,95.67547118617712,54.327279045473304,194.60556104984374],[23.89582610982135,95.67547094174974,54.358421507537415,194.57192820515723],[23.895826316160385,95.67547064329139,54.396448045860076,194.58874461259933],[23.8958268296413,95.67546990056877,54.49107823913334,194.6223775466928],[23.89582702831092,95.6754696132038,54.527691371225885,194.63919398393722],[23.895827317876055,95.67546919436336,54.58105577741219,194.63919398393722],[23.895827469967617,95.67546897437107,54.6090849666357,194.67282688822837],[23.89583289615219,95.67546112568596,55.609084895982456,201.67282688822837],[23.895838322336882,95.67545327700066,56.60908482133041,201.67282688822837],[23.895843748521717,95.67544542831516,57.60908474656039,201.67282688822837]]}