{"terrain":{"left":5,"bottom":9,"right":5},"data":[[23.90128914835872,95.6788958569571,0,203.3378698758519],[23.901292641868142,95.67888680151037,1.0000000807957026,203.3378698758519],[23.90129613537764,95.67887774606343,2.0000001610368785,203.3378698758519],[23.90129962888721,95.6788686906163,3.000000241782569,203.3378698758519],[23.901303122396865,95.67885963516895,4.0000003216206705,203.3378698758519],[23.901308362661464,95.67884605199762,5.500000432834989,199.3378698758519],[23.901315349681177,95.6788279411019,7.500000571529162,199.0378698758519],[23.901318843191156,95.67881888565371,8.500000642163558,199.0378698758519],[23.90131989124417,95.6788161690192,8.800000665642749,198.73786987585189],[23.901320939297207,95.67881345238463,9.100000692313834,197.73786987585189],[23.901321613557233,95.67881170465047,9.293004307263491,197.85786988062026],[23.90132357777525,95.67880661324537,9.85525204710222,198.14786990207793],[23.901324888407363,95.67880321598554,10.230414032599443,198.02786989730956],[23.901326218367192,95.67879976862675,10.611108480358045,197.9978699259198],[23.90132828213044,95.67879441919271,11.201850533040467,197.9978699259198],[23.901330033558796,95.6787898793549,11.703188257640543,197.97786988538863],[23.90133187236198,95.67878511303476,12.229536587370285,197.97786988538863],[23.901333929409073,95.67877978100952,12.818356152831521,197.73786987585189],[23.90133621542561,95.67877385547777,13.472717080651043,197.50786991638304],[23.901338481975486,95.67876798040511,14.12150576472858,197.2478699259198],[23.901340956495872,95.6787615662568,14.82982496323915,197.2478699259198],[23.90134334249203,95.67875538157014,15.512804531501597,197.0378698877728],[23.90134581927381,95.6787489615601,16.22177102413368,198.43243956786753],[23.901348226449894,95.67874272197344,16.910813218488027,198.4492559902108],[23.901350620292725,95.6787365169476,17.596038824933594,198.3819902114308],[23.901353105438567,95.67873007525728,18.30739945333106,198.4828889094031],[23.901355660667715,95.6787234519056,19.038821068101417,198.60060407442214],[23.901360919385723,95.67870982090162,20.54410286137062,198.550154725436],[23.901361985085032,95.67870705852656,20.849153964420832,198.65105343085887],[23.901366183477474,95.67869617596847,22.050922809548894,198.46607245725752],[23.901368860084382,95.67868923799625,22.81708813822113,198.46607245725752],[23.901371555683795,95.678682250794,23.588689961307498,198.43243956786753],[23.901373792226828,95.6786764535014,24.228889186579522,198.5165217987931],[23.901375647915348,95.67867164341317,24.76007070987646,198.4828889094031],[23.901376810147426,95.67866863081768,25.092753804245927,198.49970536154868],[23.901377368507713,95.67866718350461,25.252581632204354,198.6174205265677],[23.90137756582065,95.67866667205422,25.309061467209506,198.6342369787133],[23.901378059369183,95.67866539273822,25.4503372557936,198.6342369787133],[23.9013785172535,95.67866420586665,25.581404339878475,198.46607245725752],[23.901378566418114,95.67866407842817,25.595477463452504,198.5165217987931],[23.901384016875326,95.67864995042132,27.155643414906038,199.06168482651546],[23.901384219174098,95.67864942604726,27.21355041790227,199.3437405818744],[23.9013848238911,95.678647858574,27.38664761348633,199.40852432190806],[23.90138699930441,95.67864221973437,28.009348707725767,199.56367919611742],[23.90138861195556,95.6786380396178,28.470961965545314,199.57725662322335],[23.90139117443744,95.67863139746649,29.204459465890924,199.5536499408913],[23.901394057375757,95.67862392466729,30.0296859933675,199.72211046537646],[23.901397017345058,95.67861625219783,30.87696223241159,199.8712007057753],[23.901400759466814,95.67860655232869,31.948125630769457,200.12381171822713],[23.90140247269331,95.67860211151304,32.43852802941721,200.3672016617501],[23.901404551124955,95.67859672405739,33.03346854364018,200.44173510959112],[23.90140684936347,95.67859076684532,33.69132764971623,200.45617076216163],[23.90141126560519,95.67857931960506,34.95545438908691,200.7427250905666],[23.90141306740241,95.67857464920725,35.471209672761326,200.82089767455503],[23.90141697545389,95.67856451923541,36.58986949827737,200.89932998129981],[23.901419764474443,95.67855728987834,37.388212402720924,200.9594420916125],[23.901422839214508,95.67854931991417,38.26834104593236,201.0509504277977],[23.90142649937872,95.67853983248531,39.31604433730538,201.08494282973103],[23.901427815934586,95.67853641987064,39.69290171499809,201.13775245493642],[23.90142977964985,95.67853132976873,40.25500515495351,201.22005408001925],[23.901433023183827,95.67852292227768,41.18345013052705,201.27029733522622],[23.901434182586215,95.67851991701698,41.51532311703031,201.3553612940464],[23.90143665733545,95.67851350227548,42.223707381605884,201.5065277635844],[23.901439120009673,95.67850711883332,42.928635226613615,201.66863551197392],[23.901443569905418,95.67849558435923,44.20239499219519,201.9873719639614],[23.90144659872677,95.67848773341991,45.06937950358029,202.13084384593796],[23.90144724263281,95.67848606436564,45.253694287580956,202.21461814542252],[23.901447799211336,95.67848462167103,45.41301202087434,202.3874089086028],[23.90144897828024,95.6784815654332,45.75051441436418,202.581976137819],[23.90145025132744,95.67847826559635,46.11491760740547,202.63906877033216],[23.90145154410906,95.67847491460635,46.48496967346119,202.83868211543134],[23.901452637096313,95.67847208149882,46.79783162892807,203.0402042176464],[23.901453004991122,95.67847112788701,46.90313961742668,203.11096425999196],[23.901453845710602,95.67846894867708,47.143791224993656,203.22120296046157],[23.901454428211295,95.6784674387902,47.3105290393125,203.54198054672796],[23.901455528329635,95.67846458719833,47.62543222667675,203.7301998397326],[23.901457200542204,95.67846025269397,48.10409442512945,203.85239736528845],[23.901458949960613,95.67845571806609,48.604856390533364,203.8880761319647],[23.90146079986712,95.67845092296528,49.134382548343815,204.01161984497494],[23.901466265427977,95.67843675580862,50.69887100261071,204.04968087771985],[23.901470839681913,95.67842489898847,52.008227428322655,204.25709821587262],[23.901472542125735,95.67842048612235,52.495543118392824,204.23981857427876],[23.901479754368665,95.67840179143062,54.560010086655005,204.28564886099238],[23.901481022895318,95.67839850331137,54.9231192243023,204.3144880283679],[23.901486393943895,95.67838458113786,56.46055382471409,204.30282515542567]]}