{"terrain":{"left":6,"bottom":9,"right":4},"data":[[23.917563391309272,95.68663950057544,0,206.59067908551413],[23.917565211456033,95.68663821634144,0.24028596041582764,206.8377170633708],[23.9175675096089,95.68663659484247,0.5436757099704225,206.95971441660623],[23.917568405268533,95.68663596289532,0.6619158634881915,206.51424975718123],[23.91757620032454,95.68663046296739,1.6909771074763167,206.40227489815834],[23.917585434015095,95.68662394798756,2.9099591016309483,206.2970150239821],[23.917593692872185,95.68661812081726,4.000248822680333,206.29144733073394],[23.91760212106002,95.68661217417292,5.112892653296052,206.37909484713458],[23.917612125409285,95.68660511544236,6.433612775090066,206.54491753565765],[23.91762248134182,95.68659780864654,7.800746989695375,206.5539065427613],[23.917631399456123,95.68659151632664,8.978068191414481,206.5392996916375],[23.91763957258124,95.68658574964593,10.057039931514733,206.58810482959666],[23.917648163599946,95.68657968811362,11.191179700153947,206.5840818460864],[23.917657494557634,95.68657310450538,12.423002182702723,206.4694135515711],[23.917666748267823,95.68656657540039,13.644626842917807,206.31361607584938],[23.917675628346117,95.68656030991741,14.816926622817915,206.2680534558233],[23.91768494047374,95.68655373959504,16.046263188956782,206.20388973683293],[23.9176935406945,95.68654767157008,17.181617649389644,206.19950261754605],[23.91770299883094,95.68654099822882,18.430229457551835,206.15362709310568],[23.917712659027263,95.68653418232094,19.705516087498737,206.09673613352186],[23.91772259631274,95.68652717090833,21.017382492635992,205.98594101060354],[23.917732187935698,95.68652040338351,22.2836163846748,205.88256032168027],[23.91774220397907,95.68651333640199,23.605879923891038,205.74371463013438],[23.917752041740737,95.68650639521,24.904607653421586,205.63607181002448],[23.917761758370812,95.68649953948437,26.18734422253594,205.53101336827348],[23.917771620356586,95.6864925812007,27.48926983110048,205.38329703453326],[23.91777984836917,95.68648677579324,28.575487183893408,205.35062958716344],[23.917788380327153,95.68648075593218,29.701829729591214,205.3413350402376],[23.917797354157614,95.68647442430085,30.88650584776331,205.2558772743003],[23.917804943977032,95.6864690691809,31.888472363163753,205.23059258595805],[23.917812627117197,95.686463648217,32.90275855712567,205.33220555560314],[23.91782018573539,95.6864583151116,33.90060602446133,205.27231316609658],[23.91782879172739,95.68645224301464,35.03672203675278,205.15967536979434],[23.917836322076855,95.6864469298547,36.030837585057405,205.05537909230037],[23.917843295007174,95.68644200999084,36.951365692232685,205.10319911501085],[23.91785015698577,95.68643716841078,37.85724654645938,205.19196175008864],[23.917856782943083,95.68643249335935,38.73196915010915,205.1902856554088],[23.917863650623676,95.68642764775613,39.63860272343426,205.16701286448352],[23.91786976772409,95.68642333173693,40.44614880149641,205.2619775563777],[23.917876998011405,95.68641823029068,41.40065170115388,205.34585947566535],[23.917884118319122,95.68641320644232,42.34063568344139,205.4241436990252],[23.917890908020937,95.68640841585831,43.236974871652464,205.50941372839424],[23.917897515545846,95.68640375381216,44.10926405229028,205.50084501415319],[23.917903410095168,95.68639959481747,44.887430098567194,205.55836231040888],[23.91790950223848,95.68639529640716,45.69168140634423,205.69615966914523],[23.917916277349672,95.6863905161178,46.58609437172215,205.82494041495505],[23.9179236172103,95.68638533736032,47.55506244146286,205.8353949290762],[23.91792993992186,95.68638087626884,48.389752066523016,205.84791063179046],[23.917937577008757,95.68637548779856,49.39795828395985,206.0191143485623],[23.917946156963364,95.68636943407272,50.53063669264706,206.26118540462375],[23.917949697391656,95.68636693606624,50.99802455229027,206.36615782184788],[23.917952511485268,95.68636495053693,51.369525702971096,206.38396688355755],[23.917956744514626,95.68636196385455,51.92834693691455,206.0996458342404],[23.9179616665795,95.68635849101202,52.57813083931981,205.9613063497739],[23.917969344029622,95.68635307406281,53.591665517806774,205.9370664303097],[23.917976483058943,95.68634803700512,54.53412083278146,206.04426324059682],[23.91798357945314,95.68634303002933,55.470947677809406,206.1146976234064],[23.917989579021167,95.68633879693701,56.262977565924245,206.18413330792578],[23.9179927500485,95.68633655956734,56.68159910606514,206.12382251974952],[23.917995158336456,95.68633486036079,56.999527997260294,206.27618051706003],[23.918000624765394,95.68633100343337,57.72117578557298,206.33197027984806],[23.91800289724331,95.6863294000498,58.02117577952174,209.33197027984806],[23.918010472169758,95.68632405543784,59.021175756856415,209.33197027984806],[23.918018047096332,95.68631871082579,60.02117573346139,209.33197027984806]]}