{"terrain":{"left":4,"bottom":9,"right":3},"data":[[23.890086504973326,95.67364847808997,0,199.57602836070907],[23.89008319104748,95.67363934392407,0.9999998454443926,199.57602836070907],[23.890079877121714,95.67363020975836,1.9999996910966615,199.57602836070907],[23.89007656319605,95.67362107559295,2.999999524246846,199.57602836070907],[23.890073249270458,95.67361194142772,3.99999936077991,199.57602836070907],[23.890069935344968,95.6736028072628,4.999999186928889,199.57602836070907],[23.890066621419567,95.6735936730981,5.99999901010807,199.57602836070907],[23.890064964456908,95.67358910601587,6.499998916169915,199.57602836070907],[23.890063638886797,95.67358545235012,6.89999884099376,199.57602836070907],[23.890056679641926,95.67356627060006,8.999999041554759,199.57602836070907],[23.890053365716533,95.67355713643539,9.999998948180234,198.57602836070907],[23.890051806598617,95.67355283904239,10.470473570735834,198.5171943661477],[23.89004745301513,95.67354083927059,11.784197546004975,198.42388517569717],[23.890046782486333,95.67353899109366,11.986534259058473,198.36092734808392],[23.890044001814385,95.67353132673419,12.825621304083356,198.28776403654874],[23.890041330091005,95.6735239626694,13.631832378685317,198.3131863726024],[23.89003848651177,95.67351612491873,14.489902166359968,198.46791529951741],[23.890036925859196,95.67351182329575,14.96083992910711,198.4934679635419],[23.890036488718458,95.67351061840579,15.092750185503107,198.15369300701326],[23.89003560927163,95.67350819438859,15.358129381384728,197.81635157742625],[23.890033453700912,95.67350225299415,16.00858784151562,197.55055865188785],[23.89003096796908,95.67349540157741,16.75867473061102,197.4753699281533],[23.89002946520768,95.67349125951975,17.212143450214313,197.4782878830576],[23.89002893981607,95.6734898113841,17.370684029485446,197.50420917019602],[23.89001909490346,95.67346267587493,20.341455109020714,196.82669950537255],[23.890018602906785,95.67346131978566,20.489918545875668,196.7454293551338],[23.890017455197626,95.67345815635764,20.836247806367467,196.79431068401388],[23.890014689669524,95.67345053373911,21.670765256325993,196.70489777063293],[23.890011401452522,95.67344147043443,22.663007753610756,196.58225659863857],[23.890008030958263,95.67343218034912,23.680078013000966,196.55776195191171],[23.890004617061837,95.67342277063453,24.710245204686274,196.60028981498778],[23.89000135405986,95.67341377682995,25.694878959621875,196.58082477798712],[23.88999847106302,95.67340583043263,26.56484351368158,196.57652633291207],[23.889995949043428,95.67339887899604,27.32588065944377,196.61462905607777],[23.889994656869757,95.67339531738082,27.71580315685776,196.71166663361814],[23.88999451768824,95.67339493375513,27.757802158842708,196.70097706228123],[23.889994445871476,95.67339473580677,27.779473372490457,196.6882781128362],[23.88999415880793,95.6733939445742,27.866096817508733,196.68555615335669],[23.8899918783203,95.67338765887156,28.554250017734674,196.67641270366764],[23.88998886275256,95.67337934706939,29.46421882844902,196.69875689417435],[23.889986125407486,95.67337180213168,30.290232006377806,196.67205163019946],[23.889983553594632,95.67336471345004,31.066294682834638,196.62877407835146],[23.88998090852973,95.67335742286394,31.86446169896969,196.58837528866977],[23.88997845381084,95.67335065692812,32.6051904701351,196.58714658837755],[23.8899760811784,95.67334411724697,33.32114908854366,196.5469892236414],[23.889973672103405,95.6733374771193,34.04810451659404,196.48276501575367],[23.889970932448453,95.67332992581488,34.87481480114597,196.43654110807176],[23.889968084589377,95.67332207626768,35.7341764626486,196.3559371066889],[23.889965349618002,95.6733145378726,36.55947347281851,196.2955756521918],[23.88996252227878,95.67330674488423,37.412643153964254,196.22313726977012],[23.88995990601949,95.67329953369499,38.202117979449554,196.15419921021095],[23.889956998350147,95.6732915192929,39.0795278759213,196.1298537124138],[23.88995423900133,95.67328391370633,39.91218101522198,196.071788769857],[23.889951513329088,95.67327640094241,40.734672023829255,196.06745925328462],[23.889948648123955,95.67326850358432,41.59926809199459,195.9921256196329],[23.889946468035987,95.67326249461306,42.25712518355259,195.88365553781958],[23.889943486163343,95.67325427568458,43.15692653483223,195.83031967959428],[23.889940893206912,95.67324712872495,43.939369656879514,195.80616494763703],[23.889937899938655,95.67323887838678,44.84260974827415,195.86452706689317],[23.88993502751167,95.67323096112312,45.70938514018351,195.81452850306567],[23.889932008621134,95.67322264016232,46.620356973144126,195.82924262258265],[23.889929205845842,95.67321491487947,47.46611449959975,195.88322920986568],[23.889926510836403,95.67320748663137,48.27935292281524,195.9238319082952],[23.88992427655802,95.67320132829518,48.9535624583422,195.98590694663986],[23.88992146884168,95.67319358939332,49.80081102538601,195.98519920873557],[23.889918922689038,95.67318657143885,50.56913088433956,196.01730876811973],[23.889916005271058,95.67317853016662,51.44948273908759,196.05844173873575],[23.889913580397387,95.67317184649309,52.181205822032396,196.0223172662801],[23.889908333456578,95.67315738436264,53.764508014266134,196.0327409907357],[23.889903167766374,95.67314314618302,55.32329230436545,195.99923188792224],[23.889896660095488,95.67312520910527,57.287029023974476,195.93288687552706],[23.889890490260257,95.6731082032031,59.14882147196415,195.90245342386532],[23.889888815920003,95.67310358822306,59.65406577715811,195.88585020272103],[23.88988762233106,95.67310029833669,60.01423989392686,195.84203777787928],[23.88988459655121,95.67309195838689,60.92729091345148,195.8189341717513],[23.889881427139187,95.67308322254408,61.88368400545999,195.7513568397682],[23.889878731996312,95.67307579392819,62.696962950666396,195.74507121765936],[23.889876178726077,95.67306875635552,63.4674308127932,195.75588898623195],[23.889873591618215,95.67306162551628,64.24810943579266,195.71169795783604],[23.889871363983723,95.67305548549264,64.92031436372378,195.6400373647983],[23.889869401231177,95.67305007556247,65.51258924515075,195.61965553525917],[23.88986798679469,95.67304617695456,65.93940576541381,195.51675822535475],[23.88986615386877,95.67304112486521,66.49250452960112,195.4546613364105],[23.889863942936625,95.6730350308782,67.15966943596405,195.35512831682868],[23.889861734705377,95.67302894433567,67.82601933661326,195.19945998274451],[23.889860012953292,95.6730241986745,68.34557060577016,195.108101033237],[23.889858425972392,95.67301982448282,68.82445369052144,195.06068268489463],[23.889857839926133,95.67301820916491,69.0012974337914,195.1284496160859],[23.889855952999675,95.67301300823401,69.5706912922573,195.3086351397642],[23.889854127426204,95.6730079764102,70.12157144359239,195.5363634456665],[23.88985138347925,95.67300041327574,70.94957752602649,195.71053175898146],[23.88984904479937,95.67299396717796,71.65529131373478,195.74194224296184],[23.889845879701266,95.67298524322558,72.61038287430273,195.59574260285825],[23.889842932358675,95.67297711947222,73.4997651289739,195.5687064529665],[23.88983991460326,95.67296880164017,74.41039498493384,195.53499991209702],[23.889836989813755,95.67296074004982,75.29297171469517,195.5893130736006],[23.889834132233858,95.67295286370914,76.15526747003265,195.6274631770058],[23.889831667222328,95.67294606940374,76.89910284404263,195.705097601176],[23.889829252205868,95.67293941289962,77.62785184794978,195.69012375782475],[23.88982690556106,95.67293294484811,78.33596921556602,195.65892895598097],[23.889824524188814,95.67292638107747,79.05456585349154,195.5868837894809],[23.889822380007125,95.67292047107459,79.70158850197971,195.4728016616994],[23.889821203120988,95.67291722722614,80.05672258259634,195.39374551691552],[23.88982069866853,95.67291583680502,80.20894483829844,195.38460657685414],[23.88981982310485,95.67291342349094,80.47315264588889,195.36481754265373],[23.889818999121086,95.67291115234644,