{"terrain":{"left":4,"bottom":9,"right":5},"data":[[23.906442067856766,95.68314452702369,0,208.34867823262672],[23.90644976646039,95.6831402497744,0.9574651769419916,208.34867823262672],[23.906457465064065,95.68313597252508,1.9149303492596932,208.34867823262672],[23.906465163667928,95.68313169527566,2.872395532841595,208.34867823262672],[23.906488160006553,95.68311891879337,5.732419698868378,205.34867823262672],[23.906495861600753,95.68311463988256,6.690256743189547,205.34867823262672],[23.9065046955949,95.68310973182429,7.788928852682729,204.08616352480263],[23.906508558424402,95.68310758568383,8.269343818806464,204.0486782326267],[23.90650867856104,95.68310751893739,8.284285051979198,204.05106353935085],[23.906508714930588,95.68310749873092,8.288808284058979,203.94881673829218],[23.906513466927247,95.68310485858015,8.879807783388545,203.70714331254499],[23.9065157102276,95.68310361223013,9.158804059111324,203.63284106808987],[23.9065203486669,95.68310103517042,9.735680572810375,203.62135057840516],[23.906523595368842,95.68309923134284,10.139468565426371,203.55876712306556],[23.906525556069393,95.68309814200178,10.383318277356468,203.56631588609417],[23.906530917712317,95.68309516313906,11.050138652562676,203.57677081164547],[23.90653379138282,95.68309356656314,11.4075332170069,203.7176541570356],[23.906536402457846,95.68309211588205,11.732269129767639,203.7126833124082],[23.90653854156829,95.68309092741865,11.998307436940314,203.60424722370632],[23.906539951835555,95.68309014389153,12.173700492851792,203.54487740983484],[23.906543191121575,95.68308834418414,12.576566164476304,203.47963505254725],[23.906549265112265,95.68308496954978,13.331980259600222,203.63691402633737],[23.906550454881366,95.68308430852873,13.479950250704304,203.63785273406296],[23.90655920927594,95.68307944469501,14.568722578499738,203.69470100207684],[23.90656794133063,95.68307459327306,15.654716509759977,203.49791708939156],[23.9065698298772,95.68307354401986,15.889592512268774,203.46283299470107],[23.906578219589207,95.68306888279928,16.93300972800269,203.2969566902434],[23.90658989835582,95.6830623942205,18.385482225390717,203.16264578930435],[23.906592631687612,95.68306087561504,18.725423020459257,203.2741458657989],[23.90659356449784,95.68306035735718,18.84143537260297,203.21641729784224],[23.906597724326055,95.68305804620789,19.35878760497746,202.97850542320026],[23.906604806760637,95.68305411129452,20.23962044734145,202.9947713968599],[23.90661067147575,95.6830508529311,20.969007152328096,203.16597468967586],[23.906611417492982,95.68305043845312,21.061788308765042,203.187922295933],[23.906618800307516,95.68304633665237,21.979978980837654,203.2010716621715],[23.90662937083544,95.68304046379734,23.294621244204915,203.21828843442023],[23.906631890930882,95.68303906366337,23.6080421043152,203.2968074801418],[23.906639354707266,95.6830349168812,24.53630186492235,203.36441548976256],[23.906651902383437,95.68302794554698,26.096839332659464,203.33046240407248],[23.906656574735234,95.68302534964592,26.6779333814501,203.39955097692265],[23.906662769320835,95.6830219080105,27.448345575707773,203.39186282170803],[23.906663608169683,95.68302144195641,27.552672066858324,203.3650215429262],[23.906673909530937,95.68301571864708,28.83383834968399,203.3959233208056],[23.906677384065244,95.68301378823864,29.265961450825852,203.37213596671614],[23.906680172170365,95.6830122392018,29.612714285934956,203.33010052176354],[23.906693322501273,95.68300493304004,31.24820300599054,203.51042144276647],[23.906696512502887,95.68300316071446,31.64493915105277,203.5539003066646],[23.906699893522667,95.68300128226154,32.06543196365124,203.50677084652162],[23.906708887564303,95.68299628528285,33.1840086258787,203.66677382518395],[23.90671133394794,95.68299492610227,33.488262011295696,203.74489539578258],[23.906725499979178,95.68298705562991,35.25007191358117,203.47453762024983],[23.906727682740136,95.68298584291483,35.52153890167498,203.28940520165193],[23.906731823513702,95.68298354235208,36.0365212289726,203.26119581807777],[23.90673339027758,95.68298267187737,36.231377503006364,203.32567002592316],[23.906737184059633,95.68298056409883,36.70320496843188,203.20733040561518],[23.90674645568146,95.68297541290002,37.85630383415386,202.97868988760086],[23.90674984380233,95.68297353050181,38.27767976857787,203.0706989844695],[23.906759210623896,95.68296832641121,39.44261847423159,202.93885122203832],[23.906761000274884,95.68296733210317,39.66519490281023,202.96368946474553],[23.90676585693517,95.68296463380258,40.26921105022053,202.9268084209825],[23.906771104456226,95.68296171834456,40.92183800717218,202.75509326586808],[23.906773997590843,95.68296011095462,41.28165316835513,202.59295129302714],[23.906775085349064,95.68295950660956,41.41693615750823,202.5226452389711],[23.906777194208768,95.68295833495311,41.67921212661041,202.6491195439356],[23.90677789834006,95.68295794374644,41.76678396341106,202.65475629368117],[23.906782273623048,95.68295551289314,42.31093186581269,202.51215176900368],[23.906785667825176,95.68295362711628,42.7330640942327,202.48654974641508],[23.906795462125267,95.68294818552387,43.951167649963,202.3624046335877],[23.906800921766536,95.68294515221447,44.63017567640635,202.27708084917697],[23.906801118738368,95.68294504277935,44.65467279002014,202.25255712670028],[23.906801926484754,95.6829445940054,44.75513109002836,202.1738883520996],[23.906811360918084,95.68293935235053,45.9284784867429,202.13777441111856],[23.906817851855497,95.68293574606571,46.73574736672421,202.09065440020612],[23.90682055377587,95.68293424491206,47.07178145154686,202.11125471682197],[23.906823709544998,95.68293249160563,47.46426007544144,202.24033669890315],[23.906825823096234,95.68293131734261,47.72711950617543,202.2016262079395],[23.90682871905192,95.68292970838533,48.08728548925961,202.13714842074296],[23.906830996171777,95.6829284432456,48.37048772069976,202.152587272643],[23.906833728269408,95.68292692532583,48.71027490261182,202.18348464905418],[23.906836338373566,95.68292547518413,49.03488992527954,202.20431461701025],[23.906838331091272,95.68292436805473,49.282721453488094,202.25684407251586],[23.906839851422593,95.6829235233774,49.47180294344396,202.36231895398384],[23.906840816955338,95.6829229869393,49.59188490641323,202.35871945135756],[23.90684229796291,95.68292216410974,49.776075755863246,202.41789650363188],[23.90684388822845,95.68292128057782,49.97385486625938,202.3479151514214],[23.90684455515944,95.68292091003917,50.05680014464385,202.22365088503028],[23.90684609730589,95.68292005324162,50.248594749957455,202.3468902193377],[23.906847564167244,95.68291923827152,50.43102625190972,202.34659773445287],[23.90684868379293,95.6829186162213,50.57027253833054,202.38591574409236],[23.906852783955213,95.68291633822167,51.0802040056029,202.41869755777944],[23.906858022138493,95.6829134279516,51.731669552091404,202.48907490151828],[23.906862908106266,95.68291071336813,52.33933054258444,202.53725463738368],[23.90686699313563,95.68290844377617,52.84737993837558,202.55567184637468],[23.906869101073816,95.6829072726317,53.109541265571146,202.46784083708405],[23.906871511182725,95.68290593360489,53.409283141999055,202.561347579031],[23.906875115248877,95.68290393123016,53.85751580902469,202.58656995994934],[23.90687788196857,95.68290239407479,54.20160886682754,202.28608612665812],[23.906880043381125,95.68290119322062,54.47042072206078,202.29753269000014],[23.906881463557667,95.68290040418803,54.6470460903184,202.2985858504387],[23.906884074861157,95.68289895338,54.9718102496342,202.26814486364773],[23.906889521648527,95.68289592721207,55.64921956397118,202.0649836123572],[23.906892005262286,95.68289454734688,55.95810312654732,202.0248535339857],[23.906896689088335,95.68289194507086,56.54062400371435,201.96487077553147],[23.906900350342166,95.68288991092335,56.99596900681464,201.85124065153818],[23.906903793440907,95.68288799798013,57.42418236328773,201.75834578700014],[23.906906691856964,95.6828863876559,