{"terrain":{"left":6,"bottom":9,"right":6},"data":[[23.91531602188753,95.68550799371963,0,209.3506116379829],[23.91531640441472,95.6855088618706,0.09802265495251258,209.28256235766136],[23.915316596862002,95.68550929863248,0.14733730197293493,209.31150250471828],[23.91531784437446,95.68551212987998,0.4670125692981823,209.38740167514678],[23.915318856387806,95.68551442665884,0.7263411476510696,209.267720432022],[23.915321141208192,95.68551961209164,1.3118267289665668,209.05389016280927],[23.915323874743226,95.68552581588878,2.0122954957066677,208.94781089370318],[23.915324805138102,95.68552792743337,2.250709320266092,209.07222839564074],[23.915325975395547,95.6855305833495,2.550587963472667,209.0091182969388],[23.915327353886106,95.68553371185368,2.903826367857231,208.85729980678363],[23.915329303115755,95.68553813565846,3.403316744416223,208.65662016103008],[23.915331648032485,95.68554345748078,4.004201982941646,208.4866637224754],[23.915333782209895,95.68554830102715,4.551085233171781,208.3717352531547],[23.91533603825329,95.68555342115016,5.129196650811055,208.22139275131477],[23.91533901016588,95.6855601659486,5.89074963235766,208.1483475613302],[23.915342275440437,95.68556757653626,6.727476637473841,208.0749548911684],[23.915346452321366,95.68557705602771,7.797802863691382,207.9445142617299],[23.915351076390458,95.68558755041914,8.982721075103063,207.8375424726719],[23.91535532806526,95.68559719965637,10.072213179690266,207.94256890124555],[23.9153596767712,95.68560706910716,11.186569493346365,207.93843992800666],[23.915363711297204,95.68561622552207,12.220417141743356,207.7645819878866],[23.915368049886577,95.68562607201318,13.332181028027984,207.7991840060586],[23.915371272115973,95.68563338490921,14.157877554351758,207.81367954010895],[23.915375525377875,95.68564303774839,15.247776217660686,207.83289741837982],[23.915379568011396,95.68565221256341,16.283701313019932,207.92889050577807],[23.915383686836783,95.68566156029698,17.33915055492052,208.05623941537894],[23.915387900502793,95.68567112327271,18.41890268319995,208.1883248787801],[23.91539263155514,95.68568186046419,19.631235054073446,208.1917374897378],[23.915397282661154,95.68569241621631,20.82308113742099,208.2181051555219],[23.91540216565704,95.68570349824583,22.074348971525623,208.22785480508085],[23.915407285851654,95.68571511860128,23.38639894480725,208.22123241587062],[23.91541194697164,95.68572569708027,24.580811000837667,208.28981828415974],[23.915416581494064,95.68573621519569,25.768407396867854,208.379282026273],[23.915421158720058,95.68574660327604,26.941321547071496,208.4318232704837],[23.91542616340555,95.68575796148187,28.223772152870946,208.47501595796936],[23.91543058117864,95.68576798768157,29.355826432624013,208.54634788875703],[23.91543555364119,95.68577927275697,30.630019837292124,208.6609088931991],[23.91543992701916,95.68578919820129,31.75069779925559,208.73049083908242],[23.915444031250434,95.6857985128133,32.80240690311104,208.76149185260667],[23.915448531124895,95.68580872534324,33.955499526676626,208.88860125191454],[23.915452647324408,95.68581806711734,35.01027543354273,209.19048242123452],[23.915456860148435,95.68582762818218,36.089811339994576,209.32206463307116],[23.91546148107837,95.68583811544926,37.27392432832218,209.34849759340133],[23.915465628756113,95.68584752866366,38.33676644416531,209.39816997641017],[23.91546967147465,95.68585670367163,39.372712744075386,209.47515417602713],[23.91547150819378,95.68586087213217,39.84337186616171,209.62969264467947],[23.915472699238705,95.6858635752258,40.14857702603245,209.7842015516766],[23.915475620806934,95.68587020576697,40.89722861903186,209.7586403806333],[23.915479949129846,95.6858800289582,42.00636094851986,209.71522952063194],[23.915483358166483,95.68588776581598,42.87992623799281,209.74965959390326],[23.91548742024661,95.68589698476535,43.920833828292366,209.8761868219145],[23.91549176722112,95.68590685028664,45.034745546430834,209.90808567808935],[23.915494542059736,95.68591314782287,45.74579760661998,210.0012205039457],[23.915497282300038,95.68591936683771,46.44798384028111,210.20635607181381],[23.915498000968313,95.68592099786572,46.63214249293459,210.44930180918206],[23.9155019034092,95.68592985451156,47.632142457979405,210.14930180918205],[23.915505805850042,95.68593871115726,48.63214238188694,210.14930180918205],[23.915509708290983,95.68594756780323,49.63214231302524,210.14930180918205],[23.915513610732013,95.68595642444937,50.63214223903797,210.14930180918205],[23.91551751317313,95.68596528109572,51.632142164514526,210.14930180918205],[23.915521415614325,95.68597413774225,52.632142084865905,210.14930180918205],[23.915525318055618,95.68598299438898,53.63214200397645,210.14930180918205],[23.91552922049699,95.68599185103591,54.632141922549536,212.64930180918205],[23.915533122938456,95.68600070768306,55.63214184058802,212.64930180918205],[23.915537025380004,95.68600956433039,56.632141753501706,212.64930180918205]]}