{"terrain":{"left":5,"bottom":6,"right":3},"data":[[23.919487918635074,95.69111406745643,0,211.9736791871355],[23.919494524279614,95.69110737187003,1.0000001161458865,211.9736791871355],[23.9195011299243,95.6911006762835,2.0000002308116756,211.9736791871355],[23.919507735569137,95.69109398069682,3.000000344705585,211.9736791871355],[23.91952755250437,95.69107389393602,6.000000658094106,208.9736791871355],[23.919528323721174,95.69107311221839,6.116751838653665,209.16636301388448],[23.919530250687913,95.69107115901426,6.408467005406037,209.24981258688538],[23.919530290018795,95.69107111914785,6.414421137855258,209.15553482288752],[23.919533259382604,95.69106810935345,6.863940289769024,209.24456206307033],[23.91953463915441,95.6910667107948,7.072817978036883,209.11595966232497],[23.919536266764204,95.69106506102362,7.3192147859054,209.15645342934593],[23.91953906326196,95.69106222644902,7.742564483979549,209.17305126945453],[23.919540699995327,95.69106056743004,7.990342465452217,209.28240164106703],[23.919544852129057,95.69105635876124,8.618916019340213,209.2981192215859],[23.91954843439335,95.69105272772117,9.161219498269782,209.20748025867053],[23.919552721156542,95.6910483825898,9.810174004428758,209.29086524122985],[23.919557816647906,95.69104321771869,10.581558354110685,209.36132561879546],[23.919562927333153,95.69103803744683,11.355242824784087,209.44107530051681],[23.919568964977195,95.69103191759478,12.269255547678362,209.50773915555337],[23.919575650676382,95.69102514086373,13.28137450479635,209.56479766367838],[23.919581276838176,95.69101943809663,14.13309467941629,209.69887878089807],[23.919587643616246,95.6910129846291,15.096933511671526,209.7654566326399],[23.919593901899304,95.69100664113384,16.044347735388204,209.8086991242125],[23.91959956339116,95.69100090255563,16.901416320299756,209.90657721871705],[23.91960537034104,95.69099501653886,17.780505142768565,209.97531917352555],[23.91961099145346,95.69098931888989,18.631460827617612,210.051153057957],[23.91961664425583,95.69098358911948,19.487213897680956,210.07053987937425],[23.919623057844255,95.69097708820422,20.458139025673088,210.09897740894505],[23.91962932229824,95.69097073845401,21.406487321998597,210.1884777518528],[23.919635635926667,95.6909643388598,22.362279901302504,210.25583456718968],[23.9196418587984,95.69095803125802,23.304333199448436,210.24404258884354],[23.919647415588063,95.69095239880762,24.14555123446083,210.21579662324135],[23.919652988586673,95.69094674992758,24.989223054265818,210.33227010094427],[23.919658656329077,95.69094100501371,25.84723770332405,210.44205230838858],[23.919663893306165,95.69093569673043,26.640040666660383,210.6191342398994],[23.919669928640342,95.6909295792197,27.553703387194542,210.68263464711774],[23.919675378801617,95.69092405484953,28.378779336605785,210.60283691131607],[23.919681654862426,95.69091769333446,29.328884564403523,210.600295396157],[23.91968808147793,95.69091117921475,30.301781583117602,210.6226906870152],[23.919694563417973,95.69090460901721,31.283053918229076,210.60175213731813],[23.919700530717353,95.69089856046763,32.18641705197901,210.66869555111796],[23.919707228838025,95.69089177114597,33.200415974631184,210.69535539285627],[23.919714131451247,95.6908847745474,34.24537209773686,210.7138835731018],[23.91972027051751,95.69087855189218,35.17473819722041,210.78201417485522],[23.919726459817852,95.69087227831889,36.11170899335802,210.83426135001636],[23.91973342348253,95.6908652198376,37.16590735449866,210.97559354603388],[23.919739803890852,95.69085875255422,38.13180909737669,211.06853225498784],[23.919746106037735,95.69085236459789,39.08586316605358,211.14200223244174],[23.919752343132156,95.69084604257976,40.0300692096499,211.08764796227794],[23.919758728009086,95.69083957076694,40.996647369669105,211.06699608397932],[23.919765938855228,95.69083226173858,42.08826531511461,211.117789958617],[23.91977318869656,95.69082491318407,43.18578654040715,211.18607642512748],[23.919780418462633,95.69081758497818,44.280268635027,211.15786620020216],[23.919787041164927,95.69081087210178,45.282850020822316,211.16166154670893],[23.91979334519993,95.69080448223161,46.237189765861444,211.23422632827462],[23.919799780573634,95.69079795923446,47.21141226864293,211.35123956043392],[23.919806291253888,95.69079135990538,48.197035071569466,211.4093046075918],[23.919812045482274,95.69078552732795,49.06814198629883,211.44435450481168],[23.919818855711114,95.69077862437166,50.09911206706011,211.45184901011507],[23.919824898933037,95.69077249886578,51.013968380025354,211.49625066816046],[23.91983067540942,95.69076664373743,51.88844326202018,211.61527286850387],[23.91983741970379,95.69075980761338,52.90943175164344,211.60638953561292],[23.919844904311052,95.69075222109639,54.04249286269297,211.63134517564148],[23.919850994611874,95.69074604787059,54.964476155406764,211.69597254941087],[23.919856567460005,95.69074039914307,55.80812459212892,211.67270112976192],[23.919861776932013,95.69073511873938,56.59676313445944,211.57523440551225],[23.919868064759157,95.69072874529776,57.54864899454375,211.43763610851798],[23.919873255286333,95.69072348409685,58.334419532597465,211.3839100665662],[23.919880944730323,95.69071568995409,59.498489810960486,211.35890530523423],[23.919886865889772,95.69070968817269,60.39486743762653,211.42601141886163],[23.91989341019892,95.69070305475682,61.385580865352054,211.42214004831428],[23.919898855816534,95.69069753499218,62.20996832278848,211.37563447483197],[23.91990433206328,95.69069198418137,63.038992570707826,211.24953801865811],[23.919910059372803,95.69068617888932,63.906024061229914,211.16174239851145],[23.919916445768582,95.69067970553697,64.87283161985079,211.2145849037743],[23.919921272478508,95.69067481310701,65.60352537737054,211.44237348176776],[23.919926590427046,95.69066942274978,66.40858551226587,211.54237604467104],[23.91993436399653,95.69066154333608,67.58539095002493,211.7230546657817],[23.919941360129705,95.6906544519442,68.6445038001369,212.02076305744063],[23.919947288369357,95.69064844298619,69.54195307704106,212.07911912495544],[23.9199533055934,95.69064234383217,70.4528732778054,212.0211684670697],[23.919959832135223,95.69063572842556,71.4408967600293,211.95123421420706],[23.91996623250327,95.69062924091068,72.40981934729615,212.03455725534522],[23.91997130529016,95.6906240990532,73.17776545045159,211.90152590547493],[23.919975434908427,95.69061991320643,73.80292954038902,211.74328798877232],[23.91997953847448,95.69061575376661,74.42414969448954,211.62863032869373],[23.91998380802542,95.69061142608184,75.07049753729478,211.49021663651817],[23.91998845656764,95.6906067142455,75.77421912879531,211.59284977400463],[23.919995118225206,95.69059996188342,76.78269704416607,211.68085840468174],[23.92000071755342,95.69059428631527,77.63035375340728,211.49823605924442],[23.920006284654697,95.69058864341287,78.47313175560313,211.59621592107587],[23.920012258890313,95.69058258783261,79.3775439466322,211.5076807808134],[23.92001676225053,95.69057802315504,80.05928703036835,211.4743336883208],[23.920022949069793,95.69057175209662,80.9958812517415,211.4402751821369],[23.920029119538587,95.69056549761129,81.9300002308615,211.4266917243299],[23.920033770492097,95.69056078333082,82.63408674535793,211.38933347136114],[23.92003572133694,95.69055880592347,82.92941618995049,211.10885294673952],[23.9200388476636,95.69055563702904,83.40269643074897,210.87823666715886],[23.9200425812492,95.69055185260727,83.96790680694104,210.5014464470266],[23.92004584195664,95.69054854750235,84.46153032446175,210.3558256310205],[23.920050754857446,95.69054356770793,85.20527179292691,210.8215832474526],[23.920057242451485,95.69053699177941,86.18739881251972,211.05021688660307],[23.92006100992886,95.69053317300441,86.75773987219257,210.84252402755922],[23.920062892685657,95.69053126461216,87.04276175500206,210.76764422219728],[23.920066204197155,95.69052790801143,87.54407622961028,210.62350850250513],[23.920068088616684,95.69052599793383,