{"terrain":{"left":5,"bottom":3,"right":4},"data":[[23.91906381846123,95.69048445570458,0,212.22517324605553],[23.919070407791377,95.69047774114345,1.0000001242392935,212.22517324605553],[23.919076997121667,95.6904710265822,2.0000002459401935,212.22517324605553],[23.919096765113295,95.69045088289762,5.000000589102103,209.22517324605553],[23.919098551221097,95.69044906284464,5.271061197045231,209.4437871388492],[23.91910151667551,95.69044604103142,5.7211000278070205,209.52786939957707],[23.91910556325158,95.69044191754972,6.3352104083620935,209.4101542047557],[23.919110374807225,95.6904370145499,7.065414457768926,209.4101542047557],[23.919115434923658,95.69043185826538,7.833340199724372,209.42697067180245],[23.919120732569766,95.6904264599369,8.637313546726977,209.3933377675113],[23.91912614349805,95.6904209461733,9.458478636991938,209.4101542047557],[23.919131497871174,95.69041549003971,10.271060870766538,209.4101542047557],[23.919136751357087,95.6904101367107,11.068332401374898,209.42697067180245],[23.919142006767608,95.6904047814205,11.865895995267307,209.5110529474315],[23.91914726274118,95.69039942555655,12.66354502258734,209.59513519325822],[23.919152537516972,95.69039405053304,13.464047469916075,209.42697067180245],[23.919157664485276,95.69038882612611,14.242118568489943,209.42697067180245],[23.919162822561166,95.6903835700204,15.024910554976167,209.3933377675113],[23.919168016393634,95.69037827747856,15.81312896120997,209.42697067180245],[23.91917313009448,95.69037306659123,16.589186543539498,209.4101542047557],[23.919178265924334,95.69036783315435,17.368602417466303,209.52786939957707],[23.919183439294155,95.69036256146404,18.153715360503632,209.59513519325822],[23.919188644903656,95.69035725692135,18.94372099816962,209.3933377675113],[23.91919387000045,95.690351932521,19.736684020059435,209.46060354629128],[23.919199286096475,95.69034641349144,20.5586331575842,209.3933377675113],[23.91920482280972,95.69034077155233,21.398887199658756,209.4101542047557],[23.919210476704592,95.69033501020454,22.256924761496258,209.3933377675113],[23.919215999676894,95.69032938226752,23.095093439192947,209.52786939957707],[23.91922060667653,95.69032468771132,23.794253695302235,209.54468582192032],[23.91922411225093,95.69032111551309,24.32626117232073,209.37652130046456],[23.919225964344438,95.69031922822032,24.60733567785894,209.34288842597573],[23.919226312390254,95.69031887355986,24.660155260061195,209.35970486322014],[23.919236122515912,95.69030887699164,26.148944101465357,210.821816283455],[23.919238497386537,95.69030645698632,26.509355469531798,211.00368303229948],[23.919241526563326,95.69030337023969,26.9690646118425,211.2397530232456],[23.919243771312008,95.6903010828293,27.30972861387246,211.3372636524728],[23.919244529562185,95.69030031016848,27.424800977571582,211.40856573897616],[23.919244899527165,95.69029993317228,27.48094701644297,211.38078549473363],[23.919245898660826,95.69029891504996,27.632575959790266,211.50723984240068],[23.91924816827559,95.69029660230092,27.97701364131131,211.74457177843436],[23.919252084610648,95.69029261153547,28.571358275554566,211.8629024183291],[23.919257171047573,95.69028742843022,29.34327804279679,211.9259927906847],[23.9192600319707,95.69028451313493,29.77745291089056,211.9913861096997],[23.919263516077933,95.69028096281184,30.306202449389477,212.03848424860314],[23.91927125394257,95.69027307788821,31.48050392608043,212.03846654760343],[23.91927802107674,95.69026618214387,32.50748692805761,212.0944332256704],[23.91927911734653,95.69026506503934,32.67385727053094,212.1867860595509],[23.919282766657897,95.69026134637241,33.22767821697546,212.2628476953073],[23.91928737937,95.69025664599518,33.927705234770734,212.47412186467318],[23.91929111665677,95.69025283768084,34.4948773474903,212.59631882163893],[23.91929430875958,95.69024958491175,34.97931212278928,212.54457537790876],[23.919296116996797,95.69024774230878,35.25373090940264,212.43047577334085],[23.91929999478005,95.69024379082782,35.84222480686439,212.38813446935887],[23.919308436583222,95.69023518858721,37.12335611447748,212.405012656895],[23.919315348145513,95.69022814566989,38.17225744827802,212.4116612550589],[23.919322204136236,95.69022115938029,39.212725194800946,212.43086561216393],[23.919327626632764,95.69021563382859,40.03564530122264,212.49904802828058],[23.919330150528914,95.6902130619655,40.41867272223507,212.60045129218895],[23.919333738238585,95.69020940607099,40.963144874368425,212.6598062786095],[23.919335830127284,95.69020727442572,41.28061067684638,212.62367241453688],[23.919341253226197,95.6902017482602,42.10362216049968,212.74472466909629],[23.91934860735182,95.69019425436856,43.21968694585377,212.76237692786327],[23.919355072354975,95.69018766649728,44.20081815564776,212.60961387043375],[23.919361841500624,95.69018076870324,45.22810611734835,212.411138282685],[23.919370004711155,95.69017245034996,46.46695783036867,212.35718011594952],[23.91937684546444,95.69016547958738,47.50511293640779,212.6462073474217],[23.919380909477013,95.69016133833779,48.121868890581084,212.89162884423905],[23.919385169626846,95.69015699722331,48.76839069464321,212.7819976175249],[23.919391951999152,95.69015008595125,49.79768582848667,212.6541857421102],[23.919398982973878,95.69014292135205,50.8647089234549,212.5279149765982],[23.91940711545019,95.69013463431709,52.098896238963086,212.56599224504714],[23.919415393333622,95.69012619911155,53.35515055023464,212.6193617757051],[23.919422676198643,95.69011877783484,54.46040050948623,212.53781098873105],[23.91942847970711,95.69011286403003,55.34114281957004,212.4155496740811],[23.919430012831608,95.69011130176833,55.57381028203056,212.5843874291018],[23.919430834104443,95.69011046488711,55.69844690860923,212.64265341097723],[23.919431877752466,95.69010940140444,55.85683126337008,212.68888053749026],[23.919433191764377,95.69010806241957,56.05624612963999,212.6190191193378],[23.919433869268637,95.69010737203926,56.159064391007654,212.68128387101513],[23.91943554437533,95.69010566509698,56.4132791121693,212.62162024086314],[23.91944104123173,95.69010006377219,57.24748376752359,212.35726563903813],[23.919448412712928,95.69009255219515,58.3661820456548,212.41354240111025],[23.919456078378243,95.69008474084299,59.52952576584128,212.3839209919725],[23.919462642260907,95.690078052213,60.52566258765245,212.32233058732282],[23.91946980121772,95.69007075719938,61.61210801814279,212.3636309755035],[23.91947663118362,95.6900637974292,62.64862566175056,212.3883238839636],[23.919481143948293,95.69005919889892,63.33348414877336,212.56179296438506],[23.91948351012925,95.69005678774843,63.692576457611416,212.49753663846786],[23.919488389224142,95.69005181592578,64.43302930829148,212.6303393836581],[23.919491375516856,95.69004877287823,64.88622994690841,212.4871470341924],[23.919495927559208,95.69004413432378,65.57704918960395,212.59391987390046],[23.91949869713905,95.69004131210777,65.99736140902885,212.53296890761624],[23.91950308848129,95.69003683730756,66.66379274231481,212.6388075681109],[23.919506170237412,95.69003369698231,67.13148090961533,212.7682287043167],[23.91950951196813,95.69003029174162,67.63862288909662,212.7008367827504],[23.919511281382608,95.69002848869923,67.90714971740063,212.77993028432763],[23.919518622399817,95.69002100816515,69.02122449599361,212.70819667537233],[23.91952438354202,95.69001513753177,69.89553699111619,212.66121131837536],[23.91953112574089,95.69000826719665,70.91873488775326,212.54876611031796],[23.919537056947675,95.69000222326659,71.81885638975297,212.35258218854216],[23.919543101525,95.68999606381138,72.73618301583251,212.20151869839498],[23.91954979739663,95.68998924068396,73.75235020985599,211.8885044553678],[23.91955768248408,95.68998120573951,74.94899307332199,211.7298105053914],[23.91956556098875,95.68997317750296,76.1446368985638,211.59100500861848],[23.919571920417297,95.68996669721275,77.1097453289052,211.4618868097],[23.919577155687023,95.68996136244613,77.90425112518264,