{"terrain":{"left":5,"bottom":9,"right":5},"data":[[23.89940355800578,95.6783448016661,0,204.4028613497892],[23.89940673294625,95.67832447689128,2.0993466546303146,204.31191885872573],[23.899408099953344,95.678315725826,3.003244458581156,204.27785821562998],[23.899409096099802,95.67830934887101,3.661920328818218,204.0479766422381],[23.899409908090057,95.6783041508148,4.198827708908214,203.91304388601412],[23.89941071870183,95.6782989615831,4.73482359963893,203.71946563577893],[23.89941165686069,95.67829295584292,5.3551566698197055,203.39851665601532],[23.89941230202802,95.67828882572431,5.781756734165843,203.2404770312997],[23.89941272209918,95.67828613658673,6.059517827945777,203.07316955388734],[23.89941401296951,95.67827787292038,6.913072142329274,202.95293582479383],[23.899415377009838,95.67826914084719,7.815008201393843,202.69723966353507],[23.899416948895208,95.67825907822825,8.854376355601984,202.53005590507212],[23.899418520059193,95.67824902022733,9.893267500460547,202.4546192910649],[23.899420280480477,95.67823775067234,11.057300079176944,202.3085359798685],[23.899421984557687,95.67822684181095,12.18407659368154,202.2486061545702],[23.899423498479468,95.67821715025309,13.185117789695813,202.29253724722287],[23.899425464903928,95.67820456194326,14.485364535133165,202.2387060237163],[23.8994275130401,95.6781914505458,15.839640991522778,202.20621059886747],[23.899428545841577,95.67818483893916,16.522553940218458,202.19949743605173],[23.89942976391417,95.67817704129652,17.32797255775656,201.98194032816264],[23.89942985800919,95.67817643893562,17.39019042415042,201.96318941148235],[23.899430530592713,95.67817213330883,17.83491867181841,201.74906359926217],[23.899432293121208,95.6781608502643,19.00034448030457,201.71939020277784],[23.899432923601438,95.67815681416698,19.417233018219832,201.81781854978516],[23.89943302778946,95.67815614719444,19.48612461980072,201.88920520535333],[23.899433505217196,95.67815309088164,19.801811202162746,201.9143072837452],[23.899434505849904,95.6781466852074,20.463453363167986,201.82158268555952],[23.899436126738674,95.67813630888708,21.53522358430561,201.63335347565385],[23.899437327118047,95.67812862450981,22.328942976337398,201.5558977516444],[23.899438098666565,95.67812368534638,22.83910920373397,201.55680485426615],[23.899439785538146,95.67811288662892,23.954508800771997,201.54739485643614],[23.899440683582064,95.67810713768952,24.54831678371485,201.414424383653],[23.899442245887485,95.67809713639778,25.581350253293486,201.35658878575498],[23.899443233649922,95.67809081311415,26.23448224213942,201.3547816572871],[23.89944444496197,95.67808305875002,27.03543053482604,201.4265611919451],[23.899445338593875,95.67807733805463,27.62632117355579,201.481662122633],[23.899445990407482,95.67807316538907,28.05731580645917,201.442748125089],[23.899446806990625,95.6780679379309,28.59725996222367,201.4215029260348],[23.89944759250801,95.67806290934402,29.116662703811148,201.36087944757293],[23.89944788867125,95.67806101341836,29.312492864267938,201.3908137804624],[23.899449264660852,95.67805220485045,30.22232983740439,201.37192038464218],[23.89944937597906,95.67805149223312,30.2959360780872,201.36047382500618],[23.89944992120472,95.6780480019035,30.656452217952275,201.39708394923656],[23.89945020739085,95.67804616984756,30.845685273811497,201.28421072329303],[23.899450713599105,95.67804292929267,31.180402180344174,201.3106559827093],[23.89945122061529,95.67803968356574,31.515653304785165,201.291649379688],[23.899451658444594,95.67803688074721,31.805156422961872,201.13215809308724],[23.89945263986474,95.67803059806454,32.454094694156105,200.94352085580454],[23.89945297029743,95.67802848275875,32.672584618686805,200.9746302364489],[23.899453658129964,95.67802407951353,33.12739579823104,201.00128812250733],[23.899454188515133,95.67802068418717,33.478099040827956,201.01722878808027],[23.899454536500283,95.67801845651712,33.708195069291854,201.088743984188],[23.89945512389737,95.67801469622188,34.09659594257726,201.2666672197917],[23.899456488893147,95.67800595803229,34.999163489769224,201.67417096283162],[23.89945652062045,95.67800575492603,35.02014233378684,201.68130476041125],[23.899456632620588,95.67800503794328,35.09419947619514,201.69940110632115],[23.899456928733194,95.67800314234174,35.289996145016204,201.80429466014704],[23.8994571117127,95.67800197097574,35.41098653071293,201.82655351687367],[23.899457121711723,95.67800190696576,35.41759812086897,201.82311240330392],[23.899457133346285,95.67800183248568,35.42529116855745,201.8219163788823],[23.899457142155253,95.67800177609396,35.431115868676784,201.82038899875204],[23.899457174015346,95.67800157213765,35.45218251599283,201.8205599200803],[23.899457439257624,95.67799987415634,35.62756699157261,201.83918263738883],[23.89945744639723,95.67799982845128,35.632287866807836,201.8421194623362],[23.899457525247183,95.67799932368354,35.68442532308345,201.8509619123207],[23.89945759922151,95.6779988501277,35.73333890181398,201.89397509868695],[23.899457708752468,95.6779981489517,35.80576336484605,201.90108327470392],[23.899457870825003,95.67799711142428,35.912929564503735,201.82696155758362],[23.899458655223523,95.67799208999998,36.43159243851683,201.48692767849934],[23.899459413588183,95.67798723523464,36.9330411066148,201.38094284661446],[23.899460520718645,95.6779801478018,37.66510197496066,201.25951555753608],[23.899461560723505,95.67797349008183,38.352777802215996,201.21421002093678],[23.899462762766362,95.67796579505554,39.14759697919207,201.12762955260104],[23.899465895507173,95.67794574042708,41.219039291390594,201.40472403368136],[23.89946654723856,95.67794156828785,41.649979492351235,201.41061012336894],[23.89946766999902,95.67793438079767,42.39237524459706,201.45254767930993],[23.899469073510478,95.67792539604517,43.32041018441576,201.55702670441946],[23.899470403419958,95.67791688246484,44.1997777502313,201.72513931583865],[23.89947097894435,95.67791319817414,44.580328071124804,201.70293007598207],[23.89947209779103,95.67790603573849,45.32013591675094,201.64379051755594],[23.899473265828416,95.67789855840243,46.09246981142241,201.60553447085346],[23.89947444565361,95.67789100560529,46.87259807420528,201.60834840232997],[23.899476223490957,95.67787962455921,48.04814607857528,201.47170157920766],[23.89947762505876,95.67787065224925,48.974895769463934,201.3876768235428],[23.899480105232836,95.67785477510762,50.61484534512716,201.38315773349785],[23.899480787442208,95.67785040785981,51.06593825934196,201.37066873836528],[23.89948287795377,95.67783702519102,52.44823376242461,201.28046020320096],[23.8994833278257,95.67783414528012,52.745699681400836,201.36651225830377],[23.89948357411262,95.67783256864388,52.90855039456617,201.37350661186684],[23.899484065573276,95.67782942249761,53.233515754169474,201.2486725885612],[23.89948499072632,95.67782350001573,53.845248737526276,201.3180253769583],[23.899486503074097,95.67781381853408,54.845248691779645,202.3180253769583],[23.8994895277697,95.67779445557042,56.845248601193596,205.3180253769583],[23.89949104011752,95.67778477408845,57.84524855388249,205.3180253769583],[23.89949255246536,95.67777509260637,58.845248508050936,205.3180253769583]]}