{"terrain":{"left":7,"bottom":10,"right":4},"data":[[23.894839083195833,95.67533642863116,0,198.48528508431573],[23.894839159635012,95.67533616210198,0.02843155778651375,198.46528968331415],[23.89484106115259,95.67532953186435,0.7357011665655014,198.40683847118112],[23.89484401632821,95.67531922771737,1.8348789451470624,198.41608736353626],[23.894846738419858,95.67530973629079,2.847361106603067,198.45287880093576],[23.894849254278835,95.67530096395912,3.7831349930244955,198.29418476384515],[23.894851722163196,95.675292358906,4.701064703903549,198.07574888473496],[23.894854298306857,95.67528337637287,5.659261448293562,197.8597147049078],[23.894856803720824,95.67527464046101,6.591150265587682,197.65642495337173],[23.89485936454321,95.6752657113503,7.543648228890588,197.46467062662606],[23.89486143056046,95.67525850753294,8.312103394764986,197.28743030550254],[23.894863267510065,95.67525210243181,8.995356834157032,197.09482346298975],[23.894864735413364,95.67524698412642,9.541343486799892,196.76172773288812],[23.894866434623683,95.67524105929651,10.173364782125976,196.52605337566226],[23.894868649373684,95.67523333687576,10.997141055934671,196.30717177060356],[23.89487071139537,95.6752261469902,11.76411002355974,196.12665819407115],[23.894872713473553,95.67521916611646,12.508782991341816,196.07039582593615],[23.8948742028323,95.67521397299991,13.062749961372962,195.90860071017437],[23.894875043319797,95.67521104237655,13.375369274778674,195.74191618221138],[23.894877187072858,95.6752035675089,14.172738190560732,195.5319987669893],[23.89487855874353,95.67519878474874,14.68293106782313,195.2204443185506],[23.894883225633635,95.67518251217217,16.418780702994958,194.16065938875445],[23.894886001403624,95.67517283357921,17.451228244017734,194.12702649191388],[23.894887212072007,95.67516861220405,17.90153629483591,194.14384293660888],[23.89488927864576,95.67516140644628,18.670198300999072,194.14384293660888],[23.894891788135464,95.67515265632308,19.60360285812479,194.17747584090003],[23.89489342623664,95.67514694456938,20.21289449279284,194.17747584090003],[23.89489588438156,95.67513837347586,21.12720133693979,194.11021003231772],[23.89489753433724,95.67513262038773,21.740902232270603,194.16065938875445],[23.89489964878846,95.67512524769015,22.527372203803505,194.14384293660888],[23.894901780411395,95.67511781511799,23.320229183757387,194.12702649191388],[23.894903924322556,95.67511033969907,24.11765675508663,194.14384293660888],[23.894906048643502,95.67510293258759,24.90779773321851,194.12702649191388],[23.894908639240004,95.6750938996601,25.871369846601215,193.10474166378745],[23.894910388431562,95.67508780055492,26.521981465405087,193.0247416208721],[23.894912533054423,95.67508032265445,27.319673705195193,193.0247416208721],[23.894915053818746,95.67507153321876,28.257271704265996,192.96474167809257],[23.894916737399477,95.67506566288631,28.883479353982427,193.0247416208721],[23.894918846184634,95.67505830994524,29.667841729341134,192.8447416733242],[23.894920756571523,95.67505164878197,30.378409880814196,192.8447416733242],[23.89492235210062,95.67504608546918,30.971866713402644,192.76474163040885],[23.894923053844533,95.67504363861886,31.232880265987045,192.76474163040885],[23.894923503629297,95.67504207030316,31.400177643328277,192.90474173531302],[23.89492431018958,95.67503925797767,31.700177629589174,201.90474173531302],[23.894926998723935,95.67502988355912,32.70017758892952,201.90474173531302],[23.894929687258333,95.67502050914042,33.70017754662165,201.90474173531302]]}