{"terrain":{"left":1,"bottom":1,"right":1},"data":[[23.882169905550942,95.67174158503428,0,197.81183668369044],[23.882171677389938,95.67174009005328,0.24838042752258152,197.79398630393138],[23.882176355285683,95.67173614310025,0.9041385091189649,197.84226454224014],[23.882181957945328,95.67173141588194,1.6895320878949904,197.8552207815185],[23.882188588422988,95.6717258214469,2.6190075189053315,197.90379253389526],[23.882195131646117,95.67172030063247,3.5362513960673563,197.84320014770032],[23.882200146575755,95.67171606930866,4.239255607510415,197.87504999264087],[23.882205250035746,95.67171176328776,4.954670195048237,197.83479063882533],[23.882210788139727,95.67170709053799,5.731014151062607,197.55335600130235],[23.882217162754458,95.67170171198612,6.624622064585677,197.1492082996852],[23.882225508698454,95.67169467013426,7.7945753475708175,196.79834093276887],[23.882233493689668,95.67168793283464,8.913929428675749,196.63537311790577],[23.88224143897617,95.6716812290357,10.027717588705816,196.47924676069653],[23.88224858310396,95.67167520121072,11.029197496012815,196.52852213287662],[23.882255732496027,95.67166916894404,12.031415341055524,196.5586941864229],[23.882262250862762,95.67166366910209,12.945174617924208,196.51457991945747],[23.882269053936994,95.67165792903948,13.8988448145893,196.46983447753564],[23.882274320897377,95.67165348506587,14.637179114867557,196.4879108372921],[23.882280861231845,95.67164796668875,15.554017830739701,196.56183289431377],[23.88228645957817,95.67164324310977,16.338806529375027,196.49322431510564],[23.88229142689831,95.67163905195625,17.03513655615873,196.49049583469838],[23.882295389912436,95.67163570818131,17.590680715747474,196.58517594795836],[23.882301564788456,95.67163049815807,18.45628859779445,196.66138785159464],[23.882308621843027,95.67162454380072,19.445562218118514,196.6557763620501],[23.882317587400095,95.67161697915317,20.702373938568456,196.58463760095773],[23.882324313984764,95.67161130362828,21.645321511022775,196.49024978771342],[23.88233118819255,95.67160550354708,22.608963198253292,196.38973009027524],[23.88233908428561,95.67159884125488,23.71585500836072,196.32492912816335],[23.88234748096991,95.67159175659111,24.892920779486712,196.34292510328578],[23.882354775848032,95.67158560157124,25.91553290128999,196.3419557544711],[23.882361090009045,95.67158027402692,26.80066591728965,196.37478391768386],[23.88236876872144,95.67157379514865,27.877084734562423,196.4462666366694],[23.882379580840958,95.67156467247253,29.392751423640835,196.22227064829812],[23.882392123995526,95.67155408924353,31.1510783559874,196.12302301932397],[23.88241725949954,95.67153288127761,34.67462827846391,195.88416448184307],[23.882418637406047,95.67153171867533,34.86778621871809,195.84366423693473],[23.8824290297256,95.6715229502035,36.32460422271159,195.83082762067716],[23.882433712145875,95.67151899943292,36.980996088351375,195.82570638528958],[23.882440913526878,95.67151292330081,37.99050133435647,195.77479510829562],[23.882447984084823,95.67150695755006,38.98166749918125,195.7625768854284],[23.88245471267703,95.67150128033133,39.92489614659795,195.680083744777],[23.882460410165997,95.67149647310121,40.72358249195676,195.65117874742293],[23.88246483364119,95.67149274081436,41.34367481714385,195.5565192217589],[23.882467318768114,95.67149064399995,41.69204528456334,195.46376189100945],[23.8824697681818,95.67148857731841,42.03540938956178,195.42731716446025],[23.882478463594744,95.67148124060373,43.254351155103066,194.42976386180246],[23.882480880729382,95.6714792011575,43.59319030393864,194.39613098731363],[23.882484726977236,95.67147595590355,44.132365621148786,194.53066260447824],[23.88248791886231,95.6714732627652,44.579810948506285,194.44658035865152],[23.882490536643974,95.67147105402395,44.94677722117017,194.39613098731363],[23.882493356289228,95.67146867496123,45.34204116250151,194.6147448726567],[23.882497358823883,95.67146529784102,45.90312508041111,194.5474790566238],[23.882502396478866,95.6714610473428,46.609314385064906,194.59792841306054],[23.882507457165893,95.6714567774114,47.318732360018295,194.6315613173517],[23.882512562089325,95.67145247015573,48.03435147882838,194.5811119460138],[23.882517481759024,95.67144831920703,48.72400132319745,194.5811119460138],[23.88252223278697,95.67144431054905,49.39001059609304,194.5811119460138],[23.882526619546013,95.67144060924129,50.00495586501656,194.59792841306054],[23.88253098686277,95.67143692433785,50.617175666473884,194.5474790566238],[23.88255238759242,95.67141886757062,53.61717559810696,199.5474790566238],[23.882554527665423,95.67141706189386,53.91717558711497,201.5474790566238],[23.882561661242246,95.67141104297123,54.91717555562422,201.5474790566238],[23.882568794819196,95.67140502404848,55.91717552267823,201.5474790566238]]}