{"terrain":{"left":6,"bottom":9,"right":4},"data":[[23.915928,95.685918,0,206.6310958024585],[23.915928305000982,95.68591431768174,0.3764441947690722,206.54756727890083],[23.915929074547943,95.68590502683213,1.3262497546415282,206.53361414722485],[23.915930101598782,95.68589262709096,2.5938779543382964,206.45895474989192],[23.915931369027103,95.68587732521888,4.158191591792933,206.33335063229202],[23.915932485538264,95.68586384537919,5.536238444709883,206.2217554342817],[23.915933906922533,95.68584668473078,7.2905751146556055,206.08573342631485],[23.915935075905402,95.68583257135582,8.733388355616734,205.7712595844011],[23.915936290646552,95.68581790551472,10.232680294948759,205.7228586527283],[23.91593733085208,95.6858053468676,11.51655334169727,205.85697801959816],[23.915938746976305,95.68578824964487,13.264405861002347,205.85099544121834],[23.91594015222699,95.68577128367811,14.998840018895256,205.86399355046632],[23.915941365801963,95.68575663184491,16.496699811365207,205.817730057939],[23.915942354952666,95.68574468953662,17.71756431841575,205.78446473618095],[23.915943691418338,95.68572855397406,19.36710599753441,205.81881206116327],[23.915945015355227,95.68571256965492,21.001186000228866,205.83357837292732],[23.915946238518803,95.68569780198648,22.510887540396862,205.86704962690465],[23.915947473726085,95.68568288889267,24.035455914193317,205.86589458825313],[23.915948859322942,95.68566616007136,25.745646414424346,205.87399789392862],[23.91595022360179,95.68564968860836,27.429527093149666,205.81505398027525],[23.91595133444769,95.68563627692264,28.80060615307303,205.77484220353307],[23.915952404816817,95.68562335391574,30.121727466317655,205.8068554835403],[23.91595343125647,95.68561096127488,31.388629346447647,205.78256370445285],[23.915954507151902,95.6855979715203,32.716574244148696,205.7083458061781],[23.9159554933094,95.68558606519896,33.93375955181191,205.5701448230538],[23.915956564378995,95.68557313368318,35.2557506461015,205.4502058704561],[23.915957609524984,95.68556051514204,36.545746265767335,205.35418839248314],[23.915958548952375,95.68554917298071,37.705257342436084,205.31690916042697],[23.9159593505378,95.68553949504394,38.694634447473895,205.25791521226222],[23.915960195699903,95.68552929097638,39.73779797869059,205.1666444608258],[23.915961119651836,95.68551813562993,40.87821089257014,205.04691545701354],[23.91596219880855,95.68550510640391,42.21019080521196,205.0011054887769],[23.91596328974615,95.68549193492733,43.556712995030715,205.04304032257562],[23.91596427175889,95.68548007854719,44.768792641433016,205.01515395975906],[23.91596493218827,95.6854721048137,45.58394868676764,205.03176889566475],[23.915965751894195,95.68546220803826,46.595697605955614,205.0410301752932],[23.91596648741937,95.68545332761813,47.5035443490949,204.9679988979126],[23.915967584280686,95.68544008456657,48.85738357092523,204.97371021425317],[23.915968499211107,95.68542903806281,49.98666935075723,204.95700932290168],[23.915969315851672,95.6854191782634,50.994638149471335,204.9739754715976],[23.915970245485394,95.68540795421907,52.14207389877574,205.00683523302877],[23.91597090376001,95.68540000645552,52.954574958124425,205.06406802747313],[23.91597201319085,95.68538661158756,54.32393430062625,205.02455760567278],[23.915972997927074,95.68537472222552,55.53938552895112,204.9560007726426],[23.915974214593568,95.68536003260246,57.04110782689773,205.03580771281486],[23.915974454746006,95.68535713308042,57.33752638398606,205.0529269860137],[23.91597521657252,95.68534793503187,58.27784420392954,204.99965113643043],[23.91597605654154,95.68533779350797,59.31461363265893,205.0014604186178],[23.91597659031358,95.68533134890656,59.97344614297592,204.96279188287764],[23.915977135825038,95.68532476256351,60.64676891480341,204.97911877379045],[23.91597746483561,95.68532079018614,61.052865607600765,204.93651275793195],[23.91597809771546,95.68531314897652,61.834027527002284,204.8949948787149],[23.915978802120524,95.68530464418647,62.70347338310346,204.93162647102486],[23.915979385444803,95.68529760128753,63.42346990395051,204.96666250839166],[23.915979687183036,95.6852939581806,63.79590522094944,205.0496163281823],[23.915979807343103,95.68529250739968,63.9442187501841,205.04151758956095],[23.915980467727287,95.68528453409245,64.75933102510547,205.14809505098697],[23.915981497671364,95.68527209880486,66.03059213668571,205.14157451726123],[23.915982428003566,95.68526086619555,67.17890326917295,205.19550357835737],[23.915983426125255,95.68524881510092,68.41088824635521,205.17944088179365],[23.915984650144523,95.68523403655442,69.92170095741254,205.1985166641237],[23.915985560445456,95.68522304576467,71.04529079059509,205.2056678981465],[23.9159864610252,95.68521217233713,72.156882655719,205.2023351119836],[23.9159871086483,95.68520435305376,72.95624896697426,205.34895777350016],[23.915987657357316,95.6851977280373,73.63352521990576,205.49617974715386],[23.915989118698946,95.68518008403746,75.43727347400214,205.42307185119535],[23.915990385416087,95.68516478988174,77.0007968451429,205.56603057707957],[23.915990765299732,95.68516020321914,77.46969190631671,205.598881774346],[23.915991098807478,95.68515617649123,77.88134477539097,205.63961538888054],[23.91599146511791,95.68515175370669,78.3334865587899,205.7825023300665],[23.91599205662551,95.68514461191738,79.06359251286935,207.7825023300665],[23.9159940283146,95.68512080595907,81.49727835882612,207.7825023300665],[23.915996,95.68509700000001,83.93096420909832,207.7825023300665]]}