{"terrain":{"left":1,"bottom":1,"right":1},"data":[[23.906275940244427,95.6819254598491,0,207.10062814273877],[23.90630075527471,95.6819075222604,0.5999999999999943,207.10062814273877],[23.906321058481094,95.68189284604867,1.1999999999999957,206.80062814273876],[23.90633684986367,95.68188143121554,1.7999999999999972,206.50062814273875],[23.906348129422547,95.68187327776232,2.799999999999997,205.50062814273875],[23.906351889275452,95.68187055994434,3.299999999999997,205.50062814273875],[23.90635512956111,95.68186821769049,3.730906253154025,205.37884920914283],[23.906358677786237,95.68186565284131,4.202763538099433,205.48839464091296],[23.90636594030609,95.68186040309885,5.168562696624086,205.4688281086426],[23.906371066157725,95.68185669785584,5.850219096173568,205.51183906458945],[23.906376167257427,95.68185301050487,6.52858387518004,205.62167640541932],[23.90637834565363,95.68185143584218,6.818275772163325,205.6422629987152],[23.906379234424385,95.68185079339057,6.936468084908711,205.674333654118],[23.906391695904897,95.68184178555794,8.593645899595145,205.96918132086634],[23.906393094512442,95.68184077456871,8.779638353751857,206.00192932514963],[23.906400350147237,95.68183552980315,9.744521834950177,206.12144995198773],[23.906411097330754,95.68182776115718,11.173725472220596,206.17030634401803],[23.90641422787016,95.68182549823385,11.590037171899553,206.17836962462107],[23.906426929252607,95.68181631698712,13.279117975448038,206.16388409540784],[23.906435368797812,95.68181021642702,14.401442535787048,206.1207975448394],[23.906443596190606,95.68180426922218,15.495554195882406,206.1241819269894],[23.906452306834336,95.68179797269741,16.65393048039261,206.11820195143],[23.9064590531723,95.68179309607916,17.551085502091574,205.95045349871768],[23.906467121429266,95.68178726390632,18.62403458507768,205.8259932717967],[23.906474643006256,95.68178182690335,19.624283960573894,205.69305500988125],[23.906479124666674,95.68177858731661,20.220273070241017,205.61509388473686],[23.906491420940313,95.68176969890445,21.855480639356678,205.58491874431533],[23.906498238152757,95.6817647710543,22.76206075339319,205.56131130898174],[23.906505503718915,95.68175951910982,23.728264716758165,205.58521561896455],[23.906511900448287,95.68175489520758,24.578927287082987,205.6184599249381],[23.906519917310852,95.68174910018539,25.64504160881646,205.6103983997851],[23.90652710449267,95.68174390490134,26.60082166380382,205.61020819701318],[23.90653527174834,95.68173800116686,27.686935823042425,205.59616249870933],[23.906542297458962,95.68173292260295,28.621242762599678,205.35298290263003],[23.90655015949657,95.68172723949661,29.666767773750912,205.16455396635493],[23.906558270502586,95.68172137642243,30.745401573416682,205.68208676080118],[23.9065654187254,95.68171620930006,31.696000622351757,205.73982381028222],[23.906573291359937,95.68171051853369,32.742934800428756,205.92758195181133],[23.906576670101344,95.68170807619651,33.1922532336133,205.93649334729892],[23.906599012151958,95.68169192615301,36.16338764766629,205.67729757362613],[23.906600580779852,95.68169079226386,36.3719899953186,205.56329718066544],[23.906617004870238,95.68167892004233,38.55613050683816,204.83892461502208],[23.906621358329822,95.6816757731261,39.13507077068391,204.9352979346315],[23.906628878034113,95.68167033747682,40.13507075781017,204.9352979346315],[23.90655744082488,95.68172197610478,40.73507075781017,205.23529793463152],[23.906564960523156,95.68171654044798,41.73507075781017,205.53529793463153],[23.906572480221232,95.68171110479057,42.73507075781017,206.53529793463153],[23.906579999919103,95.68170566913251,43.73507075781017,207.53529793463153],[23.90658751961678,95.68170023347383,44.73507075781017,207.83529793463154],[23.906595039314258,95.68169479781452,45.73507075781017,208.83529793463154],[23.906602559011535,95.68168936215457,46.73507075781017,209.33529793463154],[23.90661007870861,95.681683926494,47.73507075781017,209.63529793463155],[23.90661759840549,95.68167849083281,48.73507075781017,209.63529793463155],[23.906625118102166,95.68167305517098,49.73507075781017,209.63529793463155]]}