{"terrain":{"left":6,"bottom":1,"right":4},"data":[[23.888272915910807,95.67604661259126,0,200.5974862132585],[23.888270204191826,95.67605597862861,0.9999999444126431,200.5974862132585],[23.888267492472895,95.67606534466579,1.9999998904714573,200.5974862132585],[23.888264780753754,95.67607471070369,2.9999999313858012,195.5974862132585],[23.888264675842354,95.67607507305839,3.0386880852773857,195.59831335875054],[23.88826223699985,95.67608349660453,3.938059488518853,195.6024179830573],[23.888260131005193,95.67609077052369,4.71468668149452,195.39588644534274],[23.88825551483401,95.67610671437038,6.416991160584139,195.3972352293768],[23.888254739265086,95.67610939311679,6.7029975550128995,195.206543270915],[23.888252693858785,95.67611645776913,7.45728163246271,195.1756954651148],[23.888248536004355,95.67613081863031,8.990572815879432,195.22164050532172],[23.88824683243158,95.6761367026199,9.61879903581083,195.16552295719902],[23.88824481674729,95.67614366461504,10.362122571951957,195.02361680343705],[23.888242721754512,95.67615090053465,11.134692693942277,195.17611341861607],[23.888239284838583,95.67616277133808,12.402123612634014,195.37726711304185],[23.888237616351617,95.67616853414438,13.017411282069162,194.72134455670687],[23.88823632962337,95.67617297838986,13.491917858402626,194.39195493077273],[23.88823414472073,95.6761805248502,14.29764407310099,194.37411200762688],[23.888232522740832,95.6761861270252,14.895781364067659,194.46585305223152],[23.888229537107136,95.67619643913973,15.996793082646075,194.33081664356826],[23.888226981378747,95.67620526639939,16.939268700463415,194.400506762804],[23.888224455155335,95.67621399175145,17.870863786845348,194.42427780135932],[23.888219410794264,95.67623141452813,19.731072229074375,195.1291550992259],[23.88821889159493,95.67623320779667,19.922537309643342,195.72502213708833],[23.888215951134235,95.67624336388765,21.006890690512684,195.89192544573746],[23.888214726947627,95.67624759211985,21.45833386359505,195.94368235562843],[23.888214589405464,95.6762480671783,21.50905527356508,195.92662966478957],[23.88821331376012,95.67625247314442,21.979474883650386,195.9127249962321],[23.88821015474891,95.67626338408954,23.144423162454256,195.61508493342558],[23.888207362748272,95.67627302741262,24.174029004787613,195.08028891775206],[23.888202766771617,95.67628890150921,25.868886978485214,194.12407515812276],[23.88820236793727,95.67629027904773,26.01596509263965,194.12407515812276],[23.888200041262287,95.67629831517719,26.873972878752767,194.38456256556867],[23.888198797295782,95.67630261172741,27.33271033418813,194.41819546985982],[23.8881970291203,95.67630871884903,27.98476030887006,194.50227771568655],[23.888191735562277,95.6763270023299,29.936865455580914,194.5359106199777],[23.888190415548618,95.67633156154025,30.42364684395403,194.51909416783212],[23.888188220976023,95.67633914139975,31.23293930706234,194.5527270572221],[23.88818636958577,95.67634553593781,31.91567643783285,194.01407514381765],[23.88818563054194,95.67634808852979,32.18821361184517,193.95407514143346],[23.88818331380887,95.67635609032077,33.04255521982614,193.9240751700437],[23.88818100165893,95.67636407628203,33.89520672143527,193.8640751676595],[23.888178875906373,95.6763714184432,34.67912047033051,193.8340751366651],[23.888176269559157,95.6763804205358,35.64026312807019,193.74407516289114],[23.888173837823423,95.6763888195358,36.53701432295313,193.68407516050695],[23.888172371283204,95.67639388483592,37.07783037295083,193.65407518911718],[23.888170536411636,95.6764002223199,37.75447598384827,193.48407511282323],[23.8881689057374,95.67640585452439,38.35581975223054,193.4240751700437],[23.888166717298187,95.67641341319973,39.16285052690349,193.4240751700437],[23.88816507082506,95.67641909997218,39.77002046791186,193.4240751700437],[23.888163522267455,95.67642444855309,40.34108210372233,193.48407511282323],[23.888161473245304,95.67643152569424,41.096700075231524,193.45407514143346],[23.88816008767564,95.67643631132923,41.60765665731003,193.56407515573858],[23.888157425635466,95.67644550578038,42.589337335705345,193.6240752177274],[23.888155742627163,95.6764513187421,43.209980391721366,193.7740751342809],[23.88815419717275,95.67645665660486,43.779897702576555,193.97407518196462],[23.888152830978342,95.67646137531942,44.28370929480928,193.95407514143346],[23.888152017463238,95.67646418512858,44.58370930994205,196.95407514143346],[23.88815120394813,95.67646699493775,44.88370932718312,196.95407514143346],[23.888150390433026,95.67646980474693,45.183709347237595,196.95407514143346]]}