{"terrain":{"left":3,"bottom":9,"right":5},"data":[[23.904407860481783,95.6804368311353,0,205.20390997931253],[23.904408898000497,95.68042707559232,1.0000000193927,205.10390997931253],[23.904409935519226,95.6804173200492,2.0000000453622073,205.00390997931254],[23.904410053124906,95.6804162142308,2.1133528755648547,204.95655040289043],[23.904410150721024,95.68041529655761,2.2074197263946527,204.87630830730782],[23.90441049136312,95.6804120935806,2.535743534836007,204.84802665872095],[23.904410738150595,95.68040977309636,2.7736066912490394,204.7154923755761],[23.90441088896937,95.68040835498309,2.9189715654779853,204.55836888484498],[23.904410936167093,95.68040791119407,2.964462525736448,204.5884440982497],[23.90441221021011,95.68039593166904,4.192433639661087,204.46960269566932],[23.90441243735385,95.68039379589018,4.41136341434813,204.28299604230637],[23.904412726750483,95.68039107476216,4.690294889459853,204.13460508851165],[23.904413269671966,95.68038596979989,5.213583260287354,203.99348923593593],[23.904413808122865,95.6803809068735,5.732562705692965,203.85935521865878],[23.904414549621105,95.680373934741,6.447246895507707,203.70996927821065],[23.90441521996627,95.68036763164403,7.093351043932648,203.75084872312505],[23.90441570317521,95.6803630881447,7.559086182671649,203.7915784960799],[23.904416705487222,95.68035366364202,8.525152585718736,203.61021476941877],[23.90441742866984,95.68034686372695,9.222183469619482,203.41066591777894],[23.90441818137325,95.68033978623492,9.947667605481628,203.32205665831447],[23.90441888840747,95.68033313815945,10.629134039385232,203.26855199475062],[23.904419628205623,95.68032618201246,11.34217959395476,203.27000764103366],[23.90442025662835,95.68032027310227,11.94787727757299,203.24277137394952],[23.904420987753348,95.68031339850691,12.65256330836557,203.27841039124274],[23.904421672057325,95.68030696415852,13.312121459730562,203.28114092509463],[23.904422350161315,95.68030058810714,13.965703823456408,203.30274529978936],[23.904423101679527,95.68029352175924,14.69004559327636,203.21044930919408],[23.904423724038406,95.68028766986595,15.289898697892323,203.16999296335229],[23.904424143148546,95.68028372907247,15.693852952055305,203.18580837376322],[23.904424607992862,95.68027935825137,16.141887538372405,203.0473234582347],[23.904425205725794,95.68027373791003,16.718005213850425,202.9586404831778],[23.90442576055796,95.68026852095446,17.252773499688967,202.91090112472327],[23.904426082666912,95.68026549224018,17.563234324963194,202.8132021012794],[23.904426268552474,95.68026374440225,17.742397877471888,202.74244764792144],[23.904426279397487,95.68026364242914,17.752850713817473,202.77016559225547],[23.904426300833034,95.68026344087576,17.773511106787105,202.7366430206333],[23.9044299343668,95.68022927561753,21.27564869769624,200.80341490069466],[23.904429986800093,95.6802287825997,21.326185890813417,200.80341490069466],[23.904430038652208,95.6802282950465,21.37616292766129,200.80341490069466],[23.904430174846404,95.68022701444471,21.507432055191117,200.80341490069466],[23.904430309078965,95.6802257522877,21.636810483457843,200.60394029775696],[23.90443042777952,95.68022463617447,21.75121857571153,200.62075679460602],[23.904430527617915,95.68022369741766,21.84744660578244,200.62075679460602],[23.904430586451312,95.68022314422115,21.90415246212043,200.63757323185044],[23.9044309272334,95.68021993992784,22.232611148644825,200.45341490665513],[23.904431540932066,95.68021416946448,22.824117175880858,200.4234148756607],[23.90443178525541,95.68021187214987,23.059605272210366,200.4234148756607],[23.90443219189394,95.68020804862402,23.451538889435668,200.4234148756607],[23.904432642681712,95.68020380997325,23.886025220042733,200.77210484901505],[23.904433114314763,95.68019937531926,24.340603019707917,200.8057377533062],[23.904433612838492,95.68019468781861,24.821099066357966,200.68341486612397],[23.90443412674097,95.68018985571518,25.31641773963578,200.68341486612397],[23.904434650574064,95.68018493023655,25.821307909307762,200.6534148947342],[23.90443518519522,95.68017990332035,26.336596017834484,200.71341489711838],[23.904435737406843,95.68017471100512,26.868838485491345,200.74341486850815],[23.904436315673706,95.68016927369862,27.42619397757644,200.77341489950257],[23.904436923162056,95.6801635616294,28.011714243211095,200.60341488281327],[23.904437529700008,95.68015785849656,28.596318473929344,200.60341488281327],[23.90443813855582,95.68015213356944,29.183156744025805,200.60341488281327],[23.90443873112701,95.68014656176274,29.7542992767838,201.00753520885544],[23.904439339625025,95.6801408401999,30.34079268122072,201.02435164609986],[23.904439941864574,95.68013517748392,30.921253940051244,201.0411681131466],[23.904440607505943,95.68012891861562,31.562824267696563,201.00753520885544],[23.904441235001013,95.68012301842796,32.16762774516709,201.15888326326447],[23.90444180651491,95.68011764461801,32.71847445066303,201.14206679621773],[23.904442204151213,95.68011390573793,33.10173135493495,201.05798456529217],[23.90444243507634,95.6801117344036,33.32430572291551,200.88982002893525],[23.9044434725953,95.68010197885832,34.324305716105094,201.08982002893524],[23.90444378385098,95.6800990521948,34.62430570393781,201.58982002893524],[23.904443887602877,95.68009807664026,34.72430570665008,207.58982002893524],[23.904444925121833,95.68008832109501,35.72430568542796,207.58982002893524],[23.9044459626408,95.68007856554968,36.724305663898754,207.58982002893524],[23.904447000159767,95.68006881000431,37.72430563853169,207.58982002893524]]}