{"terrain":{"left":4,"bottom":1,"right":6},"data":[[23.883930494188494,95.67424607869322,0,199.70941333042396],[23.883935651975037,95.67423801950741,1.0000001109822627,199.70941333042396],[23.883940809761707,95.67422996032144,2.0000002175971883,199.70941333042396],[23.883945967548502,95.67422190113524,3.000000326201865,193.70941333042396],[23.88394746694823,95.67421955828122,3.2907063812346395,193.7456088732216],[23.883950989207506,95.67421405465254,3.9736077275959376,193.69685348744014],[23.883956275587657,95.67420579453565,4.99853966765174,193.59823659042934],[23.883961537781094,95.67419757221117,6.018782222513934,193.61410210433922],[23.883964951005513,95.67419223895251,6.680543666065714,193.74314841700493],[23.88396880957211,95.67418620983423,7.428648753281914,193.8585665368401],[23.883971642125232,95.67418178389073,7.977828690172923,193.8277989878572],[23.883975739900592,95.67417538100207,8.772311927309074,193.56632594754268],[23.883979003215853,95.67417028198066,9.405008696957964,193.17152858225631],[23.88398282842707,95.6741643049811,10.146646736418923,193.13329428941728],[23.883987333554753,95.67415726559304,11.02010804370865,193.07719659076236],[23.88399034979176,95.67415255263833,11.604900850845413,193.0349795217512],[23.883995031890002,95.67414523672882,12.512673455880261,193.13944529134898],[23.88399967203555,95.67413798637156,13.412312184440985,193.21149813203618],[23.884004199559342,95.67413091198895,14.290115609286865,193.2116428215544],[23.884008294943012,95.67412451283738,15.084135010570694,193.17331069589],[23.884012938904878,95.67411725651704,15.984513589679432,193.35541622265777],[23.884018292994966,95.67410889060146,17.022572913696862,193.5580256391018],[23.884022402575525,95.67410246926684,17.81934477323336,193.89189768795654],[23.884024654617967,95.67409895038753,18.25597424816894,194.16731259763822],[23.88402684710042,95.67409552457235,18.681056138233796,194.29845726394063],[23.884030772170018,95.67408939154127,19.44205469254688,194.42163267331972],[23.884032746145127,95.67408630714993,19.824772029034037,194.52257894675603],[23.884037842021424,95.67407834470063,20.81276836004372,194.65659691019033],[23.884043715842903,95.67406916669023,21.951593866367006,194.98625252082348],[23.884049147538768,95.67406067951345,23.004699352806906,195.3637099015276],[23.88405345211285,95.67405395349601,23.839276724251068,195.5398745734201],[23.884055694468934,95.67405044975189,24.274028126881426,195.61224899406955],[23.884062485572933,95.67403983846187,25.5906976516885,195.7377281953424],[23.88406685128079,95.67403301692119,26.437127674926753,195.90063853259585],[23.884071410793926,95.67402589255434,27.32113293739957,195.98822086042958],[23.88407582153169,95.67401900065317,28.17629339048477,196.14424872736691],[23.884079392588816,95.67401342077649,28.868655284098264,196.1015411869398],[23.88408265702681,95.67400832000078,29.50156939422658,196.05386778268775],[23.884084400465806,95.67400559582856,29.83958994364708,196.0026921291086],[23.884088904896476,95.67399855752961,30.712915656511115,195.85960625812663],[23.884093727697433,95.67399102176817,31.64796745248171,195.82021703671006],[23.884097300815824,95.67398543867071,32.34072892553301,195.7358745943111],[23.884102240830423,95.67397771975968,33.29850623294188,195.67295970325068],[23.88410603091927,95.67397179763981,34.03333422638792,195.66287189252165],[23.884109000676983,95.67396715731029,34.60911520547862,195.65937427722332],[23.884112393769325,95.67396185550857,35.266972910295735,195.6809722420536],[23.884114722758905,95.67395821639718,35.718520809307286,195.719666274473],[23.884118486675693,95.67395233517189,36.44827447755095,195.79006444759654],[23.884124200045054,95.6739434078724,37.555990824967964,195.78845499361853],[23.88412787673008,95.67393766294916,38.26883183862577,195.73093052663688],[23.88413200195649,95.67393121716748,39.068636688842815,195.6969876725516],[23.884135115673892,95.67392635189691,39.672328701546085,195.6907495340381],[23.88417490955211,95.67386417284874,47.38762225179625,192.9580609010663],[23.88417641996908,95.67386181277998,47.68046400384858,192.8472349916126],[23.884180188641277,95.67385592412421,48.41113942817692,192.78686895079284],[23.88418520832884,95.67384808072194,49.38436343445525,192.7858958297699],[23.884191347792495,95.67383848763819,50.57469115083531,192.81904076955027],[23.884197858464596,95.67382831453088,51.83698923548819,192.87641357227017],[23.8842041914635,95.67381841904289,53.06483975574746,192.88985741231454],[23.884209852325977,95.67380957378688,54.16237550725171,192.89888565175124],[23.884221638958827,95.67379115684325,56.44758389047225,192.87796201080192],[23.88422178900082,95.67379092239844,56.476674234283465,192.86233279614987],[23.88422226841775,95.67379017329607,56.56962423677131,192.83836477676522],[23.884222363796653,95.67379002426387,56.58811642641865,192.82287526549874],[23.884223978260213,95.67378750161939,56.90113080181585,192.89030938588837],[23.884226704149967,95.67378324234036,57.429629983963466,192.83905352649066],[23.88423126608823,95.6737761141842,58.314104707170834,192.68561130960268],[23.884235563331824,95.67376939962084,59.14726005469528,192.59126422606187],[23.88424067760947,95.67376140841893,60.13882303502604,192.5224758050881],[23.884244979852216,95.67375468604425,60.972947584640245,192.573991402908],[23.88424877606879,95.67374875434963,61.70896309190651,192.55423596358895],[23.884252407044496,95.6737430808485,62.412941465336665,192.59459595078965],[23.884256313526507,95.67373697686105,63.17033535158415,192.5959667101738],[23.884260695519913,95.67373012987375,64.01992199719885,192.6006515564414],[23.88426386787388,95.6737251729819,64.63498214485045,192.6375048098717],[23.884265869154795,95.67372204592448,65.02299310869986,192.65379149917044],[23.884268028822596,95.67371867138311,65.44171232289752,192.6780214474718],[23.88426977209639,95.67371594746903,65.77970052128109,192.65725665946474],[23.884272658140837,95.67371143794384,66.33925057911624,192.61036185092485],[23.884276730280742,95.67370507511129,67.12876235503771,192.55668036099758],[23.88428038253332,95.67369936836445,67.8368658151224,192.56777069244617],[23.884284598750753,95.67369278040674,68.65431149490871,192.53837704780375],[23.884288484805495,95.67368670833747,69.40774479161202,192.58095310768965],[23.88429117767373,95.6736825006555,69.92984154409409,192.63382747281383],[23.884293462239075,95.67367893095823,70.37277599997441,192.66540227985007],[23.884296253913117,95.67367456888942,70.91402933468174,192.71247919353073],[23.884299315967137,95.67366978434436,71.50770427341338,192.82641996482357],[23.884303584734024,95.67366311427665,72.33533823134671,192.80334299271743],[23.88430652117026,95.67365852601287,72.90465821437684,192.838481209422],[23.884309745131382,95.67365348848341,73.52972387799002,192.9208391715187],[23.88431405394205,95.67364675584616,74.3651215288997,193.0388350103422],[23.88431708258555,95.67364202350596,74.95231874100043,193.11191121324106],[23.884319324035573,95.6736385211776,75.38689388650128,193.28591812356888],[23.884322854011515,95.67363300549141,76.07129004490817,193.45530513705512],[23.884325267441618,95.67362923443935,76.53920889068954,193.57685195042973],[23.88432730974511,95.67362604328298,76.9351732419347,194.10700527895563],[23.88433246754104,95.67361798408254,77.93517313220921,194.10700527895563],[23.884335046439045,95.67361395448225,78.4351730761947,195.10700527895563],[23.884340204235162,95.6736058952815,79.4351729650411,195.10700527895563],[23.884345362031407,95.67359783608055,80.43517285305394,195.10700527895563]]}