{"terrain":{"left":5,"bottom":9,"right":5},"data":[[23.900501177592854,95.67866961350629,0,204.43759353297082],[23.900502178189694,95.67866522496223,0.46042125667387684,204.36809002872002],[23.900505341628705,95.6786513503517,1.916067019275686,204.20182605366307],[23.900507845007972,95.6786403707146,3.067988495708855,204.08946244634933],[23.900510257502134,95.67862978969288,4.178089481130532,203.99956171227586],[23.900512589679998,95.67861956093252,5.251233177352472,203.92882146262122],[23.90051511634167,95.67860847918051,6.41386791205126,203.8606221959119],[23.900517386997667,95.67859852025053,7.458702493314797,203.66539643927615],[23.900519499515045,95.67858925490488,8.430770117575518,203.52846767632258],[23.900521620810675,95.67857995105847,9.406877007661262,203.40326619930556],[23.900522434136256,95.67857638387237,9.781125971812667,203.28165988580957],[23.900524817938066,95.67856592869319,10.87802415378798,203.01920595049245],[23.90052665185573,95.67855788526536,11.72189503090407,202.80184267823523],[23.900528607445487,95.67854930819271,12.621752884617056,202.7274732420832],[23.900530475134797,95.67854111664495,13.481163642698691,202.6681231271146],[23.900532556988114,95.67853198578962,14.439121213183306,202.58709948971523],[23.900534540517754,95.67852328617471,15.351835468582864,202.58552484465616],[23.900543314491212,95.67848480417328,19.389148646534593,202.39494725334845],[23.900545236793832,95.67847637309556,20.27368943565004,202.3825442627459],[23.900547750810357,95.67846534680422,21.430505278459556,202.67405780572437],[23.900547875265303,95.67846480095399,21.487772783546575,202.71459728122352],[23.900548887650178,95.6784603607085,21.953618107056734,202.8724275971332],[23.900549531613176,95.67845753633421,22.249935405977475,202.94177421500842],[23.900550232133796,95.67845446390236,22.57227749096563,202.9630961927191],[23.900550913954294,95.67845147348787,22.886014781809937,202.91779723221003],[23.90055122405521,95.67845011340809,23.028706618780262,202.89579364335128],[23.900551229623726,95.67845008898499,23.031268951778596,202.89579364335128],[23.90055144872141,95.6784491280387,23.13208597394965,202.77927471073656],[23.900552461319634,95.67844468685745,23.598029460457763,202.68025991892387],[23.900555389441145,95.67843184433214,24.945394179168066,202.17695705092046],[23.900562290742577,95.67840157573231,28.121003422005966,202.14235000850704],[23.900563331296848,95.6783970119379,28.599810745041868,202.11814386055443],[23.90057269269687,95.67835595352685,32.90742529394113,202.0453482037479],[23.900574066183356,95.67834992951626,33.53943013668825,202.0412272124899],[23.900575777354895,95.67834242444391,34.32681952634574,202.04901464093155],[23.900577756377917,95.67833374459468,35.23745979434365,202.12910009370404],[23.900580325189683,95.67832247797546,36.41948919559351,202.16414760794146],[23.900581849324958,95.67831579323038,37.1208144939256,202.15810068053963],[23.900586106747948,95.67829712048669,39.07985214340211,202.30866193301375],[23.90058903601598,95.67828427293283,40.42774410193099,202.33564289708403],[23.900591729805466,95.67827245817053,41.66728144494743,202.2600779560704],[23.900594381257683,95.67826082909637,42.88733742416716,202.33562415221968],[23.900596868868597,95.6782499186181,44.032002410178315,202.54816930284937],[23.900599401246836,95.67823881179365,45.197266893499425,202.4643334730145],[23.900601264844635,95.67823063819095,46.05479451810857,202.38153173491048],[23.90060651098664,95.67820762899846,48.46878726655645,202.23761080840103],[23.900608686728418,95.67819808635527,49.469946733456354,202.15997918717773],[23.900609684126394,95.6781937118412,49.928895685749765,202.1413421529765],[23.900611271906648,95.67818674795393,50.65950683676884,202.0682901958951],[23.90061353853647,95.67817680668247,51.702488059526786,202.11667618043083],[23.900615711758473,95.6781672750908,52.70248801255106,202.61667618043083],[23.900617884980488,95.6781577434991,53.7024879526077,204.61667618043083],[23.900618971591506,95.67815297770319,54.20248792090568,205.61667618043083],[23.90062114481357,95.67814344611126,55.20248786110602,205.61667618043083],[23.900625491257795,95.678124382927,57.202487738966965,205.81667618043082]]}