{"terrain":{"left":8,"bottom":1,"right":6},"data":[[23.893846983272994,95.67514593618516,0,200.24006950002274],[23.893847631907974,95.67514367766816,0.24095506670408975,200.14176495424107],[23.893850139579033,95.67513494607351,1.1725052572594667,200.24313059063758],[23.893851711919737,95.67512947125591,1.7565987131898988,200.62936560220732],[23.893852546898845,95.67512656389728,2.0667769274583816,200.71372119788919],[23.893854678192632,95.6751191428309,2.858510380426138,200.35916094595063],[23.89385740431649,95.67510965059373,3.871211411944704,199.90166614136496],[23.893859836547335,95.67510118167843,4.774736992131583,199.73175201068392],[23.89386227463096,95.67509269238403,5.680436749007021,199.6273024928202],[23.893864029910198,95.6750865805829,6.332488196731624,199.46805732441658],[23.89386531906936,95.67508209179033,6.811385270714436,199.30927416182305],[23.893866773796088,95.67507702649915,7.351787406058502,199.10761318889172],[23.893873524856883,95.67505351961773,9.85967256306205,198.5335129249484],[23.893873548229944,95.67505343823382,9.868355190990226,198.52538145972352],[23.893873553088067,95.67505342131805,9.870159888331491,198.4931094336531],[23.8938735706221,95.67505336026535,9.876673434034103,198.52491215755094],[23.893873651695102,95.67505307797292,9.906790443885466,198.53199809071316],[23.89387482928003,95.67504897767667,10.3442398716143,198.42548139829853],[23.893876485756408,95.67504320990254,10.959587960101707,198.2697294250225],[23.893878274757945,95.67503698068194,11.62416650723793,198.16138239673393],[23.893879724076662,95.67503193422121,12.16255962460284,198.04070595788158],[23.893881193374384,95.6750268181945,12.708374542087553,197.84080254553874],[23.893882671076614,95.67502167290368,13.25731156092047,197.61154730493053],[23.89388368565106,95.6750181402024,13.634205804606527,197.4906336033863],[23.893884591214974,95.67501498707072,13.9706048027075,197.3836133136523],[23.89388644040915,95.67500854826214,14.657543679873488,197.2169189190389],[23.893888250232017,95.67500224654263,15.32985689096927,197.06207521540512],[23.893890079974845,95.67499587546274,16.009569962774396,196.98673525062145],[23.893893379487306,95.67498438671298,17.23527319883437,196.85234651323776],[23.893894426966128,95.67498073944016,17.624390737414213,196.75997136003394],[23.893895955358882,95.67497541764729,18.192158227597833,196.70056657271084],[23.89390107747826,95.67495758266453,20.09492358675062,196.60366740407312],[23.893905642392497,95.67494168784431,21.79069827241758,196.44007619659044],[23.893905857735696,95.67494093802925,21.87069397812716,196.38924866914283],[23.893907943710506,95.67493367476146,22.645592038001222,196.18706696136888],[23.893910783424804,95.67492378700761,23.700489277068073,195.9532719013697],[23.893913370320334,95.67491477955704,24.661469365224114,195.91678531325226],[23.89391575441296,95.6749064782568,25.547112202854045,195.91641674140283],[23.893917928359688,95.67489890867485,26.354690021849915,195.82991665507785],[23.893920302277447,95.674890642803,27.23655307458904,195.7320378270814],[23.893922270791904,95.67488378852673,27.967816881467083,195.71857928452363],[23.89392431759519,95.67487666165236,28.728163415776617,195.69243282581755],[23.893926591569112,95.67486874378034,29.572899290371836,195.74114463349673],[23.893929021839227,95.67486028169222,30.47569606078541,195.7931919157083],[23.893931096187785,95.67485305890649,31.246275075779128,195.8064652344067],[23.89393357706505,95.6748444206066,32.16787136426442,195.77314037299618],[23.89393593357063,95.67483621536317,33.043266040848174,195.7958293547445],[23.893938082255318,95.67482873374247,33.84145940413057,195.80078761730238],[23.893940137722502,95.67482157670082,34.60502431887661,195.78489662240366],[23.893942272463477,95.67481414363148,35.39803784755141,195.84306266420003],[23.89394403579479,95.67480800379342,36.053080115335106,195.8943000411096],[23.893945876173316,95.67480159568052,36.736743869828175,195.92584552104444],[23.89394803751344,95.67479406999418,37.539638416447914,195.92513331188212],[23.893950301011046,95.67478618860021,38.38048240990177,195.8594306908277],[23.893952719024515,95.67477776918915,39.27872593549221,195.91604316181935],[23.893955000397778,95.67476982555299,40.12621034612779,195.95014422925624],[23.893957375480326,95.67476155562541,41.00850586591415,195.9484179736213],[23.893959724731097,95.67475337564288,41.88120538224519,196.01346976795168],[23.893962324710497,95.67474432263488,42.84704553733083,196.0176737409352],[23.893964866935228,95.67473547072595,43.79143097505675,196.10244470664026],[23.89396735124269,95.67472682048228,44.71430129454062,196.15746897007455],[23.893969785395957,95.6747183448732,45.61854032087868,196.2318659473093],[23.893971784272164,95.6747113848787,46.36108265577234,196.31184216066288],[23.893973626842985,95.67470496913234,47.045560671922395,196.44690032182626],[23.893975831839278,95.67469729143723,47.86467245314399,196.59532150691888],[23.89397816217546,95.67468917731443,48.73034546751646,196.68419508790936],[23.893980316823427,95.67468167492987,49.5307538337328,196.76669453581258],[23.893982758748617,95.67467317225932,50.437879889750334,196.82614595773646],[23.893985203209926,95.67466466075811,51.34594805067123,196.7759468502457],[23.89398748543276,95.67465671416376,52.19374787063177,196.84088182571776],[23.893989549500997,95.67464952717364,52.96050763625162,197.03894774636854],[23.89399202122285,95.67464092075247,53.87870249695808,197.24529419910442],[23.893994586728937,95.67463198777895,54.83173629261291,197.47818845370324],[23.89399667678507,95.67462471030017,55.608150002402766,197.7527373071244],[23.893999016208213,95.67461656453699,56.47719851298768,198.0314209361478],[23.89400126676942,95.67460872818697,57.31323659506413,198.23512555214927],[23.89400357671008,95.67460068508043,58.17133293108368,198.55228458704897],[23.89400589755709,95.6745926039985,59.033480743936146,198.75503708922855],[23.89400846189435,95.67458367509477,59.986080250969636,199.01014881384685],[23.894011102744972,95.67457447977506,60.96710290976512,199.26832907608116],[23.894013446205516,95.67456631995384,61.83765114671983,199.46025559022985],[23.89401440543069,95.67456297997616,62.193983911121286,199.4932562272054],[23.894014702167212,95.67456194675331,62.30421553057079,199.48553849735697]]}