{"terrain":{"left":8,"bottom":1,"right":8},"data":[[23.89281237948745,95.67459208285648,0,199.47358720821404],[23.892812784639172,95.67459121346027,0.09925816526335628,199.45240428080785],[23.892816246767524,95.67458378424033,0.9474453655604084,199.45251586448526],[23.892819962945843,95.67457580986641,1.857872276311495,199.43611432407613],[23.892822825435857,95.67456966738246,2.5591539846699325,199.43695909697365],[23.892825134112574,95.67456471330064,3.1247569120851257,199.6143344918835],[23.892827538885243,95.674559553011,3.7139023884086555,199.42432111711926],[23.892828936871858,95.67455655313665,4.056395251639025,199.17647616029464],[23.892830060978824,95.6745541409679,4.331790312458694,199.01005072446966],[23.892831235262847,95.67455162112651,4.619478255766093,198.66622672528902],[23.89283451078898,95.67454459232758,5.421949668359241,198.43561309066348],[23.892837921199586,95.67453727408635,6.257466422553608,198.25638337380045],[23.89284189622007,95.67452874427508,7.2313069718561405,198.12040830611184],[23.892845869070783,95.67452021911983,8.204615925790023,198.10544388276108],[23.89284908944651,95.67451330866558,8.993575966356955,198.2450199479708],[23.892852534366526,95.67450591637223,9.837547106508126,198.35907867606497],[23.892856006817237,95.67449846500202,10.688262977815102,198.45323294919513],[23.892859124474146,95.6744917749673,11.45205788116461,198.43597550488593],[23.892861770640845,95.67448609668146,12.100342366873132,198.27535483276898],[23.892863886633602,95.67448155607119,12.618739509055551,198.1173596439798],[23.892865712227756,95.67447763861374,13.06599188260397,198.00349976189446],[23.89286694594782,95.67447499123134,13.368240998943932,197.83623060902093],[23.892867263193896,95.67447431046776,13.445963124523283,197.81670153869626],[23.892868423727425,95.67447182013294,13.730282267495046,197.81631108083556],[23.892869145684116,95.6744702709197,13.907154457639594,197.72295634985028],[23.892870442811986,95.67446748747344,14.224937847618655,197.68820885103005],[23.892871255958955,95.67446574257923,14.424150743969895,197.47788088786214],[23.892871384873008,95.67446546594857,14.455733400821703,197.27744734593435],[23.892872518142607,95.67446303411813,14.733373145287663,197.26056100217406],[23.892873298192512,95.67446136024539,14.924477588522512,197.17469190587727],[23.892874339449126,95.67445912586133,15.179575067203947,197.0858450838314],[23.892875234976508,95.67445720419084,15.398970335996792,196.9226774057705],[23.892875937334015,95.67445569703459,15.571040914912338,196.70291157585],[23.89287602197906,95.67445551539873,15.59177810568037,196.1866830298567],[23.89287670506672,95.67445404959275,15.759127761990193,195.67662096694323],[23.89287670672706,95.6744540460299,15.759534529434527,195.52527289763304],[23.892876757069647,95.67445393800209,15.771867959632266,195.49164000824305],[23.892877103465096,95.67445319468823,15.856731387219858,195.45800708905074],[23.892878039655628,95.67445118576059,16.086088718590855,195.65980451479766],[23.892879570813896,95.67444790011939,16.461207202380965,195.6934374190888],[23.89288178534048,95.67444314806997,17.003744091628285,195.5589058019242],[23.892884753074586,95.67443677974761,17.730809288255195,195.3066590346417],[23.89288800191849,95.67442980820483,18.526743560217366,195.39074128046843],[23.89289151320532,95.67442227349801,19.38697370678777,195.35710837617728],[23.8928950936442,95.67441459040103,20.264145395830894,195.42437415495726],[23.89289861306549,95.67440703823885,21.126368365439834,195.65980451479766],[23.892902664374034,95.67439834472458,22.11889836613169,195.5757222391686],[23.89290526389835,95.67439276652647,22.7557557635873,195.59253870621535],[23.89290853386091,95.67438574966614,23.55686379489233,195.40755774751517],[23.89291163030074,95.67437910516017,24.315460484213816,195.42437415495726],[23.89291735212447,95.67436682696521,25.717249845736763,194.97707032337996],[23.892923057202776,95.67435458470345,27.11493670015934,194.9470703519902],[23.892929472151632,95.67434081916358,28.686534646029706,194.91707032099578],[23.892932914751622,95.67433343184864,29.52993699152888,194.887070349606],[23.892933544902014,95.67433207963828,29.684317492095197,194.8570703186116],[23.892935973006985,95.67432686928093,30.27917875737033,194.7970703162274],[23.892937082376573,95.67432448873642,30.550963132010892,194.76707034483763],[23.89293710517973,95.6743244398042,30.556549674669526,194.76707034483763],[23.892949350581112,95.67429816296786,33.556549535863525,194.76707034483763],[23.892949758761166,95.6742972870733,33.656549528851905,199.76707034483763],[23.892957922362612,95.67427976918128,35.65654943735642,201.76707034483763],[23.892970167765533,95.67425349234165,38.656549293501826,203.76707034483763],[23.892974249566667,95.67424473339476,39.65654923672511,203.76707034483763],[23.892978331367885,95.67423597444768,40.65654917553633,203.76707034483763]]}