{"terrain":{"left":5,"bottom":2,"right":5},"data":[[23.903304261417464,95.67990026663817,0,207.28933938235355],[23.903317861273457,95.67988734554862,2.000000060555321,207.28933938235355],[23.903318541266287,95.67988669949412,2.100000065627702,205.28933938235355],[23.9033256988621,95.67987989913266,3.1525988249092207,205.2672566210921],[23.90333132245048,95.6798745562166,3.9796058500084,205.21088376115554],[23.903339729493947,95.67986656876721,5.215948800961851,204.79855506398178],[23.903343749565757,95.67986274933648,5.807142050953357,204.5045594534903],[23.903347360703204,95.67985931843029,6.338197254565599,204.38139398573884],[23.903353042755633,95.6798539199681,7.173801966681674,204.08847461006314],[23.903357322818923,95.67984985352203,7.803229631063661,203.98284468738248],[23.903362007869767,95.67984540230125,8.492214905447089,203.69335053534212],[23.903373860749046,95.67983414099712,10.235303573360095,203.37762599659806],[23.90337846128462,95.67982977007347,10.911859963149023,203.26539400321857],[23.90338372533494,95.67982476875099,11.685993053876837,203.0646349008189],[23.903387573593516,95.67982111255833,12.25191930419594,202.8279889459813],[23.90339402336685,95.67981498469206,13.200425208590303,202.6542940028221],[23.903399098889466,95.6798101624879,13.94683331152175,202.63036027330816],[23.903407972298822,95.67980173194886,15.251759914968593,202.47362226433555],[23.903416000656666,95.67979410428495,16.432412923733654,202.40452115838187],[23.903419565030536,95.67979071780837,16.95659093489528,202.26712858764324],[23.903420257430877,95.67979005996561,17.05841555946583,202.25156403504857],[23.903425428040325,95.67978514742038,17.818807100096063,202.23394238773218],[23.903434293831573,95.67977672411922,19.122613271794485,202.208915919549],[23.903441756242596,95.67976963415585,20.22003785572863,202.1410493888658],[23.90344436869711,95.67976715208849,20.604226257364417,202.14589499295852],[23.90344926911804,95.67976249624671,21.32488372805908,202.0799391361009],[23.903454252308094,95.6797577617668,22.057713242165246,202.04659719309245],[23.903455567949443,95.67975651178888,22.251191874816943,202.0433246978413],[23.90345978964566,95.67975250079678,22.87203584979419,202.05070912879748],[23.9034631133761,95.67974934295316,23.36082468863032,202.20157923887584],[23.903469405160312,95.6797433651908,24.286096429284314,202.3469935892578],[23.90347622788563,95.67973688298652,25.28944851424091,202.47515056756157],[23.903482021179318,95.6797313788351,26.14141204993475,202.59390366715976],[23.903490261179627,95.67972355009178,27.35318897710981,202.74615755532116],[23.903496533026356,95.67971759127184,28.27552862437627,202.80493052889452],[23.90350171310232,95.67971266973257,29.0373121241316,202.8744724285666],[23.903512740569802,95.67970219264406,30.65901470401751,202.9733177714684],[23.903519059332883,95.67969618924934,31.58825381623734,202.9917887227342],[23.903523273418813,95.67969218548771,32.207978492666015,202.93623377975848],[23.90352883519267,95.67968690130101,33.0258945255747,202.8985223041562],[23.90353423588129,95.67968177015983,33.82012130298601,202.94119718534807],[23.90353822222883,95.6796779827702,34.40635467791111,202.98287542408139],[23.903542265163594,95.67967414161761,35.000909777506415,202.9815172775767],[23.903545420922782,95.67967114336182,35.464996587758776,202.99274270111547],[23.903549524746072,95.67966724435962,36.06850595686681,203.0451137950326],[23.903552669057735,95.67966425698002,36.53090927911121,203.36694948167997],[23.903556627836533,95.67966049578318,37.113088352271916,203.55927673994978],[23.903560479883936,95.67965683599078,37.679571470758056,203.58007603016483],[23.903563346220857,95.67965411271224,38.10109573657587,203.4958458803267],[23.903569421507264,95.67964834064233,38.994528953298556,203.3848257985717],[23.903575598585377,95.67964247186111,39.90293166541919,203.25553934799194],[23.903581193496713,95.67963715619082,40.72572076658078,203.1600754174671],[23.903586277968046,95.67963232548458,41.47344441451087,203.18516566257304],[23.903590961206895,95.67962787598536,42.16216270043158,203.2887180939032],[23.903596350090854,95.67962275605966,42.95465332269661,203.50039318570364],[23.90359811825814,95.6796210761413,43.21468044169045,203.49148096801528],[23.90360659977365,95.67961301793675,44.46197419589467,203.448013967332],[23.90361324306057,95.67960670621513,45.438937578326154,203.48121637129563],[23.903613652409092,95.67960631729711,45.49913647126458,203.48081984596868],[23.903615801158594,95.67960427579132,45.815132087298906,203.55844131966964],[23.90362396107989,95.67959652313029,47.01513204947807,207.55844131966964],[23.903637560949196,95.67958360202809,49.01513198527127,207.55844131966964]]}