{"terrain":{"left":2,"bottom":9,"right":3},"data":[[23.911570163322544,95.68735602988389,0,208.15149659041077],[23.911571093195384,95.6873462609694,1.0000000203148107,208.15149659041077],[23.91157202306823,95.68733649205484,2.0000000419057167,208.15149659041077],[23.911572952941086,95.68732672314022,3.000000062124466,207.15149659041077],[23.911573045928375,95.68732574624869,3.100000070309628,205.65149659041077],[23.911574905674094,95.68730620841933,5.100000100461272,204.95149659041078],[23.911574998661365,95.687305231528,5.200000086588246,203.45149659041078],[23.91157534096153,95.68730163544379,5.5681151069632095,203.44163002825962],[23.911575721454323,95.68729763812138,5.977303083390164,203.40166049957918],[23.911576132097615,95.68729332404851,6.418915382487028,203.41825868246502],[23.911576604522633,95.6872883609187,6.926968728459903,203.4413631795008],[23.911577024755857,95.68728394609738,7.378894190821726,203.46206681185703],[23.91157771282565,95.68727671748002,8.118855335842117,203.4891693403698],[23.91157830057791,95.68727054276309,8.75093341592306,203.51069791070927],[23.911578940999497,95.68726381472086,9.439652921290744,203.4879732004012],[23.911579435370765,95.68725862103156,9.971307596417224,203.45846550213236],[23.91158058562271,95.68724653689233,11.208306716832984,203.44734364106404],[23.91158072252778,95.68724509861616,11.355536595003636,203.47168373174537],[23.911581451569827,95.68723743955883,12.139559926247474,203.49475090421515],[23.911582099140777,95.68723063640795,12.835967951146538,203.5015805525124],[23.911582750904387,95.68722378921046,13.536884826160607,203.46713009124005],[23.911583291313452,95.68721811186435,14.118049262329874,203.44357669834642],[23.911584066413155,95.6872099689416,14.951603710451364,203.50633884983557],[23.91158458527361,95.68720451797756,15.509594425690237,203.49061918349702],[23.91158535679288,95.68719641266955,16.33929841149684,203.45424916935832],[23.911585849108327,95.68719124057796,16.868742201946024,203.42306509320952],[23.911586559716437,95.68718377518101,17.632941359422222,203.43685709116988],[23.91158702782316,95.6871788574177,18.136350699836104,203.52769372644894],[23.911587742847225,95.68717134562829,18.905298838500748,203.51326402436553],[23.911588385105823,95.6871645982871,19.595993843471078,203.47691100520262],[23.911589057893416,95.68715753021911,20.3195202053042,203.43463080156135],[23.911589768292483,95.68715006701828,21.083494537196255,203.43356861141376],[23.911590535020657,95.68714201204384,21.908046070128233,203.4455290989593],[23.911591253871954,95.6871344600469,22.68111005087687,203.46021529941135],[23.911591997317228,95.68712664967435,23.48062277771822,203.4765894203286],[23.91159259889055,95.68712032975824,24.127564176073086,203.44326542418867],[23.91159332994467,95.68711264956278,24.913751252746035,203.46521292301475],[23.91159406737118,95.68710490242123,25.70679129427098,203.46578715711803],[23.911594966216917,95.68709545946649,26.673424099198655,203.45756291636832],[23.91159556953446,95.68708912122622,27.32224124448704,203.45632209536245],[23.91159648342575,95.68707952020821,28.30505426463461,203.4788964018333],[23.911597083455113,95.6870732165124,28.950335241338085,203.43714068594494],[23.9115979682302,95.68706392137892,29.90183622834573,203.4565923544364],[23.91159855235071,95.68705778481589,30.530008567613937,203.4692376983907],[23.911599419040257,95.68704867968268,31.462060071678945,203.4727349286934],[23.911599969488723,95.68704289686622,32.054020960110144,203.46163418514618],[23.911600566474924,95.68703662514076,32.69602925846039,203.44331069019057],[23.911600575698802,95.68703652823797,32.70594876165349,203.42930607583014],[23.91160058868586,95.68703639180055,32.71991524592917,203.42168515771027],[23.91160060670803,95.687036202466,32.7392965704719,203.43525407591238],[23.91160070003068,95.68703522205135,32.83965720433144,204.0777563216019],[23.911600889645623,95.68703323002396,33.0435720795134,204.0734914178895],[23.91160128647149,95.68702906111201,33.47032482206012,204.11916237530363],[23.911601721554035,95.68702449028902,33.93821938988969,204.14047632418368],[23.91160230670905,95.68701834285784,34.56750423553265,204.13304877852363],[23.911602892724957,95.68701218638242,35.197714895598736,204.11215539786593],[23.911603475547917,95.68700606345095,35.82449180992789,204.19990112304146],[23.911604140548135,95.68699907719437,36.53964342466531,204.25436136240546],[23.911604906668607,95.68699102860421,37.36354133534901,204.3009560625227],[23.911605695357196,95.68698274292146,38.211709343020075,204.30634094572343],[23.911606560307252,95.68697365606272,39.14189012075922,204.37892823936124],[23.91160732289054,95.68696564463298,39.96198407327831,204.33494156694871],[23.9116080404081,95.68695810664781,40.73361363439463,204.30497211021998],[23.911608740802937,95.6869507485479,41.48682914809261,204.3324521612289],[23.91160921974425,95.6869457169602,42.001890093554344,204.33016039652648],[23.911609232637296,95.68694558151043,42.01575547630436,204.3057324534994],[23.911609511599217,95.68694265083536,42.31575546762162,205.8057324534994],[23.911610441472302,95.68693288191832,43.31575544888526,205.9057324534994],[23.911611371345387,95.68692311300126,44.3157554284252,206.00573245349938]]}