{"terrain":{"left":7,"bottom":10,"right":7},"data":[[23.897406158603467,95.67796774224814,0,198.4507460759689],[23.897406175909722,95.67796765179756,0.00940811846448916,198.4453238526495],[23.89740716234098,95.67796249624637,0.5456571386013083,198.40940202522935],[23.89740846890915,95.6779556675099,1.2559406885227513,198.37735417995728],[23.89741001099458,95.67794760785007,2.0942573768420836,198.411217814293],[23.897411351557487,95.67794060144122,2.8230213124596126,198.41208641547],[23.89741310659446,95.67793142879701,3.7771038296396475,198.4709588179932],[23.897414565461123,95.6779238040774,4.5701806602776935,198.4762349648966],[23.89741588945662,95.67791688425756,5.289938109421437,198.50959296151575],[23.897417541722355,95.67790824874392,6.188151552793712,198.4658562370336],[23.897419808613833,95.67789640090862,7.420491075083859,198.2799968630158],[23.897421498441158,95.67788756908054,8.339123920692712,198.27057218805362],[23.89742329245581,95.67787819272075,9.314395619068277,198.4626786916684],[23.89742563036357,95.67786597372114,10.585341337421504,198.40878182300324],[23.897427605448424,95.67785565100377,11.659047338773236,198.3811468870803],[23.89742956912976,95.67784538788652,12.726554084935712,198.4745564723116],[23.897431541311125,95.67783508034414,13.798681646788385,198.4647624244478],[23.89743350075095,95.67782483939502,14.863882567230466,198.44837947723076],[23.897435192609784,95.6778159969493,15.783619703159841,198.40303815260282],[23.897436578560363,95.67780875332325,16.537057383600906,198.36400606525325],[23.89743809564642,95.67780082432184,17.36178360983349,198.38363710175162],[23.897440123780562,95.67779022434406,18.464328442635487,198.43366714972223],[23.897441719027466,95.67778188683751,19.331544851444907,198.44629604922812],[23.897443651944158,95.67777178451068,20.38232705104743,198.51218567715355],[23.897445751190197,95.67776081286887,21.52353005772761,198.42178523185726],[23.897447451536877,95.67775192606172,22.447881313173323,198.39892645814024],[23.8974491819035,95.6777428823563,23.38855215501429,198.46102546082003],[23.89745064431913,95.67773523908812,24.1835580840157,198.42853036135512],[23.897451490857982,95.67773081468007,24.64375789913954,198.39421957563607],[23.897455743081643,95.67770859057006,26.955373601240957,198.41863485332814],[23.897458291773184,95.67769526991583,28.340906371378335,198.55258857824265],[23.897460241268316,95.67768508094231,29.400700899830625,198.61329520570905],[23.89746285978046,95.67767139537293,30.824189860305584,198.81666155686955],[23.897465463312972,95.67765778809411,32.239535487294354,198.78029089656965],[23.897466073757382,95.67765459762607,32.57138838703551,198.80353625302627],[23.897467888393855,95.67764511348699,33.55787030450539,198.85069655503932],[23.897469933201723,95.67763442636453,34.66947915196642,198.8744486755797],[23.897472145284866,95.67762286498323,35.87202301524266,198.94552149320876],[23.897474549548534,95.67761029917662,37.17904100847845,199.0092928275244],[23.897477792006594,95.67759335257401,38.94172244577751,199.11986483339274],[23.8974802664607,95.67758041991932,40.28689766584382,199.2834499557157],[23.897482600109182,95.6775682231807,41.55552739742614,199.5556547074449],[23.897484744390283,95.67755701616458,42.72121226303248,199.88132784186428],[23.89748694114645,95.67754553488925,43.91542386678407,200.13243914046697],[23.897488693685922,95.67753637529815,44.86814814924471,200.41769438596754],[23.897490329373383,95.6775278264303,45.757348746601004,200.68160788223474],[23.89749191795072,95.67751952378202,46.62093909176721,200.9673592780486],[23.897493198667068,95.67751283015929,47.317168501747446,201.13786380673417],[23.89749451601483,95.67750594508364,48.03331165722384,201.25219718647702],[23.89749586230172,95.67749890875857,48.76518683953592,201.40090868380108],[23.89749649466549,95.6774956037297,49.108955575308684,201.5134758470107],[23.897496552204352,95.67749530300469,49.140235137799756,201.5957126162292],[23.89749656918757,95.67749521424244,49.14946764053775,201.61399406752813],[23.897496616325284,95.6774949678787,49.175092877918956,201.61732120608585]]}