{"terrain":{"left":4,"bottom":9,"right":8},"data":[[23.88989866498009,95.67359959970861,0,200.53302198605178],[23.889897759022176,95.67359908541654,0.11318736516899719,200.52972973704527],[23.889896968056302,95.67359863640287,0.2120080081330613,200.43788714832306],[23.88989356600519,95.67359670513444,0.637048950864127,200.43827410011681],[23.889887778308616,95.67359341958837,1.3601445005760482,200.29504827957538],[23.889880803142436,95.67358945994232,2.2315985605953514,200.1405068926802],[23.889874327565796,95.6735857839021,3.0406355747078777,200.21359505471793],[23.889868496755287,95.67358247388121,3.769117658215471,200.58345990450522],[23.889863695528607,95.67357974833206,4.3689669656586005,200.39962250609472],[23.88986326801982,95.67357950564488,4.422378492527095,200.1493269116187],[23.88986032225601,95.67357783340056,4.790412437171504,200.0325646874664],[23.889855488500782,95.67357508938568,5.394325760920083,199.83456470409232],[23.889851088044292,95.67357259134482,5.944104182887031,199.67790729321808],[23.889845462466724,95.67356939783008,6.646945170404614,199.56548904132302],[23.889838975628013,95.67356571539663,7.457389273871719,199.5376784627615],[23.889831665492878,95.67356156559619,8.370693310141846,199.47525380273584],[23.889823136879127,95.67355672409266,9.436230035964137,199.394474559745],[23.889815439526885,95.67355235447772,10.397911716457791,199.39228327119883],[23.88980663999648,95.67354735918084,11.497295898880772,199.33472639305074],[23.88979841152811,95.67354268806314,12.525333496207836,199.32398318226825],[23.889790629694676,95.67353827049011,13.497570014201678,199.4186105446379],[23.88978217360672,95.67353347015785,14.554045674590583,199.3864065498289],[23.889773335517543,95.67352845297204,15.658247319009469,199.33547985730394],[23.889765543486224,95.6735240296099,16.63175796420841,199.2836267604755],[23.88976017488707,95.67352098197607,17.302493010423177,199.28719316452054],[23.88975342044694,95.67351714763126,18.146370458800533,199.30612648361756],[23.889746779777784,95.67351337787171,18.97603374435114,199.2963812616316],[23.889739180636635,95.67350906400901,19.925445368921423,199.2766922690106],[23.8897312764948,95.67350457700424,20.91296278515005,199.20457402927474],[23.8897229378668,95.67349984335137,21.954763482342415,199.12980803296978],[23.889715946135304,95.67349587430157,22.82828737964025,199.09303023673715],[23.889707743926795,95.67349121809099,23.85304430066116,199.09901503746966],[23.889699300076064,95.67348642470553,24.90799121757263,198.9562316286678],[23.889691506073873,95.67348200022457,25.881748208990977,198.8528527704425],[23.88968399852707,95.67347773835795,26.81971641769568,198.81841981749],[23.8896764564483,95.67347345688827,27.761998947662494,198.7929760917005],[23.88966929119987,95.67346938933679,28.657201543625995,198.7428229380498],[23.889663245313407,95.67346595722208,29.412554741963046,198.75882452691485],[23.889656755707808,95.67346227321792,30.22334475926746,198.77150379646469],[23.889649549685544,95.67345818252004,31.123641531980976,198.68326906693585],[23.889643257102442,95.67345461036116,31.909816220922398,198.60574043830832],[23.88963704192499,95.67345108214374,32.68632011082778,198.53033613310578],[23.889630317675092,95.67344726493727,33.52642585056414,198.50088692859703],[23.889624069684327,95.67344371809246,34.307029342940275,198.46644939653214],[23.889617581193132,95.67344003472094,35.1176801783656,198.49595855064211],[23.889613609293043,95.67343777996197,35.61391636882761,198.50921300621735],[23.889609280138423,95.67343532239758,36.15478677537605,198.51462797363075],[23.889603843368345,95.67343223606464,36.83403903581954,198.46656221134515],[23.889600461388266,95.67343031619009,37.25657255983384,198.46257485638057],[23.88959591921191,95.67342773769803,37.82405721593681,198.4106914518399],[23.88958951684238,95.67342410321585,38.62394832754018,198.42349862097524],[23.88958327488576,95.6734205597965,39.40379798273618,198.39184937203544],[23.889578703668906,95.67341796481878,39.974910878655194,198.2938305607953],[23.889574175913474,95.67341539451316,40.540593849210495,198.04271866816708],[23.88956951219675,95.67341274702534,41.12326338516618,197.80248421781658],[23.889564467663394,95.67340988335643,41.75351091164438,197.6135785735231],[23.88956066555704,95.67340772498557,42.22853366763399,197.43465779258838],[23.889558339793865,95.67340640470177,42.519106927386865,197.37503761361774],[23.889558119468933,95.67340627962822,42.546633605700194,197.36744526697942],[23.889556353355065,95.67340527704482,42.76728610921303,197.44443043445506],[23.889553462691296,95.67340363607957,43.12843620758966,197.36815137762443],[23.88955028380096,95.67340183149453,43.52559639670093,197.25367522119979],[23.88954830246169,95.67340070673248,43.77313846223561,197.2436662064514],[23.889547521230377,95.67340026324491,43.87074295464141,197.12510591191398],[23.889545106716717,95.67339889257944,44.1724044166068,195.8074405259792],[23.889544911560105,95.6733987817934,44.196786646959566,195.79062405893245],[23.88954434517648,95.67339846027005,44.2675487710376,195.79062405893245],[23.889542622294652,95.67339748222852,44.482800008125714,195.79062405893245],[23.88953984819839,95.67339590743603,44.829386551553675,195.79062405893245],[23.889536599225572,95.67339406306674,45.235302624789355,195.99242149958053],[23.88953314577871,95.67339210262209,45.66676502047456,195.99242149958053],[23.889529057546188,95.6733897818238,46.17753547043755,195.99242149958053],[23.889524750361034,95.67338733673098,46.71566115398683,195.99242149958053],[23.88952063734477,95.67338500186352,47.22952801127593,196.0092379517261],[23.889516702223112,95.67338276798284,47.72116929845248,195.84107343027034],[23.88951285070504,95.67338058156207,48.202365429809234,195.79062405893245],[23.88950900466936,95.67337839825352,48.682876610294855,195.36740247079769],[23.889505120419575,95.67337619325167,49.168162140105125,195.3074024684135],[23.889501243424494,95.67337399236816,49.652541294283466,195.21740249463954],[23.88949750657097,95.67337187103988,50.119411620719596,195.2474024660293],[23.889493859880716,95.67336980089527,50.575017243543414,195.07740244934],[23.889490440602334,95.6733678598473,51.002210770068366,195.09740254947582],[23.889487009363467,95.67336591200964,51.430898601455276,195.07740244934],[23.889483659484554,95.6733640103582,51.84942158803164,195.15740249225536],[23.889480340129126,95.67336212603426,52.264131071136575,194.95740244457164],[23.889477008494797,95.67336023473987,52.68037464170772,195.037402487487],[23.889473830634984,95.67335843073984,53.07740612725208,195.01740250656047],[23.889470502740988,95.67335654156875,53.493182396705734,195.01740250656047],[23.889465611471437,95.67335376490426,54.104281738429286,194.86740253040233],[23.88946412917337,95.67335292343677,54.28947524668258,194.86740253040233],[23.889462681911134,95.67335210185831,54.47029149470451,194.86740253040233],[23.88946147476474,95.67335141658828,54.62110844750035,194.86740253040233],[23.889453470714972,95.673346872868,55.6211084591381,199.36740253040233],[23.889445466665315,95.67334232914779,56.62110846972221,199.36740253040233],[23.889437462615753,95.67333778542762,57.62110848101829,199.36740253040233]]}