{"terrain":{"left":3,"bottom":10,"right":5},"data":[[23.89892406564164,95.67828223229755,0,204.5977303047487],[23.89892502014442,95.6782782968375,0.4144617346147087,204.4310752459128],[23.898926570562725,95.6782719043896,1.0876803632828542,204.27554115897973],[23.898928768384643,95.67826284266603,2.0420129040480117,204.07241290344624],[23.898931057923253,95.6782534027902,3.036170411058209,203.8706211673273],[23.898933167344367,95.67824470554731,3.9521177563159617,203.69220664777808],[23.898935418157077,95.6782354253402,4.929459772826282,203.45193226325412],[23.898937542384363,95.67822666705077,5.851836185843795,203.3348768455256],[23.898941963590257,95.67820843821005,7.771600590446083,203.2047332641625],[23.898943621595926,95.67820160217435,8.49153543901145,203.06982852390692],[23.898945161302308,95.67819525389223,9.160102675510089,202.96844022313113],[23.898946219259656,95.6781908918841,9.619486116323792,202.78083202077582],[23.898947681425074,95.67818486330702,10.254383707390208,202.53204891389444],[23.898949270505614,95.6781783114529,10.944390042997432,202.40234238519102],[23.898953820525882,95.67815955150442,12.920087718386982,202.01479561294477],[23.898957487785744,95.67814443121881,14.51247547545182,201.46891731424657],[23.89895860059157,95.67813984306783,14.99567503317033,201.47479636003064],[23.89896174262141,95.67812688833038,16.359998775189954,201.377440979407],[23.898964328595017,95.67811622623906,17.482873251165003,201.31111129924298],[23.898966317540157,95.67810802572431,18.3465076235497,201.23909316489645],[23.898968679574015,95.67809828694715,19.3721435536246,201.21815428715777],[23.898971018628203,95.67808864291625,20.38780129733898,201.1734626440563],[23.898971608342375,95.67808621149686,20.64386537801383,201.16052461751704],[23.89897590031554,95.67806851548877,22.507514232551447,201.1557605869559],[23.898978440343726,95.6780580428326,23.610438298836037,201.1534401253668],[23.898981044489847,95.67804730581514,24.74120345957023,201.13778341509388],[23.898983229005022,95.6780382989559,25.6897576087896,201.1996806772053],[23.898985675703518,95.67802821110244,26.75215625785694,201.22257560332466],[23.89899039351241,95.67800875935355,28.800710126813485,201.1632369396289],[23.898994981963806,95.67798984095171,30.793094678552354,201.15737471853944],[23.89899701348552,95.67798146489173,31.67521634208963,201.1639263754207],[23.898999171334584,95.67797256797812,32.61219149870252,201.27387577640835],[23.899000862003504,95.6779655972703,33.346308996430565,201.28787279815893],[23.89900198501595,95.67796096703695,33.83394029426183,201.25483018096756],[23.89900284654315,95.6779574149196,34.20803020322015,201.30790208695728],[23.89900285706463,95.67795737153905,34.212598809698044,201.31608356123851],[23.89900410618524,95.67795222135577,34.75498843094497,200.3149846389072],[23.89900438817721,95.67795105868956,34.877434186665205,200.3010752481338],[23.899005083644365,95.67794819124563,35.179417965968405,200.28296459035133],[23.899005781606707,95.67794531351393,35.4824851969013,200.3184257306098],[23.899006284683544,95.67794323930437,35.700929793940595,200.368832906213],[23.899007356659464,95.67793881949703,36.166400135917584,200.41066517283846],[23.89900801040169,95.67793612408695,36.450266229573074,200.5508441229069],[23.899008924688207,95.67793235444046,36.847265122089816,200.71302371125566],[23.899009491660532,95.67793001678677,37.093454233744865,200.86622034500007],[23.899009830854016,95.67792861827603,37.24073786295541,200.96143258882424],[23.899010159499632,95.67792726325463,37.38344142626926,200.98394911979423],[23.8990103060053,95.67792665920483,37.44705670130625,201.0591193959651],[23.899011120144813,95.67792330246917,37.80057003947387,201.5719151873723],[23.899011237139227,95.67792282009567,37.85137102074951,201.5527830071617],[23.89901155301378,95.67792151772998,37.98852916667989,201.4262410497153],[23.8990116763213,95.67792100932725,38.042071406183354,201.4328756250093],[23.89901225423938,95.6779186265437,38.293013349246706,201.31073360262664],[23.89901431472726,95.67791013105486,39.187712508517734,201.32439760576634],[23.899018836991807,95.67789148554454,41.15135725142276,201.15280848717927],[23.899021092587102,95.6778821856186,42.13077534823433,201.08222291599267],[23.89902317236097,95.6778736106127,43.03384875869071,201.2138199289295],[23.8990249388213,95.67786632741333,43.8008760564812,201.18502276841107],[23.899025784553267,95.67786284042049,44.16810734244594,200.99782307795513],[23.899027795935005,95.67785454739857,45.04148369032235,201.00581584902997],[23.8990291843546,95.677848822879,45.644359214580895,201.0361390021017],[23.899033584365426,95.67783068142654,47.55491909504954,200.97291199927784],[23.89903567064175,95.67782207961072,48.46081590048426,200.84244439447244],[23.899037100645035,95.67781618363964,49.08174773672643,200.91703629709363],[23.89903732061097,95.67781527670971,49.17726070012345,200.964451715391],[23.899039853906075,95.67780483181433,50.277260662486036,200.964451715391],[23.89904215690161,95.67779533645495,51.27726060735265,199.964451715391],[23.89904791439062,95.67777159805583,53.77726046237068,199.964451715391],[23.89905252038198,95.6777526073359,55.77726034020268,202.464451715391],[23.899054823377707,95.67774311197574,56.77726027468021,202.464451715391],[23.89905712637347,95.67773361661543,57.77726020925914,203.964451715391],[23.899059429369267,95.67772412125498,58.77726014076181,204.964451715391],[23.89906173236509,95.67771462589442,59.77726006601045,204.964451715391],[23.899064035360958,95.6777051305337,60.777259994890755,204.964451715391]]}