{"terrain":{"left":5,"bottom":6,"right":7},"data":[[23.918657824330214,95.689917331798,0,212.2183509585466],[23.91866404681264,95.68991034752592,0.9902771885580447,212.2183509585466],[23.918671634838958,95.68990183053273,2.1978738772565314,212.2183509585466],[23.918680975163195,95.68989134671594,3.684340023849735,207.30835093232056],[23.918681427782655,95.68989083868436,3.756372159300308,207.30835093232056],[23.91868157095356,95.68989067798572,3.779157096325003,207.30835093232056],[23.91868310014087,95.68988896158709,4.022519645681209,207.30835093232056],[23.918685323729573,95.68988646577475,4.376392716669518,207.36835093470475],[23.918687862761498,95.68988361590091,4.780467004355436,207.42835093708894],[23.918690587630493,95.68988055743884,5.214116330192091,207.42835093708894],[23.91869339242207,95.68987740926966,5.660484931929051,207.4583509084787],[23.918696258141388,95.6898741927136,6.1165498755496595,207.5183509108629],[23.918699081310958,95.68987102391648,6.565843233233322,207.59835095377824],[23.91870199179173,95.68986775711905,7.02903172953279,207.59835095377824],[23.91870485027175,95.68986454868858,7.483944559884136,207.59835095377824],[23.918707765193673,95.68986127690629,7.947839830903581,207.6883509275522],[23.91871060086055,95.68985809408187,8.399122053132293,207.6883509275522],[23.918713355810667,95.68985500185599,8.837558600182033,207.77835093112847],[23.918717116732296,95.68985078050217,9.436090482030366,207.39835090609452],[23.91872008412331,95.68984744982723,9.908335926252846,207.39835090609452],[23.918723075580616,95.68984409213968,10.384411394101843,207.39835090609452],[23.918726080508986,95.68984071933187,10.862630707724668,207.39835090609452],[23.918729089650633,95.68983734179497,11.341520538718092,207.99928767653367],[23.918731962341795,95.68983411741355,11.798694953300535,208.0161041435804],[23.91873501123163,95.68983069526229,12.283910496693329,207.98247123928925],[23.918738257303918,95.68982705178843,12.800506635196992,207.86475605936906],[23.918741183814273,95.68982376699898,13.266246088371654,207.86475605936906],[23.91874338658885,95.68982129454892,13.616806616927196,207.81430668803117],[23.91875294506303,95.68981056587509,15.137989813626152,209.11945309300407],[23.918753759498223,95.68980965173238,15.267603084805854,209.27732183704964],[23.918756754345956,95.68980629023932,15.74421806061033,209.4800819746973],[23.91875996337469,95.68980268834409,16.254918859729198,209.61358885612557],[23.91876378214991,95.68979840205392,16.862657740149174,209.64250921728845],[23.918767863047723,95.68979382155072,17.512112102423472,209.68598549300825],[23.918772924699674,95.68978814022421,18.317648539546497,209.64984317733033],[23.918776327402163,95.68978432094464,18.859171508229633,209.56462680394876],[23.918780387522204,95.68977976376293,19.5053191622801,209.57128659377034],[23.918783295805625,95.68977649943186,19.96815781414978,209.63138115335286],[23.91878568738083,95.6897738150672,20.348764952075793,209.73009289319262],[23.918787959402337,95.68977126489264,20.710345717196194,209.79570571796958],[23.918789930353917,95.6897690526466,21.0240127217677,209.77660483233265],[23.918791566123943,95.68976721661683,21.284337269727732,209.72307961332152],[23.918793993194274,95.68976449241154,21.670593265611483,209.6532517870136],[23.91879728674597,95.68976079564558,22.194745394109972,209.63418440066866],[23.918800794215294,95.68975685877307,22.75294142306315,209.7304523101494],[23.918805568919677,95.68975149952377,23.512811501451232,209.72078030301148],[23.91880982047242,95.68974672747315,24.189424627225055,209.6628258992831],[23.918812673591,95.68974352506049,24.643484020148367,209.6230627780374],[23.91881700601327,95.68973866223986,25.33296710346389,209.6101115410644],[23.918822864408572,95.6897320866284,26.26530105517668,209.49122866893956],[23.918828771667325,95.68972545617135,27.20541135741811,209.52007865611805],[23.91883373581512,95.68971988428596,27.99543031043322,209.68327745552332],[23.918838393779005,95.68971465606917,28.73672163383533,209.78305493149762],[23.91884235429994,95.68971021068003,29.367018437686227,210.00466034677012],[23.918848164438227,95.68970368923345,30.29167243957237,210.35510463035834],[23.91885429060892,95.6896968130641,31.266621369221845,210.4919396016268],[23.918860195417704,95.68969018535697,32.20634165530558,210.57546394941093],[23.918866236360703,95.68968340484935,33.16772698609779,210.5622242035545],[23.918870615184172,95.68967848994683,33.864594439780795,210.3907901997941],[23.91887549650285,95.68967301103095,34.64143143230627,210.36177535426495],[23.918880777060444,95.68966708399918,35.48180524764386,210.51981585619617],[23.91888620106219,95.68966099596206,36.34500744963399,210.62245766520462],[23.91889260979992,95.68965380263231,37.36492533492375,210.6814023402658],[23.91889978001336,95.68964575460288,38.506028162900385,210.6836680913473],[23.918906526080324,95.68963818264623,39.579630217142075,210.76417759151687],[23.918913114256426,95.68963078791029,40.62810472020407,210.733577797339],[23.918919574977327,95.6896235362333,41.65629535433426,210.61618638725477],[23.91892525574005,95.68961716000115,42.560359618619174,210.62523744855068],[23.918930117608003,95.68961170291725,43.33410096309293,210.6867001684079],[23.918934408270943,95.68960688696835,44.0169379466826,210.84959731260605],[23.918938603439834,95.68960217820438,44.68457753242785,211.19447703939775],[23.91894332828159,95.68959687492217,45.4365118201995,211.48669732027818],[23.918948860085237,95.68959066588546,46.31686993033125,211.42680762251248],[23.91895440709067,95.68958443978589,47.19964730638455,211.2433834995695],[23.918960916380232,95.6895771335942,48.23556722666825,211.1113184513175],[23.91896768410158,95.68956953733212,49.31261520800205,211.03420401957007],[23.91897393109993,95.68956252554273,50.306792782044774,210.9320050059139],[23.918978768249243,95.68955709620367,51.07660013468743,210.9870762362775],[23.91898196324145,95.68955351006339,51.58506664976255,211.13925322853746],[23.91898618852287,95.68954876750036,52.25749836533517,211.16329991235548],[23.918990572956464,95.6895438463009,52.95525831473548,211.1444606241681],[23.918996045646715,95.68953770361456,53.826208670134555,211.12690821420708],[23.919001968587704,95.68953105555539,54.76881408070073,211.09679596248284],[23.91900828388622,95.68952396710417,55.77386114019256,211.01583720576312],[23.919014316664825,95.68951719576046,56.733946592977595,210.83910823906703],[23.919019703358632,95.68951114959872,57.591210980330686,210.78804692957877],[23.919024821838892,95.68950540448665,58.405790556763016,210.8226121451663],[23.919030423843424,95.6894991166547,59.29732049093747,210.76615342284353],[23.919036183199456,95.68949265220742,60.2138920808427,210.69992491897332],[23.91904133990218,95.6894868641935,61.03455451060575,210.92011309937473],[23.91904665986847,95.68948089292842,61.881199471123864,210.95830120878097],[23.919051345103703,95.68947563410157,62.62683026809441,210.8511961970253],[23.91905673966285,95.68946957911156,63.485346261522714,210.57311647787017],[23.919061280356093,95.68946448252231,64.20797392586239,210.49839423614023],[23.91906707514326,95.68945797830622,65.13018408587246,210.38236860164537],[23.919071819671963,95.68945265292689,65.88525107099062,210.2337204440586],[23.91907434262123,95.68944982110465,66.28676527767179,210.0584801968062],[23.91907638652201,95.68944752697857,66.61204141299608,209.77675508545727],[23.919078320451,95.68944535628762,66.91981611155302,209.67140102483066],[23.919080185489786,95.68944326292079,67.21662729081488,209.9434919532595],[23.919085124972188,95.68943771872047,68.00272010056271,210.22628797812817],[23.919090627445726,95.68943154260461,68.87840998981433,210.22361012208913],[23.919095589036694,95.68942597358908,69.66802122924346,210.16980176199084],[23.919100085862674,95.68942092623756,70.38366753938584,210.39076942441537],[23.919103584716655,95.6894169990351,70.94049182370202,210.5410456627284],[23.919107011067943,95.68941315321153,