{"terrain":{"left":4,"bottom":10,"right":8},"data":[[23.89617609326213,95.67683917287032,0,204.73433330048857],[23.896184257438623,95.67683497944503,1.0000000051988072,204.73433330048857],[23.896192421615194,95.67683078601972,2.0000000089858347,204.73433330048857],[23.896225078322146,95.67681401231812,6.000000000130411,195.23433330048857],[23.896225970690455,95.67681355396451,6.109302911679946,195.23433330048857],[23.896226742092676,95.67681315774358,6.203789132137491,195.17433335770903],[23.89622813425404,95.67681244267763,6.374309855480915,195.00433340062438],[23.89623092035208,95.67681101163384,6.7155687543372045,195.2043333290988],[23.89623557005417,95.67680862337359,7.285093652878582,195.56433334340392],[23.89624151788049,95.67680556834836,8.013621007381584,195.64433338631926],[23.896247784011475,95.67680234982998,8.781136321445423,195.64433338631926],[23.896249113647343,95.67680166687946,8.943998522747147,195.7943333624774],[23.896260933371963,95.67679559582844,10.391753057602234,195.90433337678252],[23.896267561968283,95.67679219113435,11.203665396662666,196.08433332433043],[23.896274276433246,95.67678874233495,12.026095461178613,196.84980168332396],[23.89628111854127,95.67678522797331,12.864160046398986,196.91706749190627],[23.896288019801123,95.67678168322908,13.709469914546041,196.8834345876151],[23.89629496449597,95.67677811617502,14.560099967413512,196.93388394405184],[23.89630198718923,95.67677450905806,15.420283750158221,196.84980168332396],[23.896308986720488,95.67677091383798,16.277630496952384,196.8834345876151],[23.896315489448003,95.67676757379482,17.074125579409056,196.91706749190627],[23.89632168171089,95.67676439321785,17.832592989967964,196.8834345876151],[23.896327653538037,95.67676132586489,18.564060035885596,196.86661814292012],[23.89633377736928,95.67675818043698,19.31414549593739,196.8834345876151],[23.896340312633654,95.67675482368166,20.114625872677028,196.84980168332396],[23.89634663057473,95.67675157855169,20.888487116180016,196.86661814292012],[23.89635201698617,95.67674881189006,21.548248732391986,196.8834345876151],[23.896356326415884,95.67674659840637,22.076094838319843,196.8161687790328],[23.89636091672775,95.67674424065115,22.638345156073303,196.9002510397607],[23.896365032565356,95.67674212660359,23.142478874369765,196.95070039619742],[23.896367026785494,95.6767411022978,23.386743518431537,196.8834345876151],[23.89636721278908,95.67674100675943,23.409526409655992,196.86661814292012],[23.89636734012654,95.67674094135417,23.42512350392028,196.91706749190627],[23.896367545911634,95.67674083565527,23.450329358247867,196.91706749190627],[23.896372222297188,95.6767384336894,24.023122514321997,198.03316629838739],[23.896373178815832,95.67673794238577,24.14028294237851,198.0059810442058],[23.89637638957178,95.67673629322186,24.53355655119583,198.10423201645833],[23.896380264833503,95.67673430274304,25.008223010695957,198.1185712305675],[23.896385469611374,95.67673162937518,25.645736975165264,198.20478943466492],[23.896390054126833,95.67672927459721,26.20727729163838,198.41073193646739],[23.896395723878616,95.67672636240141,26.90174418083369,198.60564831338448],[23.896400883549617,95.67672371220212,27.533733159756427,198.71017549310506],[23.896404550089443,95.67672182893064,27.982834031738907,198.84295541413763],[23.896408689424582,95.67671970281386,28.489845847923565,198.85305338102174],[23.89641416668693,95.6767168894878,29.160735403010836,198.89186354791633],[23.89642039452114,95.67671369064009,29.923559715356888,198.95997906100408],[23.896426263674552,95.67671067602419,30.64245054284154,199.09683567886728],[23.896437077548008,95.67670512161581,31.967001768911935,199.52349373873258],[23.896444770124432,95.67670117042191,32.90923689450518,199.95118268104562],[23.896448558798657,95.67669922441765,33.37329753025009,200.20237740219645],[23.896451891832356,95.67669751244733,33.78154844810363,200.38311930116865],[23.896454527534363,95.67669615865258,34.104385796235896,200.51475991046237],[23.89645866596243,95.6766940330017,34.6112864751366,200.71469675043713],[23.896462712787383,95.6766919544016,35.10696702583378,200.87386284834693],[23.896468331682104,95.6766890683279,35.79520455602212,200.93959814482406],[23.89647443099767,95.67668593549215,36.54228704475547,201.02154226433467],[23.89647585654968,95.6766852032755,36.716897611112856,200.98634155550923],[23.896476420338725,95.67668491369244,36.78595403455645,201.01524083911033]]}