{"terrain":{"left":8,"bottom":1,"right":8},"data":[[23.89173547525602,95.67430869972178,0,199.00249743501288],[23.891736198291913,95.67430630350033,0.2568274837750769,198.84737862310914],[23.89173914382761,95.6742965416671,1.3031026695613401,198.93050347080762],[23.891741377366607,95.6742891394702,2.0964715622305543,198.908779198889],[23.891744197564467,95.67427979302052,3.0982258228331663,198.87080002835347],[23.891747324693302,95.67426942936741,4.2090041168201395,198.8881837974446],[23.891750215115334,95.674259850187,5.235702461385717,198.80505651282664],[23.89175280951933,95.67425125204332,6.157253085700794,198.78759038608243],[23.89175489579619,95.67424433788953,6.898313351675751,198.90317093490359],[23.89175722749306,95.67423661038652,7.726548525443266,198.75599627789106],[23.891759972108595,95.67422751442507,8.701455302412452,198.5768045867356],[23.891763334319602,95.67421637168347,9.895736316614554,198.55549729151682],[23.891766079501377,95.67420727384544,10.870844187048341,198.47781382960403],[23.89176884226957,95.67419811772406,11.85219885679603,198.44125753556492],[23.891771301674805,95.6741899669813,12.725796855178567,198.4275470838846],[23.89177379701888,95.67418169713322,13.61216056913355,198.4144729485683],[23.891776112630353,95.674174022939,14.434681987811935,198.38444494531868],[23.891778366636306,95.67416655291234,15.235320680169652,198.28423077407942],[23.89178014272735,95.67416066674889,15.86620064270425,198.14655359389175],[23.891782277640935,95.67415359140757,16.62453687452415,197.96145179979678],[23.891784666451834,95.67414567462231,17.47305919086809,197.73471335427456],[23.891785976081856,95.6741413343626,17.938248918051347,197.60328962957914],[23.891787511348927,95.6741362463166,18.4835864929112,197.53533544376302],[23.89178828151193,95.67413369391068,18.757153761474708,197.50574799101088],[23.891788783486994,95.67413203030942,18.935458805656236,197.4749933156595],[23.891789844364048,95.67412851444476,19.31228972940024,197.45299264015628],[23.891790718308783,95.6741256180946,19.622720990514356,197.5626121745619],[23.891791603541147,95.674122684336,19.93716169248631,197.4819543184629],[23.891792894492657,95.67411840597897,20.39571665739859,197.42702229052398],[23.89179371586966,95.67411568384414,20.687475487984674,197.3487143272736],[23.891795719736823,95.67410904280527,21.399263043380124,197.07872951721333],[23.8917975799159,95.67410287796471,22.06001158637699,196.7695890511384],[23.891800387072127,95.67409357473645,23.05713297885735,196.6636591971427],[23.891801955276453,95.67408837753273,23.614170040760758,196.60389897056717],[23.891804453040407,95.67408009966489,24.501393124175205,196.54079079027792],[23.89180586166072,95.67407543134036,25.00174482323837,196.51176139747093],[23.89180684142387,95.67407218429621,25.349763481651618,196.50316072009645],[23.89180876976032,95.67406579357451,26.034721944207273,196.52363454542902],[23.891810992185018,95.67405842821164,26.82414257674421,196.56302341064688],[23.89181215139016,95.67405458647674,27.23590026003622,196.62256193150645],[23.89181325937555,95.67405091448981,27.629464329364207,196.36021093076317],[23.891815120203226,95.67404474749972,28.290443177573174,196.28358501204485],[23.891817053119006,95.67403834160163,28.977028209433453,196.23693630977192],[23.89181899164015,95.67403191712674,29.665604294824675,196.25232017440197],[23.891821079874067,95.67402499648705,30.40735938265447,196.34598637864283],[23.89182295049826,95.67401879703021,31.071817985446526,196.3502566084105],[23.891825095494543,95.67401168827372,31.833735432488922,196.296048467699],[23.891826472234023,95.67400712560581,32.32276277000993,196.26481016458567],[23.891828402711614,95.67400072778815,33.00848168439637,196.2272446405406],[23.89182986921346,95.67399586763777,33.529393220662435,196.23252210401552],[23.891830881909527,95.67399251145025,33.88910982008707,196.20517949489707],[23.89183171890297,95.6739897375608,34.1864156397259,196.13578950728984],[23.89183264558424,95.67398666643591,34.515579186686146,196.09366619266217],[23.89183410864017,95.67398181770567,35.0352666938214,195.2133626249226],[23.89183415335599,95.67398166951246,35.05115006140409,195.17972969082913],[23.891834183039542,95.67398157113787,35.06169386054012,195.17972969082913],[23.89183429899236,95.67398118685732,35.10288109810517,195.1965461876782],[23.89183453243593,95.67398041319935,35.185801854470476,195.17972969082913],[23.891835380839385,95.67397760149584,35.48716058043345,195.26381196645818],[23.891836783387163,95.67397295329636,35.98535516631853,195.26381196645818],[23.891838447229745,95.67396743913679,36.57636345338931,195.36471070913396],[23.891841916345687,95.67395594210033,37.80861718438803,195.41516005066953],[23.891842333500133,95.67395455960406,37.9567932973821,195.41516005066953],[23.891844370065638,95.67394781019925,38.680195289172396,195.4319765028151],[23.891846445632986,95.67394093153797,39.41745099318388,195.4656093922051],[23.89184858045033,95.67393385651563,40.17575268865474,195.29744490055165],[23.891853756261316,95.67391670330178,42.014236041461764,195.53287521568856],[23.891855029898437,95.67391248232657,42.46664062184849,195.36471070913396],[23.891857120079308,95.67390555523446,43.209087095251405,195.38152716127954],[23.891859237721818,95.67389853713142,43.96128811573556,195.44879295496068],[23.89186134622586,95.67389154931428,44.7102430834677,195.4656093922051],[23.89186335204771,95.67388490179735,45.422724624984,195.41516005066953],[23.89186518877286,95.67387881468572,46.07514186280843,195.3983435836228],[23.89186694268513,95.67387300202519,46.69814339720655,195.3983435836228],[23.891868657944187,95.67386731746572,47.30741503745211,195.4319765028151],[23.891870371988215,95.67386163693298,47.91625508705474,195.41516005066953],[23.891872009437286,95.67385621024447,48.49788808072692,195.29744490055165],[23.891873429240494,95.67385150485856,49.00221178527944,195.26381196645818],[23.891873710766593,95.67385057184973,49.10221176125117,196.26381196645818],[23.891882156551453,95.6738225815784,52.10221157445824,197.26381196645818],[23.89189060233677,95.6737945913056,55.10221137429949,199.76381196645818],[23.89189341759863,95.67378526121435,56.10221130076426,199.76381196645818],[23.89189623286054,95.67377593112296,57.1022112234698,199.76381196645818]]}