{"terrain":{"left":2,"bottom":9,"right":5},"data":[[23.90640400750795,95.68279148564433,0,207.77646021682102],[23.906406469637457,95.68278988339924,0.31777610653914623,207.87069969340934],[23.906409659332734,95.6827878076865,0.7294558901484606,207.89474618375988],[23.906412144093775,95.68278619071381,1.0501529435964092,207.93122741163097],[23.90641749561331,95.68278270818136,1.7408497599303934,208.01494608525894],[23.90642168058516,95.6827799847866,2.280985451583586,208.02600421289765],[23.906423597711154,95.68277873720572,2.528420369556139,207.9755042163029],[23.906424586699444,95.68277809361584,2.6560646863817365,208.004613197328],[23.906427451849336,95.6827762291029,3.0258568257757794,207.88672593683964],[23.906428001025922,95.68277587172304,3.0967366036024604,207.5414647388904],[23.90643017141675,95.6827744593286,3.376859282706915,207.26194627828704],[23.906435668974176,95.68277088176114,4.086404534896247,207.08067761855995],[23.90643576086493,95.6827708219627,4.098264465529583,206.85042269770707],[23.906436830674597,95.68277012577784,4.236340032943641,206.683157477081],[23.906439978866224,95.68276807707385,4.6426631000894885,206.61831180403738],[23.906445748015955,95.68276432276612,5.387261546980358,206.32836002434095],[23.906449564763935,95.68276183899519,5.879872195811697,206.2825428949953],[23.90645130948153,95.68276070361007,6.1050551171000444,205.70964467607536],[23.90645131623828,95.68276069921308,6.105927181427163,205.68583441576868],[23.90645143307515,95.6827606231808,6.121006795826499,205.6626659871947],[23.90645151019301,95.6827605729959,6.13096005385777,205.64426549937514],[23.906451647838505,95.6827604834223,6.14872534438255,205.63230069182055],[23.90645193567625,95.68276029611022,6.185875278524007,205.61014412595756],[23.906452761830725,95.68275975848539,6.292503352393323,205.64731892146278],[23.90645837911466,95.68275610300522,7.01750114010593,204.84985828399658],[23.906461267994157,95.6827542230501,7.390355930479572,204.87846491773723],[23.906463499031823,95.68275277118936,7.678306009982046,204.71116380314766],[23.906467419411538,95.68275021997947,8.184291927226488,204.7146331326794],[23.90647209442297,95.68274717768861,8.787674788083246,204.76149019913498],[23.90647572142266,95.68274481739748,9.255795446582963,204.75866872952207],[23.906481097486886,95.68274131889243,9.949660051948168,204.72209800170953],[23.906483033731764,95.68274005886983,10.199562531039783,204.68272705405633],[23.906488171918614,95.68273671516486,10.862725355266052,204.76956407746866],[23.9064954266107,95.68273199413181,11.799056046042276,204.55919403966192],[23.90650323700897,95.68272691146974,12.807109234871456,204.14764215220129],[23.90651917635347,95.68271653884867,14.864329127392281,203.9938929962742],[23.906527442765366,95.68271115943307,15.931237907330429,203.75750435057785],[23.906536802362627,95.68270506862075,17.139239208237328,204.3849110560896],[23.906541978023675,95.68270170052924,17.807238590600146,204.65084412535379],[23.906547957934205,95.68269780906769,18.57903884280344,204.72276258630893],[23.90655513959016,95.68269313556334,19.50594297818773,204.39684852770813],[23.906560400133696,95.68268971223405,20.184897739488296,204.18619539139195],[23.90656682268131,95.68268553272387,21.013827146247973,204.07251836181848],[23.906573388442713,95.68268126001647,21.86124050295728,204.02783074175017],[23.90658259741281,95.68267526722565,23.049800924623305,204.0088899740229],[23.90659300834249,95.68266849225265,24.393492847787456,203.97436001935904],[23.906603360289694,95.68266175566282,25.729572142229404,203.75726926162696],[23.906607587454626,95.68265900481067,26.275153311173707,203.58918760047845],[23.906612260895646,95.68265596354176,26.878333322688295,203.5369612175923],[23.906619531480537,95.68265123216638,27.816715001058903,203.58501673462519],[23.90662562549151,95.68264726645332,28.603241567286187,203.67025723893676],[23.906633671807494,95.68264203026642,29.641743339435397,203.61148897400523],[23.906638900372407,95.68263862774741,30.31657066078903,203.62446758774485],[23.906659467127422,95.68262524381204,32.97102902097919,203.66128483127102],[23.906669220478985,95.68261889676181,34.22985010469106,203.53555180912696],[23.906677160392242,95.6826137298171,35.254618869887565,203.5691660128038],[23.906684749672902,95.68260879104861,36.23413305391689,203.6430366320614],[23.906690665419518,95.6826049413421,36.997651746317345,203.66313608606526],[23.906697985170176,95.68260017797182,37.94237888589119,203.72242153217962],[23.906701514139023,95.68259788147483,38.39784694296134,203.72045719613078],[23.90671266981066,95.68259062185666,39.837659033006034,203.8174851893939],[23.906718283784052,95.68258696853084,40.56222917990053,203.7210271022813],[23.90672558340503,95.68258221826007,41.5043582228747,203.44215176966048],[23.90672939561302,95.68257973744356,41.99638264823442,203.2676592108407],[23.90673204983242,95.68257801019486,42.33895072778744,203.2658236312713],[23.906737183880967,95.68257466918291,43.00157912186076,202.96497977281348],[23.906745764509363,95.68256908528912,44.10904195122896,202.97205125882016],[23.906758258384205,95.68256095482744,45.72156973766004,203.11369552625303],[23.906765204615414,95.6825564345271,46.618088293647666,203.08684554620731],[23.906777146231583,95.68254866345097,48.15933849916571,203.27684860091387],[23.90678217615753,95.68254539019742,48.80852820352819,203.35879256536117],[23.906787504602185,95.68254192268108,49.496246356579796,203.32385444488244],[23.906798582166683,95.6825347138916,50.92597727351445,203.3412645524026],[23.90680646465113,95.68252958431903,51.943333706956565,203.45324215088726],[23.906815398811766,95.68252377036205,53.09642518791789,203.4174882552764],[23.9068273942249,95.68251596427723,54.64461857408712,203.4095335955518],[23.90684031422015,95.68250755651522,56.31214352545849,203.3532890710377],[23.906848431950657,95.68250227385491,57.359862014484676,203.31748100972283],[23.906858316027044,95.68249584173475,58.63555469569626,203.3366916588568],[23.906862895481577,95.68249286162809,59.226604008026285,203.28466225666222],[23.906867550813217,95.68248983214397,59.82744642638398,203.16746063918464],[23.906876670100196,95.68248389771496,61.004431181658695,203.03961166918054],[23.90688413949437,95.68247903696329,61.968471787584576,203.05930188490987],[23.90689049061624,95.68247490393381,62.78818208101932,203.11176332672943],[23.906897880057226,95.68247009521214,63.74190346742326,203.1178597385976],[23.906906316062614,95.68246460543259,64.83070012440082,203.17151426718482],[23.90691753140208,95.68245730698524,66.27821269887079,203.2437041891638],[23.906931208376502,95.68244840661464,68.04343719535915,203.16380882188383],[23.906943624034472,95.68244032705304,69.64586931093348,203.23438719157883],[23.90695401585643,95.6824335645145,70.9870941508199,203.31162619007426],[23.906963408702936,95.68242745206504,72.19938578311088,203.37024305186515],[23.906970357910108,95.68242292982808,73.09628807802531,203.52937328172425],[23.90698003400597,95.68241663305245,74.34513736624413,203.641960963931],[23.906986640533326,95.68241233381637,75.19781152125773,203.65641958070142],[23.906990687935163,95.68240969994609,75.7201910895937,203.681142448914],[23.906993578028448,95.68240781920109,76.0932021550633,203.528482600916],[23.90699508460319,95.68240683878882,76.28764883628348,203.3666472674609],[23.90699527777733,95.68240671307963,76.31258093438014,203.3462234394956],[23.90699539789288,95.68240663491373,76.32808369691705,203.28320483856942],[23.906995433020786,95.68240661205405,76.33261749349712,203.29443447267812],[23.906995438463273,95.68240660851231,76.33331993140231,203.27974512584245],[23.90701093448232,95.68239652438785,78.33331988875747,202.27974512584245],[23.907057422542632,95.68236627201237,84.33331981446888,202.27974512584245],[23.907065170552983,95.6823612299496,85.33331978773548,207.27974512584245],[23.90707291856344,95.68235618788677,86.33331976063353,207.27974512584245],[23.907080666574018,95.68235114582384,