{"terrain":{"left":4,"bottom":1,"right":8},"data":[[23.887679289868714,95.67635416350285,0,197.72989368858472],[23.887682461763006,95.67634497005315,1.000000057207081,197.72989368858472],[23.887685633657355,95.6763357766033,2.000000110668212,197.72989368858472],[23.887688805551736,95.67632658315334,3.000000154380383,192.72989368858472],[23.887690438306983,95.67632185075944,3.5147572971044023,192.7803430301203],[23.88769230375287,95.67631644393268,4.102874583950654,192.8139759567632],[23.887694112996023,95.67631120000448,4.673272881862206,192.7803430301203],[23.887695964724,95.67630583293786,5.257065321691192,192.12169111194746],[23.887697839136663,95.6763004001217,5.848009532774369,192.12169111194746],[23.88769968067468,95.67629506258976,6.4285893793229505,192.12169111194746],[23.887701540413918,95.67628967230321,7.014907500301525,192.44169113459722],[23.88770344503406,95.67628415193342,7.615375168315214,192.44169113459722],[23.88770548949001,95.67627822626213,8.259928724551285,192.261691157247],[23.887707632151766,95.67627201595016,8.935443514197352,192.24169111671583],[23.887709701069863,95.67626601937755,9.58770920699137,192.15169114294187],[23.88771170145603,95.67626022143855,10.218368901468454,192.12169111194746],[23.887713681923827,95.67625448123115,10.842748942072689,192.09169114055769],[23.887715646377554,95.6762487874391,11.462080234800798,192.2016911548628],[23.88771756440833,95.6762432281998,12.066775804792723,192.35169113102094],[23.887717966719546,95.67624206213699,12.193612043178286,192.35169113102094],[23.887721103630543,95.67623297008323,13.182582693917198,192.32169110002653],[23.887722576111013,95.67622870223131,13.646810065518144,192.261691157247],[23.88772514800172,95.67622124783793,14.457647336062253,192.18169111433164],[23.88772649404667,95.67621734644797,14.882013501195855,192.15169114294187],[23.887727508908096,95.6762144049636,15.201967786343968,192.06169110956327],[23.887728172359715,95.67621248200889,15.411133473074763,192.00169110717908],[23.88772952003176,95.67620857590295,15.836012604236423,192.0316911381735],[23.887730459604494,95.67620585263607,16.132230696259764,192.09169114055769],[23.887731552535964,95.67620268487272,16.47679803180644,192.09169114055769],[23.887732771440774,95.67619915198699,16.861080845505303,192.15169114294187],[23.88773426977618,95.67619480919689,17.333459436430324,192.18169111433164],[23.88773595867652,95.67618991407149,17.865917225718867,192.2016911548628],[23.887737727617463,95.6761847869556,18.42360932401201,192.261691157247],[23.88773944002709,95.67617982369066,18.963478846330563,192.24169111671583],[23.887741080069716,95.67617507017493,19.480533297793443,192.24169111671583],[23.88774258286729,95.67617071445163,19.95431864783396,192.261691157247],[23.887743946161702,95.67616676306567,20.384122982873755,192.29169112863676],[23.887745150692535,95.67616327184162,20.763874095888248,192.29169112863676],[23.887746299267775,95.67615994279981,21.125984147586177,192.29169112863676],[23.88774716582011,95.67615743117598,21.39918114661905,192.35169113102094],[23.887750056926773,95.67614905156393,22.31065714251631,192.3816911024107],[23.887751712084018,95.67614425423984,22.832476727927947,192.3816911024107],[23.887753390654858,95.67613938905356,23.361677885093428,192.3816911024107],[23.88775501330503,95.67613468594831,23.87324898773953,192.3816911024107],[23.887756614137846,95.67613004607868,24.377941754572973,192.35169113102094],[23.887758268249986,95.67612525178374,24.89943182611309,192.35169113102094],[23.887759950488793,95.6761203759662,25.42978935504653,192.3816911024107],[23.887761000898326,95.67611733144885,25.760950779366834,192.3816911024107],[23.887763452296497,95.67611022629222,26.533800295881132,192.3816911024107],[23.88776511065578,95.67610541968732,27.056629336376805,192.3816911024107],[23.887766640180324,95.6761009864983,27.538840790719807,192.32169110002653],[23.88776805491037,95.67609688603078,27.98486111057225,192.29169112863676],[23.887783850071624,95.67605110517964,32.96458319723962,195.2813727066104],[23.887785316301358,95.67604685544492,33.42683971121108,195.27173960759302],[23.88778698642037,95.67604201475551,33.95337615063349,195.12234147682847],[23.887789852929114,95.6760337064383,34.857096945190065,195.05790976013614],[23.887793762041454,95.67602237622854,36.089518108556426,195.20360471362835],[23.88779615442844,95.67601544211051,36.84376307089378,195.30252447685697],[23.887798387486303,95.67600896979359,37.547776519934494,195.41188797270937],[23.88780242524042,95.67599726672724,38.82075434697086,195.80674114371612],[23.88780542612578,95.67598856893152,39.76683980090041,196.12127241175358],[23.88780580940335,95.67598745803602,39.887675249562534,196.0868829004343],[23.887807129599317,95.67598363156702,40.303891807750986,196.01680089504353],[23.887807178358212,95.67598349024375,40.31926396626312,195.96527436832608],[23.887808098328478,95.67598082379287,40.60930185653777,195.94348686163048]]}