{"terrain":{"left":5,"bottom":9,"right":2},"data":[[23.902835910487987,95.67947389447235,0,206.11633087858337],[23.90284594299527,95.67945756379513,2.000000093604539,206.11633087858337],[23.90285597550305,95.67944123311707,4.000000181724647,205.11633087858337],[23.90286600801133,95.67942490243823,6.0000002625934865,205.11633087858337],[23.902876040520116,95.67940857175856,8.000000337623977,203.11633087858337],[23.90288105677471,95.67940040641838,9.00000037670082,203.11633087858337],[23.90288607302943,95.67939224107802,10.000000412111483,203.11633087858337],[23.902891089284275,95.67938407573745,11.000000448093873,203.11633087858337],[23.90289610553924,95.67937591039667,12.000000482527845,203.11633087858337],[23.902901121794336,95.67936774505569,13.000000513649228,199.11633087858337],[23.902901287355295,95.6793674755595,13.03300540444339,199.11633087858337],[23.902901609019118,95.67936695196275,13.097129703248092,199.11633087858337],[23.902904281986476,95.67936260096994,13.629990837157884,199.14633084997314],[23.90291027017812,95.67935285353371,14.823748221887609,199.47045119270462],[23.902913178268946,95.67934811981249,15.403481641923078,199.47045119270462],[23.902915992279397,95.67934353923306,15.964459952714448,199.62179924711364],[23.902918459912883,95.67933952247785,16.456387351615447,199.5713498906769],[23.902922321015353,95.67933323746689,17.2261054133822,199.5713498906769],[23.9029243720243,95.6793298988832,17.634977911292008,199.6049827800669],[23.90292761436759,95.67932462107376,18.2813451428683,199.5881663428225],[23.902932085151697,95.6793173436375,19.172604345671232,199.6049827800669],[23.902935021416145,95.67931256405592,19.75795416295495,199.5881663428225],[23.9029378802051,95.67930791058711,20.327859086043503,199.5377169714846],[23.902940801985707,95.679303154582,20.91032150458788,199.52090054914134],[23.902943803497152,95.6792982687929,21.508678404436655,199.5377169714846],[23.902946656346778,95.679293624992,22.077399286035178,199.50408409699577],[23.902949412147766,95.67928913916457,22.6267733310807,199.48726762994903],[23.902951487758163,95.67928576053522,23.04055011512611,199.50408409699577],[23.902952452414684,95.67928419029025,23.23285617928322,199.47045119270462],[23.90295275297298,95.67928370104858,23.29277303287076,199.48726762994903],[23.902955384002997,95.67927941832036,23.8172737388878,199.79360067770222],[23.902955781077132,95.67927877197252,23.896431201118556,199.9081414573077],[23.902956617878715,95.67927740984675,24.063249145143047,200.45067933420262],[23.90295805854407,95.67927506476589,24.350448444583634,200.55488040260397],[23.90295918036967,95.6792732386848,24.574086449484565,200.55778899537722],[23.902960806897312,95.67927059106171,24.89833773626859,200.58184600013394],[23.902960984220584,95.6792703024191,24.933687457721422,200.52835602497296],[23.90296350009794,95.67926620713365,25.435232244356353,200.46346224087043],[23.902965124001927,95.67926356378129,25.758960492307185,200.54129131360074],[23.902967342659753,95.67925995230274,26.20125400888038,200.6048480131339],[23.902969553566745,95.67925635344082,26.642002377672547,200.5994450750479],[23.90297164386421,95.67925295090421,27.058707010535027,200.4825975569568],[23.9029738373141,95.67924938045854,27.49597526395107,200.4895401040117],[23.902975345565498,95.67924692536272,27.79664793924294,200.5805587926699],[23.902977848578054,95.67924285101829,28.29562806693206,200.6222311182424],[23.902979544081884,95.6792400911174,28.63362984940436,200.6925821501836],[23.902982276298253,95.67923564368044,29.178302164919685,200.83513776957147],[23.902985872654448,95.67922978961718,29.895242317187417,200.9801395454798],[23.90298658917213,95.67922862328672,30.038081418029726,200.98977866181121],[23.902987325595582,95.6792274245541,30.184888772078846,201.05981044708312],[23.902989007166216,95.67922468733333,30.5201129306808,201.16042541227574],[23.902989273599108,95.6792242536402,30.573226809876466,201.15172468883816],[23.90298954725772,95.6792238081852,30.627781151445753,201.20567038124517],[23.9029900711046,95.67922295547967,30.732210977918395,201.2234963677669],[23.902990906753818,95.67922159522972,30.898799164622353,201.2648296469214],[23.902993875519872,95.67921676274281,31.490628051731097,201.47069044817783],[23.902996015573557,95.67921327921421,31.91725162439225,201.43413306662347],[23.902996924547487,95.67921179960803,32.098457218143736,201.49437967775205],[23.903000025297285,95.67920675228109,32.71659728796785,201.6477625867655],[23.903002021511796,95.67920350289049,33.11454624744602,201.69540881239402],[23.90300432442127,95.67919975426912,33.5736353946095,201.76584891874091],[23.903006365497998,95.67919643185286,33.980527709341594,201.86258818943978],[23.903007719295122,95.67919422817403,34.25040959683061,201.96926830578323],[23.90300852493662,95.67919291676992,34.411015675451544,201.91224325382126],[23.90301011588748,95.67919032705788,34.72817458058622,201.95102738930296],[23.903012675280266,95.67918616093905,35.23839411748666,202.01802346264134],[23.903014114925238,95.67918381751915,35.52538991677667,201.97213537062095],[23.903015635046952,95.67918134310109,35.828428897981766,202.02934334009578],[23.9030183158409,95.67917697936832,36.36284995882309,201.9623376168738],[23.903020872848327,95.67917281713233,36.872593945980526,202.05477050435925],[23.903022254708006,95.67917056777395,37.14807013168852,202.08170377546475],[23.903023831729623,95.67916800073559,37.46245219715393,205.50009788311942],[23.903038880504262,95.67914350469742,40.462452057499576,208.50009788311942],[23.903043896762693,95.679135339351,41.46245200091006,208.50009788311942],[23.90304891302124,95.6791271740044,42.46245194171582,208.50009788311942],[23.903053929279917,95.6791190086576,43.462451881326054,208.50009788311942]]}