{"terrain":{"left":4,"bottom":9,"right":7},"data":[[23.914640629982422,95.68603087552833,0,209.00660177419005],[23.91464111627125,95.68603127051028,0.06721800768996476,209.07577473776203],[23.914642362775922,95.68603228296794,0.23951799829712883,209.07625733997796],[23.91464349712053,95.68603320432499,0.396314492378302,208.9726627500397],[23.914649952243305,95.6860384474168,1.2885835708562992,209.05607338371155],[23.914656822756,95.68604402790382,2.2382705286007063,209.00037213829043],[23.91465827231868,95.68604520529277,2.43863850910797,208.97375385773384],[23.91466132408658,95.68604768405265,2.8604737157145284,208.41074505899874],[23.914666433036004,95.68605183373218,3.5666659183490093,207.9968265720125],[23.914669680755672,95.6860544716514,4.015586840840062,207.97751626744642],[23.91467440698907,95.68605831047469,4.668877534414966,207.9947415694326],[23.914678325361177,95.68606149312285,5.210500381454889,208.00092472764035],[23.914681021268667,95.6860636828396,5.583146227041782,208.01206199127589],[23.91468818290435,95.68606949978759,6.573074015712601,207.81220867060514],[23.91469048654843,95.68607137089336,6.8914986566148455,207.64285664769804],[23.91469424306464,95.68607442207613,7.410748709243155,207.43821975398984],[23.914703860616626,95.68608223381105,8.740149145912186,207.35809493941875],[23.914704809962274,95.68608300490504,8.871373859485425,207.41624292953387],[23.914706915514895,95.68608471511352,9.162416999074118,207.48260043120965],[23.914711233658043,95.68608822247067,9.759298746915654,207.5699400571215],[23.914717634153376,95.68609342119204,10.64401670379548,207.63766679528706],[23.91472538826317,95.68609971936962,11.71584000677561,207.58249456432478],[23.914732318267404,95.68610534817789,12.67375007955704,207.48384349461438],[23.91473563475844,95.68610804195578,13.132176946190189,207.26774703939864],[23.91474233116961,95.68611348103104,14.057798248020932,207.21894300698787],[23.914748076271348,95.68611814741725,14.851923388353137,207.2757306940587],[23.91474946211847,95.68611927305403,15.043484143626463,207.38028153675825],[23.914759211158422,95.68612719158841,16.391059502406947,207.5257130111879],[23.914765241079884,95.68613208931583,17.224554230047453,207.74866029238981],[23.91476929088137,95.68613537871585,17.784343965224718,207.98565638681472],[23.91477858500176,95.68614292774757,19.069037332331632,208.01529630081475],[23.91478488929519,95.68614804833015,19.940457482436013,208.02849026090743],[23.91479272322588,95.68615441134125,21.023313951409435,208.22526521420988],[23.914797902355463,95.68615861802373,21.73920666230936,208.198705087038],[23.914807685542414,95.68616656429356,23.09150186358324,208.30731858909562],[23.914816789508908,95.68617395887517,24.349910802293188,208.23220252410542],[23.914821681912358,95.68617793266799,25.02617033275142,208.2983851984874],[23.914835640002618,95.68618926995022,26.955547465406973,208.51278968991747],[23.914843144157768,95.6861953651053,27.992820089986694,208.46440205031982],[23.914847422816678,95.68619884039188,28.58424385526788,208.52014677498093],[23.91485409949619,95.68620426344035,29.50713744434499,208.60592017506897],[23.91486280264678,95.68621133246431,30.71014287545905,208.6135048587761],[23.91487009405999,95.68621725482245,31.718008867299492,208.64620089509944],[23.914877305929643,95.68622311257235,32.71487981838563,208.70032735864302],[23.914883869120303,95.68622844344092,33.62208617606523,208.78723592321765],[23.914891466143764,95.68623461402713,34.67219552184598,208.7302392144389],[23.914897989370314,95.68623991243537,35.57387774904019,208.6754130939377],[23.9149046021893,95.68624528361393,36.487944001010554,208.66781509136663],[23.91491153454708,95.68625091433384,37.44617893837665,208.59680855021836],[23.91492027130283,95.68625801065318,38.65382930557239,208.63549054333416],[23.914928067649118,95.68626434313681,39.73149022582631,208.61855838214385],[23.914935634747383,95.68627048941664,40.777462995383644,208.5868221976838],[23.91494330724838,95.68627672130852,41.838005183156966,208.53680952233654],[23.91494988307071,95.68628206243702,42.746957411226724,208.49369735933524],[23.91495762876104,95.686288353776,43.817616256261196,208.47877861945054],[23.914963377058626,95.686293022758,44.61218269030527,208.62217793245966],[23.914966032491545,95.6862951795998,44.97923359733525,208.5223763801666],[23.914987736017437,95.68631280801414,47.97923354025556,212.5223763801666],[23.91499497052631,95.68631868415244,48.979233514325024,212.5223763801666],[23.915002205035304,95.68632456029084,49.97923348694455,212.5223763801666],[23.915009439544434,95.68633043642937,50.97923346093882,212.5223763801666]]}