{"terrain":{"left":5,"bottom":9,"right":4},"data":[[23.901709574168194,95.67900597694711,0,206.41615863244695],[23.901713764697124,95.6789972783622,1.0000000637200686,206.41615863244695],[23.901717955226164,95.67898857977707,2.0000001269157073,206.41615863244695],[23.90171879333199,95.67898684005999,2.2000001419073865,204.41615863244695],[23.90172298386115,95.6789781414746,3.200000206027008,204.21615863244696],[23.901723402914072,95.67897727161605,3.3000002112490283,200.21615863244696],[23.901727593443336,95.67896857303046,4.300000270626191,200.01615863244697],[23.901731783972696,95.67895987444464,5.3000003298313745,199.81615863244699],[23.90173597450215,95.67895117585866,6.30000038356869,199.616158632447],[23.901740165031704,95.67894247727244,7.300000437136111,199.416158632447],[23.901746450826213,95.67892942939275,8.800000515707803,198.416158632447],[23.901750641355992,95.67892073080608,9.800000558784689,198.21615863244702],[23.90175260494459,95.67891665484278,10.268578221295126,198.16570929091145],[23.901755500112856,95.67891064513198,10.95946182118378,198.2497915590899],[23.901758693613594,95.67890401615082,11.721537472485977,198.2834244559305],[23.90176199633807,95.67889716044601,12.509677533298513,198.30024090807606],[23.901765105398972,95.67889070674275,13.251602999546511,198.2666080037849],[23.901768501639133,95.67888365692066,14.06205898458848,198.3506902645128],[23.901771861719574,95.67887668215792,14.863886039639029,198.11525994937588],[23.90177528607336,95.67886957397835,15.681050837753062,198.1488928238647],[23.901778477968683,95.67886294832965,16.44274329553216,198.18252574305703],[23.901781809005556,95.67885603385477,17.237639540547395,198.2666080037849],[23.901786096995654,95.67884713296263,18.260896647266886,198.2834244559305],[23.901789793720162,95.67883945940338,19.143058092086765,198.2834244559305],[23.90179248783984,95.67883386702373,19.785964656591332,198.23297509949376],[23.90179608178411,95.67882640681287,20.643599282609586,197.94709542792012],[23.901796769071254,95.67882498016108,20.807608850920207,197.96391186516453],[23.901796860872594,95.67882478960237,20.829515704669117,198.11525994937588],[23.901799473431694,95.67881936652392,21.45295917586284,198.08162704508473],[23.901799684400277,95.67881892860113,21.5033032940276,198.06481054823567],[23.90180059430553,95.67881703984479,21.720436940629558,198.38980611205247],[23.901802134484644,95.67881384278326,22.087974883788903,198.4047218155242],[23.90180237877054,95.6788133357013,22.146269619952378,198.40021086813422],[23.901802525905858,95.67881303028184,22.181380998717884,198.38805779763473],[23.90180387980889,95.67881021988711,22.504467270498754,198.50122756659303],[23.901805321047032,95.67880722820453,22.848394601775997,199.1813073732836],[23.901805956209525,95.67880590975167,22.999965486245788,199.190737008318],[23.90180674380669,95.6788042748791,23.187912348853313,199.22209050168678],[23.90180953267562,95.67879848582155,23.853429169206084,199.34381248685995],[23.901811450521002,95.67879450481075,24.311090813945306,199.39898191876344],[23.90182398875429,95.6787684782903,27.30312984004706,200.16909087407632],[23.9018264066624,95.67876345926302,27.88012302036315,200.21216272706292],[23.901828159326882,95.6787598211302,28.29836697206322,200.31029739800417],[23.901830669987504,95.67875460956981,28.897493965432663,200.37882893125297],[23.901833543945468,95.67874864388676,29.5833157599615,200.31721730686817],[23.901837728312646,95.67873995809225,30.58184468085201,200.32854483615048],[23.9018392593602,95.67873677998577,30.947203447864194,200.31370190225013],[23.90184058387475,95.67873403059482,31.263276582134072,200.4982089880273],[23.901842025029026,95.67873103908634,31.60718382351887,200.77917480218113],[23.90184660546971,95.6787215311333,32.700228975791504,201.33687958699986],[23.901852041826174,95.67871024649381,33.99752399548487,201.51045540557922],[23.90185918691181,95.67869541492121,35.70257842347437,201.7253317836394],[23.901864007277926,95.67868540893755,36.85287762467861,201.76860063016315],[23.90187056266989,95.67867180143487,38.41721147490052,201.8321849926356],[23.90187111426642,95.67867065644595,38.548840689858636,201.7910595570947],[23.90188058086514,95.6786510059402,40.807884868766756,201.76967541644663],[23.901880999918436,95.67865013608088,40.907884870084224,204.76967541644663],[23.901885190451218,95.67864143748797,41.90788482262361,205.09967541644662],[23.901889380984095,95.67863273889486,42.907884773226314,205.4296754164466],[23.90189357151707,95.67862404030156,43.907884721541436,205.75967541644658]]}