{"terrain":{"left":5,"bottom":1,"right":6},"data":[[23.88952070279824,95.67602683015456,0,198.6925213882077],[23.889512268982767,95.67602332451436,0.9999999983384598,198.6925213882077],[23.889503835167364,95.67601981887418,1.9999999963081905,198.6925213882077],[23.88949540135203,95.67601631323403,2.9999999917935085,193.1925213882077],[23.889494960485475,95.67601612998133,3.05227367069228,193.14207203177097],[23.88949453642599,95.67601595371472,3.1025545306426494,193.09162266043307],[23.88949243016512,95.67601507821622,3.352294510764928,193.07480619338634],[23.88948972602191,95.67601395419909,3.672925578651359,193.07480619338634],[23.889486122646307,95.6760124564027,4.100178901524991,193.1084391274798],[23.889481572815487,95.6760105651982,4.6396537046495325,193.27660361913325],[23.889477035518013,95.67600867920335,5.177642427732607,193.27660361913325],[23.889472423962083,95.67600676234188,5.724435999085891,191.1779517033446],[23.889467854012825,95.67600486277486,6.266296257520139,191.1779517033446],[23.88946306615987,95.67600287263292,6.833993425898541,191.1779517033446],[23.889458276945835,95.67600088192523,7.401851979594596,191.1779517033446],[23.88945340933834,95.67599885863216,7.979005672338204,193.25978718188884],[23.889448598687284,95.67599685901385,8.549406024742353,193.20933781055095],[23.889443719299706,95.67599483082421,9.127956489509558,193.27660361913325],[23.889438897938675,95.67599282675414,9.69962673279457,193.27660361913325],[23.88943393234998,95.67599076273373,10.288398094562709,193.29342008618],[23.889428874970374,95.67598866055906,10.888053137438241,193.34386944261672],[23.889423847879694,95.67598657097443,11.48411681366759,193.1084391274798],[23.889418833399514,95.67598448663153,12.078685262641407,193.05798975614192],[23.8894140178431,95.67598248497426,12.649667261484119,193.1084391274798],[23.889409402528056,95.67598056655025,13.196906583754242,193.2261542775977],[23.889404857352556,95.6759786772808,13.735829440044093,193.25978718188884],[23.889400466549358,95.67597685217848,14.256448326417747,193.31023654577615],[23.889396480751596,95.67597519542265,14.729045595786474,193.24297072974326],[23.889392586068602,95.67597357654003,15.190839360215932,193.1252555349219],[23.88938906422645,95.67597211263423,15.608425272697183,193.14207203177097],[23.889388442859044,95.67597185435368,15.68210099864514,193.1252555349219],[23.88938361511977,95.6759698476324,16.254527538270423,193.27660361913325],[23.889381716311462,95.67596905836463,16.4796698286911,193.25978718188884],[23.88938058683044,95.67596858887913,16.613592742848084,193.2261542775977],[23.88938002295892,95.67596835449758,16.68045116387492,193.25978718188884],[23.889379915184602,95.6759683096996,16.693229998261288,193.25978718188884],[23.88937990676034,95.67596830619793,16.69422886611862,193.25978718188884],[23.88937004994849,95.67596420906823,17.8629541079967,194.2723467117679],[23.88936816643239,95.67596342615688,18.08628319914709,194.60738386231543],[23.889365319370825,95.67596224273362,18.423860175641543,194.8255950028157],[23.889362821504502,95.67596120445852,18.72003296362285,194.91139754059327],[23.88936198875557,95.6759608583141,18.818772264941423,195.02055749046704],[23.88935776182007,95.67595910132582,19.3199613274154,195.07984201228962],[23.889336892340303,95.67595042661772,21.79446208615961,196.0922260280947],[23.889335698869612,95.67594993053397,21.93597228107588,196.09461253087252],[23.88933172148953,95.67594827727709,22.407571489779112,196.1732250094228],[23.889324677955447,95.67594534952791,23.242725548382918,196.21026764203634],[23.8893233310843,95.67594478968098,23.40242448577976,196.24354685937416],[23.889317368581775,95.67594231127858,24.109400295547097,196.2059227118229],[23.889303071318224,95.67593636840942,25.804631371496196,196.30121877445663],[23.88926581986207,95.67592088429043,30.221548446189303,195.78529304804306],[23.889265454033143,95.67592073222822,30.264924901177736,195.80574137224718],[23.889264177303566,95.67592020153668,30.416307137554703,195.81871210184448],[23.88925583083707,95.67591673220437,31.405950361658984,195.54358297345564],[23.889246360150175,95.67591279557321,32.528892769380846,195.63072084994988],[23.88924194866829,95.67591096187549,33.05196360606777,195.8264071991275],[23.889235686582115,95.6759083589467,33.79446119741384,195.87223525107586],[23.88923229761721,95.67590695027329,34.19629186801505,195.91277684429218],[23.889219698499414,95.67590171326354,35.69017337203816,195.99006205695648],[23.88920246277757,95.67589454898071,37.7338185561404,196.03985618281476],[23.889195180601543,95.67589152203648,38.59726856182714,196.07365919923552],[23.889184981232695,95.67588728251789,39.806611087508344,196.16498172405215],[23.889177200662086,95.67588404840858,40.729155916897895,196.24169837192804],[23.889175708245677,95.67588342806361,40.90611222497131,196.26848256166411],[23.889162301069806,95.67587785517257,42.495805516266444,196.400722826074],[23.889158416791272,95.67587624061471,42.95636571453146,196.54262963206563],[23.889152646101106,95.67587384194195,43.640598371135596,196.77067879352367],[23.88914701857627,95.67587150277798,44.307855869174524,196.83452372425262],[23.889141116644822,95.67586904955284,45.007649853974705,196.66546372874777],[23.889137629933156,95.67586760024955,45.42107042411958,196.56851784405995],[23.88913313448311,95.67586573164921,45.95409744287147,196.60596478550366],[23.889131007763634,95.67586484764678,46.20626328608252,196.5545264483132],[23.88912992073733,95.67586439580822,46.33515235975405,196.5475367724836],[23.889117643609836,95.67585929263849,47.79085549731311,196.84186612362012],[23.889115407006436,95.6758583629612,48.05605031620523,196.8912293385929],[23.889105220275678,95.67585412869582,49.26389442384119,197.09266556430134],[23.889094387654282,95.67584962595643,50.548322014689035,197.07201128780227],[23.88908942919559,95.6758475648997,51.13624814650796,197.05498503203017],[23.88908805677135,95.67584699443125,51.29897695570379,197.09743996176508]]}