{"terrain":{"left":8,"bottom":1,"right":8},"data":[[23.894295583368937,95.6751820351469,0,198.4637793694352],[23.894297690045725,95.6751724863598,1.0000000337625057,198.4637793694352],[23.894299796722542,95.67516293757257,2.0000000654979804,198.4637793694352],[23.894312436783967,95.67510564484682,8.000000180860761,194.4637793694352],[23.894316650138048,95.67508654727034,10.00000022451863,194.4637793694352],[23.89431685505115,95.675085618475,10.097268626311662,194.50173143696924],[23.894317183222874,95.6750841309939,10.253045575045043,194.48315522570158],[23.894318326623207,95.67507894838286,10.795796224648809,194.49171069252705],[23.89431969418976,95.67507274970923,11.44495435948759,194.47158508678436],[23.894320937883716,95.6750671125043,12.03531249789903,194.45260015913018],[23.89432228716502,95.67506099671093,12.675790957393884,194.406390639563],[23.89432324444254,95.67505665772582,13.130192587204837,194.34413943495437],[23.89432371676568,95.67505451685963,13.354395496153483,194.28884827208734],[23.894324622934313,95.6750504095322,13.784536695755062,193.22225913028873],[23.894325369117553,95.67504702735941,14.138735838125273,193.05409462373413],[23.89432629445533,95.67504283314535,14.577976263350397,192.90274653952278],[23.89432714395468,95.67503898267883,14.981217615156623,192.93637944381393],[23.894329440865175,95.67502857163267,16.071517776423406,193.12136041741527],[23.894331425901175,95.67501957419829,17.013776973955576,193.02046171944298],[23.894334398710484,95.67500609955266,18.424913526775757,193.00364522259392],[23.894335446956397,95.67500134824144,18.922496100881,192.9700123481051],[23.894337061996648,95.67499402786102,19.68912525260627,193.12136041741527],[23.894338431848258,95.67498781883008,20.33936797235943,193.2558920345799],[23.89433981702025,95.67498154035749,20.996882984362973,193.13817686956085],[23.89434122881787,95.67497514120079,21.6670366700772,193.00364522259392],[23.894342638332517,95.67496875239195,22.33610666576053,193.00364522259392],[23.894344101893978,95.67496211860889,23.030831657650555,192.98682881515182],[23.894345672303825,95.67495500052159,23.776275550730723,193.0372781566874],[23.894347295258747,95.6749476442669,24.546661590283417,193.18862623344816],[23.894348959213783,95.67494010217384,25.33650960108021,193.18862623344816],[23.894350643217347,95.6749324692082,26.13587425908366,193.15499330680527],[23.89435229394914,95.67492498705121,26.91944542571547,193.05409462373413],[23.89435395973651,95.67491743665286,27.710163181625187,193.05409462373413],[23.89435562868792,95.6749098719131,28.502382836900214,192.55634139101662],[23.894357279372496,95.67490238997011,29.28593156291783,192.66634140532173],[23.894358906148934,95.6748950163939,30.05813154064637,192.7863414100901],[23.894360410599283,95.67488819727663,30.772265627864925,192.87634141366638],[23.89436051917546,95.67488770514095,30.82380468606377,192.90274653952278],[23.894361088071676,95.67488512654471,31.0938489414819,192.9700123481051],[23.894361587707532,95.67488286188008,31.331016618108183,192.95319588105835],[23.894362062498647,95.67488070982748,31.556390963940004,192.9700123481051],[23.89436243361811,95.67487902768013,31.73255434389385,192.95319588105835],[23.894362961329875,95.67487663575778,31.983049119310962,194.31866426389374],[23.894369281363026,95.67484798938386,34.98304902524553,194.31866426389374],[23.894375601396444,95.67481934300872,37.983048922829305,198.31866426389374],[23.8943777080743,95.6748097942168,38.983048880283725,198.31866426389374],[23.894379814752188,95.6748002454247,39.98304883888946,198.31866426389374]]}