{"terrain":{"left":7,"bottom":9,"right":6},"data":[[23.913852819918183,95.68738516246148,0,209.12133998415612],[23.913851290902404,95.68737548300831,0.9999999483571855,209.12133998415612],[23.91384976188663,95.6873658035552,1.9999999026487743,209.12133998415612],[23.913843645823682,95.68732708574365,5.9999997392632665,205.12133998415612],[23.91384318711897,95.68732418190785,6.299999726092032,204.12133998415612],[23.913842999410402,95.68732299361645,6.422764040254165,204.0372577383294],[23.913842658157375,95.68732083330997,6.645948809691845,204.10452357671403],[23.913842189363894,95.6873178656071,6.952547008920554,204.07089064262055],[23.913841600531644,95.6873141379973,7.33765243070453,204.10452357671403],[23.913841046475284,95.68731063053673,7.700013879290253,204.12133998415612],[23.91384053174858,95.687307372053,8.036653126723266,204.05407420537614],[23.91383989459258,95.68730333852915,8.45336303189918,203.953175522305],[23.91383931463268,95.68729966708585,8.832665805857552,204.00362486384057],[23.913838735914815,95.68729600350534,9.211156266842067,203.9699919297471],[23.91383822751796,95.68729278509281,9.543655698945315,204.00362486384057],[23.91383762662953,95.6872889811612,9.93664606214169,204.00362486384057],[23.913837095289434,95.6872856175062,10.284150733984177,203.953175522305],[23.913836341713868,95.68728084698685,10.77700085325067,203.9027261211648],[23.913835998976367,95.6872786772829,11.001156500554863,203.85227680943154],[23.913835650524923,95.68727647140676,11.229049157078201,203.68411225817346],[23.913835151272444,95.6872733108828,11.555568035841034,203.68411225817346],[23.913835047152084,95.68727265174758,11.623664368235374,203.68411225817346],[23.913834939251377,95.68727196868085,11.694233105241416,203.7177451326623],[23.91383480867592,95.6872711420713,11.779631484829956,203.7345615699067],[23.913834618237075,95.68726993649585,11.90418144964594,203.86909324667596],[23.91383438335773,95.68726844958928,12.057796188856287,204.00362486384057],[23.913834051714684,95.6872663501189,12.274695895988025,204.12133998415612],[23.913833564002577,95.68726326265144,12.59366719168537,204.25587163112306],[23.913832922964747,95.68725920455358,13.012915899079495,204.25587163112306],[23.913832144733863,95.68725427795343,13.521890995154358,204.32313743970536],[23.913831284029524,95.68724882925403,14.084805020429847,204.2895045354142],[23.913830430932126,95.6872434287105,14.642743986568426,204.25587163112306],[23.91382962059201,95.68723829884246,15.172719031768196,204.23905517897748],[23.913828825999083,95.68723326866217,15.692395175809331,204.35677034399652],[23.913827967040863,95.68722783101663,16.254167221474333,204.25587163112306],[23.913827062563787,95.68722210521338,16.845709315788163,204.1886058374419],[23.913826234971015,95.68721686612719,17.38696787949972,204.10452357671403],[23.913825540981367,95.68721247281721,17.840847922207594,204.0877071096673],[23.913824863924212,95.68720818669857,18.283653851917187,204.07089064262055],[23.913824544549566,95.68720616489347,18.492529848156302,204.70415895068288],[23.91382428567236,95.68720452606811,18.661839578479025,205.1314989905191],[23.91382416317637,95.68720375060576,18.741953863342076,205.26954784690844],[23.9138236555879,95.68720053731073,19.073924635299022,205.25115407883885],[23.913823113215685,95.68719710381677,19.42864452033733,205.1233865092699],[23.91382236275961,95.68719235304539,19.919454496612012,205.01682225842535],[23.91382176542465,95.68718857160908,20.310120879161857,205.00659346977062],[23.913820930812598,95.68718328808725,20.855970182971248,204.96093590514943],[23.913820231526763,95.68717886124969,21.313314033188895,205.20384016899646],[23.913819069735688,95.68717150651702,22.073143534923332,205.59817002063414],[23.913817988980394,95.68716466478239,22.779974370755333,205.57397950886252],[23.91381656302316,95.68715563774262,23.71257267957874,205.72437279601542],[23.91381523462705,95.68714722831473,24.581364498806586,205.84833953705345],[23.91381422942632,95.68714086487915,25.238781494209952,205.98006452703856],[23.913812843834105,95.68713209337065,26.144980472403383,206.02511324619002],[23.913811092021703,95.68712100350075,27.290693196381888,206.15089201715057],[23.91380965201939,95.68711188754841,28.232477257804973,206.2642395997077],[23.913808041512635,95.68710169221566,29.285773897108225,206.38372604538085],[23.913806949334866,95.68709477817089,30.000075274756338,206.3246040804791],[23.913805112124447,95.68708314768779,31.201639689768953,206.2529702410804],[23.913803741795984,95.68707447280664,32.09785599715168,206.13947025118205],[23.913802544743827,95.68706689485327,32.88074689199476,206.1769711090995],[23.91380123651908,95.68705861312046,33.736346414274266,206.22019368360463],[23.91379981748623,95.68704962991558,34.664416182338655,206.18798205048773],[23.913798791424366,95.68704313441836,35.33547676159298,206.11562634087085],[23.91379745786756,95.68703469232062,36.20764387191965,206.19838022392844],[23.91379614926589,95.68702640820172,37.06348993603678,206.1634420401615],[23.913795047322445,95.6870194323352,37.784178281346016,206.25688423028748],[23.913793850732784,95.68701185730967,38.56676674828289,206.43062861959748],[23.913792503793527,95.68700333049418,39.44768622168535,206.45900963971758],[23.913791301204483,95.68699571748948,40.23419839422206,206.31884541959613],[23.913790243403078,95.6869890210647,40.9260171753174,206.41718843635715],[23.913788745105332,95.68697953607244,41.90592750967549,206.42873320166245],[23.91378753353527,95.6869718662133,42.698313430415084,206.43538000236464],[23.913785385200395,95.686958266153,44.10335832575067,206.41783472364773],[23.91378374093935,95.68694785713828,45.178730999043395,206.33122314556317],[23.91378183362145,95.6869357828389,46.426147024395334,206.21564244159993],[23.913779923348415,95.68692368983201,47.675495772691555,206.43399987380644],[23.913777946397627,95.68691117472079,48.96845284222062,206.7333922438939],[23.913776141460115,95.68689974854172,50.14891052775653,206.9535458363561],[23.913774900771394,95.68689189434656,50.96034058440688,206.97139028437488],[23.913773825308485,95.68688508611541,51.66371035457987,206.96011352398182],[23.913772003840158,95.6868735552878,52.85497949236459,207.19030852229793],[23.913770245355433,95.68686242317867,54.00505637195071,207.43731402631028],[23.913769288545115,95.68685636607921,54.6308254900077,207.5453602462552],[23.91376865308746,95.68685234330673,55.046424874204476,207.63267042483324],[23.913768021030975,95.68684834206542,55.45979983702347,207.99725700463023],[23.913767089483986,95.68684244489575,56.06904635085056,207.88326043868597],[23.91376530095256,95.6868311225756,57.238774290352495,207.3318746756526],[23.913763945757495,95.68682254349662,58.12509338263156,207.38541500216485],[23.91376339363529,95.68681904828023,58.486190074267775,207.93367690526208],[23.91376237003214,95.68681256834793,59.155642799234805,207.77082153485844],[23.913761796023813,95.68680893458117,59.531053366673845,207.91344784756092]]}