{"terrain":{"left":5,"bottom":9,"right":5},"data":[[23.899950018275334,95.6785296374641,0,202.19786881025075],[23.899952831703274,95.67852030613965,1.0000000884322993,202.19786881025075],[23.899955645131268,95.67851097481501,2.0000001762802713,202.19786881025075],[23.89995845855931,95.67850164349022,3.000000263190903,202.19786881025075],[23.899961271987408,95.67849231216525,4.0000003495174505,202.19786881025075],[23.899964085415554,95.67848298084012,5.000000434200849,202.19786881025075],[23.89996689884375,95.67847364951481,6.000000515475469,202.19786881025075],[23.89996971227199,95.67846431818937,7.000000594753788,202.19786881025075],[23.89997252570022,95.67845498686395,8.000000649439443,202.19786881025075],[23.899973049133518,95.67845325078753,8.186048872796933,202.1868057633212],[23.89997374214209,95.67845095227909,8.432370634066524,202.10957766740202],[23.899974793661226,95.67844746469511,8.806120766156637,201.99491061232024],[23.89997602178484,95.67844339136529,9.242642883825791,201.87829315121158],[23.899977435932552,95.67843870104751,9.745285074265047,201.69212363778988],[23.89997931875452,95.67843245627314,10.414512019803114,201.49286204648982],[23.89998195749129,95.67842370434865,11.352419983133823,201.1871602812258],[23.89998482317415,95.67841419970976,12.37099324848606,200.95261500352862],[23.899988349115887,95.67840250518373,13.624247734337274,200.79112074017453],[23.89999151129612,95.67839201714906,14.748207451482823,200.66343878447506],[23.899994170932622,95.6783831959062,15.69354389981759,200.47708013264005],[23.899997403119997,95.67837247567817,16.842386782201142,200.33992269542827],[23.90000083916661,95.67836107930817,18.063689000619597,200.2547602670762],[23.90000475109649,95.6783481045714,19.454138274574287,200.25989071652035],[23.9000081548338,95.67833681536199,20.66395646976857,200.27906730241838],[23.900011149208705,95.67832688388893,21.728271615517567,200.24177363328138],[23.900014386837043,95.6783161456148,22.879048287605222,200.10665841769153],[23.90001795900339,95.67830429777513,24.148732508794783,200.05601280664703],[23.90002124678149,95.67829339316877,25.3173342678333,199.94439695613332],[23.900024559117206,95.67828240711194,26.494664713154574,199.92051529824525],[23.900028099630422,95.67827066425652,27.75309811402653,199.93039176854163],[23.90003180760427,95.67825836598274,29.07105337811965,199.91372634121782],[23.900035091191974,95.67824747527472,30.23816559827395,200.06325603608437],[23.90003803813982,95.67823770110347,31.285623158937014,200.0956479754087],[23.90004057814617,95.67822927663912,32.18843818843992,200.04551175727468],[23.900043142410514,95.67822077171806,33.099875415624226,199.94416905968697],[23.900045451415927,95.67821311341682,33.92058388449745,199.8172186691131],[23.900047706787028,95.67820563300504,34.72222866053238,199.6933322763131],[23.900049303353303,95.67820033765778,35.2897091069111,199.64108888268194],[23.900050166192575,95.67819747587018,35.5963950370415,199.65076052711456],[23.90005193930343,95.67819159497576,36.2266261374368,199.5943122647786],[23.9000532864137,95.67818712700172,36.705440406325366,199.7126320382864],[23.900054896010364,95.67818178843645,37.27755232587064,199.77646344183032],[23.900056313533987,95.67817708692174,37.78139417176136,199.80497614282964],[23.900058265479256,95.67817061288544,38.475189802500545,199.93952391292092],[23.900060211385384,95.67816415887921,39.166838881667466,200.1314048683295],[23.90006229833608,95.67815723706906,39.90862055952122,200.202779461024],[23.90006414490381,95.6781511125395,40.5649609733279,200.24487852240733],[23.900066304979035,95.67814394819649,41.332733869200155,200.28478929065486],[23.900068633794795,95.67813622419008,42.16048355597809,200.2354890369056],[23.900070819005656,95.67812897647947,42.93719058611159,200.2065469872937],[23.90007237133008,95.67812382786961,43.4889457046216,200.11092156512208],[23.900074284444415,95.67811748262424,44.168939267877036,200.0854329165263],[23.900076760293945,95.67810927094946,45.04895029842123,200.13043706023566],[23.90007887431222,95.67810225936401,45.80035273591416,199.97683768098247],[23.90008091022734,95.67809550682406,46.52399433295144,199.76003072530804],[23.90008333948491,95.6780874496813,47.38744477255862,199.72242187301603],[23.900085507563247,95.67808025879431,48.15806217165901,199.79735120484614],[23.90008803911477,95.67807186237218,49.05787173861945,199.84952763217493],[23.90009086354968,95.6780624945408,50.06178316573872,199.92479177379747],[23.90009395032993,95.67805225658603,51.158942066219446,200.0897141238918],[23.900096672704816,95.67804322725814,52.12657744605184,200.15172948654796],[23.900099547738495,95.67803369160532,53.14847353697903,200.2081425746562],[23.900101272318416,95.67802797167393,53.76145468770235,200.20850151617597],[23.9001032060719,95.6780215579745,54.44878405052902,200.20408219100707],[23.900105443874917,95.67801413583096,55.244184141638826,200.11332417921764],[23.900107071015466,95.67800873907771,55.82253161706821,200.0880208292174],[23.900109327804266,95.67800125396383,56.624679956926435,200.06625295606935],[23.900112398737715,95.67799106856829,57.71620616481545,200.20147565912745],[23.90011503657724,95.67798231961969,58.653794348444606,200.4456026888441],[23.900116833102718,95.67797636106576,59.29234760893736,200.59845018915073],[23.90011881939177,95.67796977312108,59.99835003269704,200.83924255068783],[23.900120098326827,95.67796553126445,60.45293202603606,201.07074707232144],[23.900120961901706,95.67796266703705,60.75987926557561,201.22698088346235],[23.900121963389388,95.67795934539289,61.115845939702815,201.2841938007937],[23.900123039785466,95.67795577529931,61.49843789746515,201.41315322381936],[23.90012459775046,95.6779506079813,62.052197689483734,201.5810526052098],[23.90012580538343,95.67794660261302,62.481436200601834,201.88766445085164],[23.900126462503486,95.67794442313638,62.71500156361567,202.0840810572012],[23.90012688733209,95.67794301410312,62.86600174439138,202.28513933911032],[23.900127609129136,95.67794062011167,63.12255575714633,202.45217882551432],[23.90012809501417,95.67793900857194,63.29525770542101,202.61682957005397],[23.90012935536083,95.67793482836764,63.743232647595484,202.9809326716597],[23.90013047371323,95.6779311191171,64.14073744953994,203.34330961036542],[23.900131619910738,95.67792731751241,64.54813945461636,203.57054068630893],[23.900132785094556,95.67792345293564,64.96228990958048,203.74093051061985],[23.90013445203046,95.67791792419274,65.55478205319024,203.90912493191595],[23.90013587506458,95.6779132044013,66.06058225911953,204.08947936311236],[23.900137022509956,95.67790939865782,66.46842778730937,204.19927368393203],[23.900137734832605,95.67790703609019,66.72161422415826,204.21902416816462],[23.90013834100515,95.67790502559168,66.93707089433548,204.26096785482073],[23.900138586196277,95.67790421236383,67.02422110259616,204.29229472775157],[23.900138613445282,95.67790412198678,67.03390642948443,204.33249252763196],[23.900138648029777,95.67790400728005,67.04619906870542,204.33502873960205],[23.900138722765846,95.67790375940218,67.07276309703495,204.33689762579823]]}