{"terrain":{"left":3,"bottom":1,"right":3},"data":[[23.89014743694963,95.67341104667207,0,197.8440068828987],[23.890154411320328,95.67340481062696,1.0000000286079544,197.54400688289869],[23.8901613856912,95.6733985745817,2.0000000624601078,197.24400688289867],[23.890168360062198,95.67339233853632,3.0000000916712493,196.94400688289866],[23.89017533443332,95.67338610249084,4.00000011765531,195.94400688289866],[23.8901823088046,95.6733798664452,5.000000146412939,194.94400688289866],[23.890189283176014,95.67337363039945,6.000000171941756,194.64400688289865],[23.890196257547647,95.6733673943535,7.000000208362509,194.34400688289864],[23.890200621430626,95.67336349244289,7.62570289375452,194.32719043820364],[23.89020506624981,95.67335951816419,8.263010374311474,194.09176008581383],[23.890209274919954,95.67335575503516,8.866458301763364,194.15902592419846],[23.890213453864433,95.67335201848495,9.465644095179572,194.07494364856942],[23.890217575034974,95.67334833359257,10.056546132909729,194.25992462217076],[23.89022167944655,95.67334466368501,10.645045227751877,194.29355751156075],[23.890225723883336,95.67334104740317,11.224945003833573,194.34400688289864],[23.89022976896273,95.67333743054672,11.804936913263075,194.1253930199073],[23.890233898871752,95.67333373784095,12.397091862996302,194.10857655286057],[23.890238123581316,95.67332996037047,13.002839504132142,194.10857655286057],[23.89024235047063,95.673326180951,13.60889967420968,194.1422094273494],[23.890244025114807,95.67332468358914,13.849013633707548,194.1253930199073],[23.890247269566867,95.67332178260348,14.314209902517584,194.25992462217076],[23.890256946087383,95.67331313046539,15.701649464755342,194.3103739786075],[23.890266162629274,95.67330488961134,17.023136301682218,194.09176008581383],[23.890271441623835,95.6733001694653,17.78004944280484,194.25992462217076],[23.890281476454607,95.67329119694864,19.218864166569265,194.15902592419846],[23.89028537701039,95.67328770931616,19.778133884670243,194.09176008581383],[23.890289166943386,95.67328432059563,20.321542274280322,194.1253930199073],[23.89029288062234,95.67328100005669,20.854017194239386,194.17584236144288],[23.890296427758496,95.67327782842989,21.362612862032115,194.15902592419846],[23.89029994853742,95.67327468037006,21.86742936964592,194.17584236144288],[23.890303249570376,95.67327172879331,22.340738244913908,194.27674107431633],[23.89030596711093,95.67326929893889,22.730384778533107,194.05812718152268],[23.890307774632266,95.6732676827666,22.98955089001082,194.05812718152268],[23.890311423566096,95.6732644201187,23.512742493253285,195.23863865024717],[23.890314166468496,95.67326196758731,23.906025450696514,195.38427726441734],[23.89031817078234,95.67325838718087,24.480172156431745,195.50863414123953],[23.89032316224909,95.67325392412417,25.19585885445745,195.66173235729732],[23.89032817786479,95.673249439475,25.91500806627863,195.79745817629242],[23.890332926875704,95.67324519320712,26.59593093070495,195.89743122211638],[23.890337308102154,95.67324127578907,27.224120099993986,195.98212377700867],[23.890342530093125,95.67323660661206,27.972859787792274,196.0746530191043],[23.890348503882617,95.67323126522395,28.82939386272069,196.02408328803713],[23.89035471566762,95.67322571103517,29.720052200023613,195.9461411802277],[23.890361651441463,95.67321950950095,30.71451750674262,195.95775509796925],[23.890368948717153,95.67321298473445,31.7608156579249,195.990903589741],[23.890375849831212,95.67320681419082,32.75031133356475,195.83798902631213],[23.89038314077465,95.67320029508622,33.79570150900954,195.66962607373785],[23.890391093369658,95.67319318437426,34.93596059482596,195.72327782793394],[23.890398223747923,95.67318680883696,35.95832856578445,195.77278808958815],[23.89040555785102,95.67318025114169,37.00990698885131,195.7725100288548],[23.890414374442027,95.67317236789864,38.27404747515079,195.85126478037967],[23.890415561797443,95.67317130623987,38.44429287045001,195.8612936087116],[23.89041711457146,95.67316991784668,38.66693271564185,195.80776564735456],[23.89042408894754,95.67316368179675,39.66693270192967,196.80776564735456],[23.890431063323728,95.67315744574674,40.66693268075264,197.10776564735457],[23.890438037700058,95.67315120969658,41.66693266093943,197.40776564735458],[23.890445012076526,95.67314497364632,42.66693263895724,197.7077656473546],[23.89045198645313,95.67313873759593,43.66693261339304,197.80776564735459],[23.890458960829882,95.67313250154541,44.66693259095819,197.90776564735458],[23.89046593520677,95.67312626549477,45.66693256494191,198.00776564735457],[23.890472909583796,95.67312002944401,46.66693253746406,198.10776564735457]]}