{"terrain":{"left":5,"bottom":1,"right":6},"data":[[23.889733593700583,95.67543677818865,0,199.3227272333157],[23.88972506056394,95.67543356933918,1.0000021845541553,199.3227272333157],[23.8897165274257,95.6754303604891,2.0000045611562953,199.3227272333157],[23.889707994166297,95.67542715159347,3.0000211425845364,199.3227272333157],[23.889690927291266,95.67542073366823,5.000096072215776,197.3227272333157],[23.889673860119963,95.67541431563158,7.0002057457939415,195.3227272333157],[23.8896567949918,95.67540789836326,9.000076004845589,193.3227272333157],[23.889654622010376,95.6754070812229,9.254728704969295,193.23864492788434],[23.889653323760864,95.67540659302173,9.406871166994478,193.1881956161511],[23.889651814755783,95.67540602556684,9.583712171384853,193.2554614247334],[23.889651315547816,95.67540583784182,9.64221458436316,193.27227792158246],[23.88964998245175,95.67540533653676,9.79844073065803,193.27227792158246],[23.889649130454927,95.67540501614701,9.898286633412944,193.23864492788434],[23.88964708638379,95.67540424748282,10.137832277850222,193.4404424132359],[23.889643959633712,95.67540307168184,10.50425757099029,193.5749740304005],[23.889639799590412,95.67540150731539,10.99177497693698,193.62542337193608],[23.889639034138376,95.67540121947042,11.08147865709013,193.64223983898282],[23.889635159943,95.67539976259584,11.535497413441767,193.6590562911284],[23.889633926865457,95.67539929890232,11.680002343964098,193.6590562911284],[23.88963085412038,95.6753981434097,12.040098769134275,193.59179049744725],[23.88962651679018,95.67539651237526,12.54839251327001,193.64223983898282],[23.88962429786499,95.67539567795795,12.808429389283667,193.6590562911284],[23.88962227807308,95.67539491842386,13.045129744833439,193.67587274327397],[23.889619412203277,95.6753938407258,13.38098236221689,193.64223983898282],[23.88961814528871,95.67539336430801,13.529452671009949,193.60860694959283],[23.889614053202333,95.67539182549645,14.009006182802374,193.6590562911284],[23.88961124541439,95.67539076963982,14.338052162945111,193.62542337193608],[23.889608689144296,95.67538980836541,14.63762264885274,193.52452468886494],[23.889608130878702,95.67538959843202,14.70304605396332,193.5077082218182],[23.889607553671006,95.67538938137554,14.77068929356782,193.5581575931561],[23.88960717481481,95.6753892389083,14.81508762804544,193.5749740304005],[23.88960678924724,95.67538909391726,14.860272472324304,193.59179049744725],[23.889606354351102,95.67538893037643,14.911238153386932,193.59179049744725],[23.889606305153883,95.67538891187603,14.917003598674889,193.59179049744725],[23.889606062944942,95.6753888207944,14.945388177551457,193.59179049744725],[23.88960536199739,95.67538855720608,15.02753254905982,193.54134109630704],[23.889605178321148,95.67538848813541,15.049057653303457,193.54134109630704],[23.889605010965422,95.675388425202,15.068670149192762,193.54134109630704],[23.88960371979903,95.67538793966442,15.21998254281278,193.5749740304005],[23.88960127991947,95.67538702215816,15.505913168988357,193.5581575931561],[23.889599549168825,95.67538637131679,15.708740646959171,193.5749740304005],[23.889599138508565,95.67538621688976,15.756866115035166,193.5749740304005],[23.889598531703665,95.67538598870338,15.827977864236146,193.5581575931561],[23.889598150901598,95.6753858455044,15.872604236707673,193.54134109630704],[23.889596848911587,95.67538535589662,16.025185055840787,193.59179049744725],[23.889595853018136,95.67538498139515,16.14189427649069,193.60860694959283],[23.889594310659767,95.6753844013979,16.322643975357074,193.60860694959283],[23.889592515893142,95.6753837264836,16.532973515897574,193.59179049744725],[23.88959209920058,95.67538356978815,16.581805913021398,193.5749740304005],[23.889591337896764,95.67538328350311,16.671023463761863,193.60860694959283],[23.889590548556928,95.67538298667525,16.76352656891727,193.59179049744725],[23.889589783502093,95.67538269897966,16.853183703676812,193.59179049744725],[23.889589194828947,95.67538247761165,16.92217058529433,193.64223983898282],[23.889588755167644,95.6753823122789,16.973694698920042,193.72632210716128],[23.889588358604495,95.67538216315302,17.020168120938038,193.72632210716128],[23.889587906176352,95.67538199301936,17.073188386725555,193.72632210716128],[23.889587258016505,95.67538174928163,17.14914654296323,193.67587274327397],[23.889581820616993,95.67537970457083,17.786357942904246,195.20273268527305],[23.889577584757674,95.67537811169409,18.282760285462977,195.29246137335397],[23.88957082468645,95.67537556959826,19.07497620827632,195.33634665979807],[23.889566386999377,95.67537390082505,19.595030844814794,195.39762780766347],[23.889562147965837,95.67537230675465,20.09180518004365,195.55076039424895],[23.88955974347989,95.67537140255801,20.37358802079983,195.63495126810344],[23.88955839236448,95.67537089447686,20.53192587213418,195.6961277147481],[23.88955703562589,95.67537038428112,20.69092270635911,195.7099204083869],[23.889546362889828,95.67536637084444,21.941665682140222,195.92921800081334],[23.889540392626497,95.67536412575251,22.641323662008382,195.64159295139135],[23.88953147170995,95.67536077108005,23.68677009327311,195.42271390574356],[23.88952383671394,95.67535789997252,24.58151889226545,195.4215342882571],[23.889522077840482,95.67535723855569,24.78764210705072,195.45367981360934],[23.8895088706819,95.6753522720603,26.335395291782792,195.38995024272802],[23.889503080631712,95.67535009473673,27.013934027082595,195.21123814145247],[23.889498267824823,95.67534828490132,27.577949156825433,195.14611426615673],[23.889492320497467,95.67534604843435,28.274919284087005,195.0657837662441],[23.889480565265842,95.67534162792985,29.652520487282583,195.131036078256],[23.889470776720948,95.67533794698949,30.799644742795774,195.2544638318119],[23.889462492945107,95.67533483191107,31.770424400063884,195.18594048117743],[23.8894528372285,95.67533120092021,32.90198246034901,195.3997768600305],[23.889450888312133,95.67533046803857,33.130376904524894,195.53371805734886],[23.88944268165718,95.67532738196113,34.092118741560526,195.72505608916933],[23.889428826781852,95.67532217189462,35.71577825069056,196.00934765454502],[23.88941508312077,95.67531700364975,37.326404524515254,196.01205406843246],[23.889403794919712,95.6753127587701,38.64927426493328,196.11544273310577],[23.889392010223453,95.67530832718558,40.030328528684315,195.86675071088183],[23.88938159478063,95.67530441050292,41.25091932947231,195.76448787755297],[23.88937472206868,95.67530182604904,42.05633578335797,195.82549949369894],[23.889368529453744,95.67529949734272,42.782051341403736,195.88880112760205],[23.889363541989628,95.67529762182821,43.36653469092829,195.9342032079183],[23.889359194919656,95.67529598713118,43.875969940383484,196.04760443621097],[23.889356932943123,95.6752951365246,44.141052073392736,196.1644293153237],[23.889352990020843,95.67529365380557,44.60312505914743,196.58743319971603],[23.88934793030792,95.67529175112219,45.19607528878933,196.81474424737712],[23.889343981937877,95.67529026635455,45.65878670325678,196.83585213352896],[23.889341126309088,95.67528919250759,45.99343923832609,196.8871840125771],[23.88933240189267,95.67528591172817,47.015857868842325,196.9405382914591],[23.88932387257176,95.67528270431359,48.015413168244336,196.9405382914591],[23.889315341300833,95.6752794961657,49.01519699710258,196.9405382914591],[23.889306809726524,95.67527628790374,50.015016384837914,197.2405382914591],[23.8892982786003,95.67527307981027,51.01478326762722,197.54053829145911],[23.889296571047073,95.6752724376922,51.21489227158556,197.54053829145911],[23.889296571047065,95.6752724376922,51.21489227264531,197.54053829145911],[23.889294011112426,95.67527147503975,51.514892274028746,197.54053829145911],[23.88928974455471,95.67526987061899,52.01489227802555,197.54053829145911],[23.889285477997,95.67526826619824,52.51489228263857,197.54053829145911],[23.889283771373936,95.67526762442995,52.71489228205605,197.54053829145911]]}