{"terrain":{"left":6,"bottom":9,"right":4},"data":[[23.917873920135005,95.6871548554907,0,207.3852127140317],[23.917876996007916,95.68715362486974,0.36298560118138434,207.45324412516896],[23.91787975200131,95.68715252222884,0.6882220276954714,207.33415996938248],[23.917886702722484,95.68714974132618,1.5084807825845086,207.2865986992171],[23.91789338792267,95.68714706665537,2.297405243347091,207.17463231311547],[23.91789926111951,95.68714471685766,2.990504701394223,206.88232291449373],[23.91790465201278,95.68714256002399,3.6266872247098307,206.4954619552836],[23.91791179470299,95.68713970231674,4.469600343447544,206.34527147200447],[23.91791817191093,95.68713715087004,5.222178440630344,206.32644044995772],[23.917926199557062,95.68713393910224,6.169525723195096,206.39006031253393],[23.917936057443963,95.68712999507639,7.332860795967205,206.22977052501977],[23.91794393927763,95.68712684164645,8.263000650043415,206.01775361501387],[23.917953179191045,95.6871231448646,9.353408291273691,205.81718903854016],[23.917961375243326,95.68711986571944,10.320629256344871,205.63627483768101],[23.91796914311045,95.68711675788619,11.237319832204753,205.5211286614628],[23.917977852568583,95.68711327333334,12.26512811109566,205.5064003114192],[23.917986995795964,95.68710961523445,13.344125746377337,205.43053511757512],[23.91799351351774,95.6871070075698,14.11328591852732,205.51640357248482],[23.917999672770936,95.68710454332427,14.840142998542621,205.52258727565356],[23.91800770640633,95.68710132916021,15.788197015966125,205.53125514353883],[23.918014339074418,95.68709867550689,16.57092205588312,205.66940676032766],[23.918019019509707,95.68709680291919,17.123262960088447,205.706757506595],[23.91802231640181,95.68709548387102,17.512331121918802,205.57688636302765],[23.918028604282547,95.6870929681631,18.254367597079952,205.5290091084484],[23.918035630035888,95.68709015724093,19.08348084299456,205.57481222919222],[23.918042623257698,95.68708735933426,19.908755020189886,205.5679496625712],[23.918049391247514,95.68708465154029,20.707449434826408,205.6288074553318],[23.91805736912242,95.68708145968536,21.648923086346368,205.7137198041766],[23.91806336872739,95.68707905931322,22.356939949974965,205.82737552313068],[23.91807072436459,95.68707611640836,23.224982958500735,206.04470938288006],[23.91807744099114,95.68707342916423,24.017615945953857,206.15044619329427],[23.918085492186957,95.68707020797446,24.96774221984019,206.0697521367522],[23.918093748507385,95.68706690471673,25.942075360381644,206.00500866942178],[23.91810094115083,95.68706402702378,26.79088336110966,206.09558756784355],[23.91810939196294,95.68706064595219,27.788168564879086,206.2154320736965],[23.918118509187636,95.68705699825666,28.864097495388204,206.2468496864749],[23.91812668162849,95.68705372855817,29.82853193338522,206.14703304236627],[23.918135518617234,95.68705019298179,30.871390043718137,205.96571560374883],[23.918144428086578,95.68704662840678,31.922801622702064,205.98392735967826],[23.918151951440873,95.68704361840025,32.81063696582157,206.18018518768883],[23.91815842807396,95.68704102717471,33.57494813609176,206.2872976380492],[23.918167376632553,95.68703744696055,34.630972640280795,206.43210918819136],[23.91817681743033,95.6870336698072,35.745086563246566,206.61118739643666],[23.918184915363216,95.68703042991848,36.70072823011815,206.82498659110064],[23.918192344449555,95.68702745762748,37.57743892765207,206.7696205165235],[23.91820077254451,95.68702408564475,38.57204319531697,206.59362823188985],[23.918210258117373,95.68702029057742,39.691441021404316,206.64936844417207],[23.91821805042371,95.68701717296632,40.61101550027096,206.43144517813238],[23.918224683521252,95.68701451914117,41.393791088231644,206.3763621640199],[23.918230619120244,95.68701214437708,42.0942544749286,206.47987662019335],[23.91823982197051,95.68700846242376,43.18028802222227,206.47719251109544],[23.918247075702737,95.6870055602899,44.03630504436659,206.46890931292631],[23.918256378027838,95.68700183853787,45.134077659127655,206.48621684932596],[23.9182668128019,95.68699766370618,46.36549120072491,206.42317423246544],[23.91827585483257,95.68699404609492,47.43254630516523,206.37427549073192],[23.9182861816589,95.68698991445186,48.65122085632888,206.36950956646012],[23.918296659937035,95.6869857222147,49.88776830881718,206.36232597085717],[23.91830640130174,95.68698182480803,51.037352187853806,206.38642634611858],[23.918318255892775,95.68697708192408,52.436319070394255,206.5224588863573],[23.91832726711078,95.68697347664062,53.49973791153342,206.57877422528952],[23.918335675264675,95.68697011263608,54.491988815434965,206.5854348647307],[23.918345611758085,95.68696613716068,55.66459990310679,206.63982729450203],[23.918355158705367,95.68696231753816,56.79124042870445,206.9016144321198],[23.918363361647046,95.68695903563663,57.759274104041936,207.41929296809423],[23.918375063218196,95.68695435397417,59.140182961721756,207.37203764330962],[23.918382402936707,95.6869514174382,60.00634718042114,207.2887277763815],[23.918390691967044,95.6869481010936,60.984540203747216,207.2444763756048],[23.918392841294338,95.68694724117276,61.23818349756679,207.50469105677297],[23.918396496668187,95.68694577870022,61.669556169647215,207.84257796448168],[23.918443102672445,95.6869271321802,67.1695561864347,212.84257796448168],[23.918451576491528,95.68692374190378,68.16955618253395,212.84257796448168],[23.91846005031067,95.68692035162734,69.16955617794046,212.84257796448168]]}