{"terrain":{"left":5,"bottom":9,"right":3},"data":[[23.920029438227626,95.6915401211367,0,213.33563578192076],[23.920035776143994,95.6915331259908,1.0000001131357155,213.33563578192076],[23.920042114060504,95.69152613084475,2.0000002251340083,213.33563578192076],[23.920048451977156,95.69151913569856,3.0000003342291817,213.33563578192076],[23.92005478989397,95.69151214055216,4.000000445717611,213.33563578192076],[23.92006112781093,95.69150514540563,5.00000055465725,208.33563578192076],[23.920067465728025,95.69149815025894,6.000000661047018,208.33563578192076],[23.920073803645277,95.69149115511206,7.000000769123359,208.33563578192076],[23.92008014156267,95.69148415996504,8.000000873591349,208.33563578192076],[23.920086479480172,95.69147716481791,9.000000969506743,208.33563578192076],[23.920087204663062,95.69147636443498,9.11442072186876,208.34984000171937],[23.92008951724196,95.69147381204617,9.47930068174882,208.3867407626842],[23.92009120758894,95.69147194641351,9.746004547344146,208.3710232621283],[23.920093544092445,95.69146936761916,10.114659338903813,208.4392476746778],[23.920095449234164,95.69146726491797,10.41525362984428,208.47476093758547],[23.920098270275645,95.69146415134001,10.860359079489124,208.5350676120953],[23.920100780634865,95.69146138066147,11.256444906706493,208.55473381226437],[23.92010335472565,95.6914585396425,11.662586334126237,208.6473618852928],[23.92010773599383,95.69145370404539,12.353865169552794,208.70027288976814],[23.920110401770405,95.691450761833,12.774472817336688,208.67912318750496],[23.920113059054064,95.69144782899423,13.193740442711922,208.68369056997864],[23.920115908179234,95.69144468442035,13.643276920643096,208.77512764054325],[23.92011780577825,95.69144259004403,13.94268109480328,208.83940546440493],[23.920121096860097,95.69143895768343,14.46194972147437,208.8224306703459],[23.9201243127226,95.69143540834229,14.969350192254293,208.9528436830305],[23.920126544574444,95.69143294505177,15.321492942148742,208.98953963616964],[23.9201302141378,95.69142889496189,15.900478560054403,209.0554680575841],[23.920132763444876,95.69142608129664,16.30270955505697,209.1107272854993],[23.920148785901404,95.69140839734274,18.830740969816485,209.33821826885185],[23.920149882054034,95.69140718752122,19.003692489278937,209.3996149158492],[23.920150561308102,95.69140643782984,19.110865539525566,209.50608335884095],[23.92015440819245,95.69140219203112,19.717828900287905,209.5809084176684],[23.92015859654747,95.69139756935188,20.37866966558195,209.59124792246598],[23.920161117041257,95.69139478748781,20.77635444073561,209.51568319535465],[23.92016436249936,95.69139120548206,21.288424442453074,209.48265840361825],[23.92019237253482,95.69136029086074,25.707861578158766,209.31842787407987],[23.920195829540674,95.69135647537016,26.25330962399996,209.2189046325281],[23.920199307916498,95.69135263629356,26.80212942739445,209.23256466663065],[23.920202481010357,95.69134913415608,27.302781689542904,209.3060010242305],[23.920205456344508,95.6913458502856,27.772231325944837,209.38669930910504],[23.9202097775655,95.69134108096245,28.454035616683708,209.4168695343797],[23.920215513824676,95.69133474986442,29.35910528405003,209.52407295866408],[23.92022080487875,95.6913289101384,30.193930263912385,209.59524931792015],[23.92022639819553,95.69132273680562,31.076446375705366,209.65333652936755],[23.92023227692646,95.69131624846179,32.00399524460552,209.75753928729756],[23.92023819864229,95.69130971267562,32.93832626883541,209.77008519644028],[23.920243915619178,95.69130340285942,33.84035346942472,209.7439002725871],[23.92024974610358,95.6912969677652,34.76028991703606,209.73281510906918],[23.920255875274265,95.6912902030115,35.72735319822366,209.77517124699875],[23.92026199922943,95.69128344401418,36.69359354875574,209.7261027494564],[23.920268461566398,95.69127631154552,37.71322390438705,209.72103683914509],[23.920274635259123,95.69126949765294,38.687311823316065,209.72981020562185],[23.920280023914874,95.69126355020413,39.537536248437846,209.77221679522677],[23.92028626549135,95.6912566613884,40.52233484944505,209.80377954276065],[23.920293200365457,95.69124900738142,41.61652222022312,209.7731812140015],[23.920299029726365,95.69124257352719,42.5362812285295,209.74781305249132],[23.920304145597278,95.69123692715047,43.34346546916031,209.5409933571654],[23.920309529677738,95.69123098475141,44.19296790467745,209.46930450403767],[23.92031605204811,95.691223786024,45.22207017034685,209.4721714533727],[23.920321904555337,95.69121732662323,46.14548113295637,209.50638521039463],[23.920328302360677,95.69121026537799,47.1549294291162,209.59904451878867],[23.920333762505255,95.69120423902712,48.01643321324277,209.56637927029504],[23.92033915006646,95.69119829278635,48.86648474816202,209.59116719643276],[23.920344987150546,95.69119185040807,49.78746215872134,209.57739368378554],[23.92034970118654,95.69118664753577,50.5312445887917,209.365955451604],[23.920355867040378,95.69117984229496,51.504095379242194,209.253220421276],[23.920363194990408,95.69117175445085,52.660302125846755,209.30093632933978],[23.920369841907767,95.69116441826117,53.709055250343255,209.33939136451482],[23.920376318108975,95.69115727049058,54.73087268837628,209.46277099210397],[23.920382322962414,95.69115064294559,55.67832067881081,209.45600217554522],[23.92038829403139,95.69114405268844,56.62043812195935,209.35232453992876],[23.920394221468072,95.69113751058818,57.55567122508753,209.26535180254393],[23.920401015619543,95.6911300118965,58.62765487397206,209.27668309297047],[23.9204073527882,95.69112301757586,59.62753558538498,209.27301030825083],[23.92041284733914,95.69111695325074,60.49446775679677,209.28653218593433],[23.920418094131296,95.6911111623765,61.32230844380073,209.29919120291373],[23.920423878005966,95.69110477872536,62.234890174936915,209.2549994155019],[23.920429359009777,95.69109872935218,63.09968482061305,209.18124396500173],[23.920434871989364,95.69109264468739,63.969524597017354,209.20974728917872],[23.92044061957078,95.69108630109304,64.87637990892792,209.19381941839157],[23.92044690101236,95.69107936827825,65.8674678328084,209.0542723390958],[23.9204530276883,95.69107260627801,66.83413675895537,208.95092506151354],[23.920458898480376,95.69106612669628,67.76043222560732,208.89744003200906],[23.920465802397658,95.6910585068563,68.84973449302102,208.88812535894658],[23.92047130026291,95.69105243887319,69.71718940159207,209.00404179240695],[23.920476451096206,95.69104675390855,70.52988948398757,209.05792811743106],[23.92048096774374,95.69104176889351,71.24252752525673,208.9483088364343],[23.920485321517457,95.69103696364198,71.92946727402705,208.8565309210303],[23.9204893346647,95.69103253433923,72.56266286373848,208.81838392464982],[23.920494512925703,95.69102681910269,73.37969044060412,208.79308830232094],[23.92049920932252,95.69102163569872,74.12068932744329,208.80887726837784],[23.92050413903038,95.6910161947898,74.89850008677114,208.77373930920652],[23.92050970152839,95.69101005547164,75.77615264329275,208.72350326798255],[23.920515744204778,95.69100338618154,76.72956786394505,208.77220509866663],[23.920522296045,95.6909961549283,77.76331907577213,208.8443986161006],[23.920528678251024,95.6909891109,78.77030532975789,208.85629896766477],[23.920534104206936,95.69098312228309,79.62641415501723,208.84630729949907],[23.920539870208103,95.69097675835889,80.53617539373226,208.82271461098412],[23.920546795621693,95.69096911479346,81.6288690169189,208.8426198666853],[23.920554052399442,95.69096110550205,82.77384533423736,208.89534280920844],[23.920558721345063,95.69095595239591,83.51051279460457,208.92738086448082],[23.92056309891707,95.69095112087825,84.20120723857406,208.89073443685504],[23.92056787106175,95.69094585387151,84.95415744722129,208.85509937752022],[23.920573204098122,95.6909399678097,85.7956052759346,208.78595747454887],[23.920578426599278,95.6909342037454,86.6196128114068,208.76234999317268],[23.92058274079235,95.69092944217896,87.30030725804113,