{"terrain":{"left":4,"bottom":1,"right":4},"data":[[23.882928638932466,95.67311312861108,0,198.17527773051745],[23.882935824916114,95.67310763099118,0.9731050347505023,198.17527773051745],[23.88294301089984,95.67310213337124,1.9462100616845115,198.17527773051745],[23.88294327027756,95.67310193493493,1.9813342378924508,193.17527773051745],[23.882947220206134,95.67309891305136,2.516222076351322,192.93070758307675],[23.882948160020508,95.67309819404859,2.6434890041658625,192.90552325933044],[23.882949444437564,95.67309721140835,2.817421024249337,192.92690710814094],[23.88295180154692,95.67309540810737,3.1366139124287225,192.93728664685523],[23.88295504461034,95.67309292700934,3.575780118659495,193.01630758247222],[23.882958659171905,95.67309016169752,4.065253517392703,193.03639221249495],[23.88296245947535,95.6730872542843,4.579879536732514,193.01483280605356],[23.882966250055418,95.67308435430994,5.093188839520977,193.01260006474604],[23.882970269985815,95.67308127887165,5.637556089623391,193.0676538657586],[23.882974317530454,95.67307818230714,6.185662774542587,193.08787122226755],[23.882978218671386,95.67307519774845,6.713943891392956,193.12274767545438],[23.882981839087947,95.67307242795727,7.204210129935924,193.13520070607075],[23.88298523147695,95.67306983261804,7.663597537938065,193.14571458908085],[23.882988575396674,95.67306727436012,8.116421373090173,193.14170590213672],[23.882991933056942,95.67306470559004,8.571105908936099,193.13652182072303],[23.882995317606568,95.6730621162483,9.02943172060469,193.13555465938094],[23.882998727463534,95.67305950754526,9.491184572498423,193.14750529479522],[23.88300189191441,95.67305708658955,9.919705248304982,193.16518317639458],[23.883004930232673,95.67305476213131,10.33114541057713,193.1537453254296],[23.88300836165736,95.67305213692794,10.795818890186322,193.1961114367466],[23.88301075531004,95.67305030566958,11.119960322517016,193.21518824162047],[23.883013643000467,95.67304809644881,11.51100289556715,193.21877949543057],[23.8830166446933,95.67304580001077,11.917483338455762,193.19948493963943],[23.883019658665138,95.6730434941787,12.325626564002638,193.22138314944516],[23.88302272683029,95.67304114688618,12.741108486490255,193.22819427566407],[23.883025850182918,95.6730387573726,13.164063731143775,193.26557516864966],[23.883029155762063,95.67303622844705,13.611695554418908,193.26874519592457],[23.883032369218522,95.67303376999973,14.046852389878987,193.25047416703524],[23.883035061860042,95.67303171000069,14.411481991716025,193.27041277974672],[23.8830376075894,95.67302976239642,14.756217179586942,193.290263917135],[23.883040098739656,95.67302785654778,15.093561423074757,193.31808064819018],[23.883042391685326,95.67302610233509,15.404065382922582,193.28943215656273],[23.883044480800073,95.67302450406277,15.686967156366793,193.25839626933015],[23.883046338447446,95.67302308287401,15.938524298438734,193.27903633060913],[23.883048456607472,95.67302146238066,16.225359297009877,193.2969630237855],[23.883050742787802,95.67301971334379,16.53494710602355,193.35410534417417],[23.883051939558918,95.67301879775685,16.69701032763114,193.38707952930486],[23.883052984329375,95.67301799845768,16.838490066832378,193.96874596194942],[23.883057515073787,95.67301453222233,17.452030129869044,194.01307511443866],[23.883061319978825,95.67301162128868,17.96727915827948,194.1557453825465],[23.883063473589807,95.67300997367366,18.258914809120853,194.21478076557236],[23.883066779858925,95.67300744422025,18.70664002395762,194.2720782379909],[23.883068634529938,95.67300602530855,18.957794101941417,194.34550566053105],[23.883077055864877,95.67299958258607,20.098186425781645,194.34173294351854],[23.883085712893035,95.67299295954703,21.270495605333988,194.373977283621],[23.883093944838098,95.67298666171683,22.38524126419694,194.4392659326288],[23.88310121573629,95.67298109913327,23.36984477946374,194.45157702492213],[23.883108305120153,95.67297567541682,24.329868144284347,194.4149405302519],[23.88311700144859,95.67296902231121,25.507499160611186,194.46282147965047],[23.8831236706351,95.67296392006577,26.410620608751646,194.63997080181827],[23.883130568593153,95.67295864279919,27.344721606295938,194.7281262488113],[23.883138093188073,95.67295288612553,28.363679890725006,194.72814066020572],[23.88314485645945,95.67294771190068,29.279541984594722,194.79073632150784],[23.883150872090646,95.67294310965619,30.094160858108324,194.95218428974084],[23.883155012008903,95.67293994242146,30.65477625997724,195.18164443728807],[23.883157292273907,95.67293819791009,30.963562953149754,195.48398335208975],[23.883160587445822,95.67293567694657,31.4097853147792,195.8166005106669],[23.88316209536701,95.672934523315,31.61398350770823,196.01436200308768],[23.88316630095059,95.67293130584318,32.183491096899296,196.35493172548524],[23.8831700919233,95.67292840556843,32.69685331127772,196.65125898591612],[23.883179711166946,95.6729210463887,33.99946257170873,197.1830420329747],[23.883185666867394,95.67291648999408,34.80596573171567,197.3915995744976],[23.8831940820483,95.67291005197973,35.94552436611672,197.4109907953258],[23.883197280358367,95.67290760512013,36.37862994600375,197.4321137471589],[23.883202001540337,95.67290399319097,37.01795827565973,197.4228220643272],[23.883204259921442,95.67290226542183,37.323781481307655,197.42871874696147],[23.88320794051579,95.67289944959177,37.82219654272245,197.38754954985666],[23.88321397256608,95.6728948347859,38.63903871343841,197.38866304532024],[23.883221132917107,95.67288935677618,39.60867197230258,197.31690119271343],[23.883227039888073,95.67288483766194,40.40857625115697,197.29191346537175],[23.883231764213026,95.67288122332825,41.048330146415694,197.34958238417778],[23.883237133166904,95.6728771158227,41.77537774790152,197.33602665047698],[23.88323857654547,95.67287601156933,41.97083573383422,197.29028266729694],[23.883238907988858,95.67287575799935,42.0157188007939,197.22094992502923]]}