{"terrain":{"left":8,"bottom":1,"right":6},"data":[[23.885584108263796,95.67506748473465,0,200.9113330082812],[23.885587486798595,95.67505837891974,1.0000000603916295,200.9113330082812],[23.88559086533347,95.67504927310462,2.0000001234008122,200.9113330082812],[23.885594243868415,95.67504016728931,3.0000001840847066,200.9113330082812],[23.88559762240341,95.67503106147387,4.000000237501016,195.9113330082812],[23.885597889576257,95.67503034139057,4.079079738661556,195.89451657103677],[23.88559828912002,95.67502926454165,4.197339213318999,195.87770013379236],[23.885598812930127,95.67502785277051,4.352379823687831,195.94496591257234],[23.88559958732089,95.6750257656353,4.581588872303956,196.04586465524812],[23.885600754704893,95.6750226193061,4.927118525584941,196.04586465524812],[23.885602094722955,95.67501900769422,5.323745492244561,195.94496591257234],[23.885603517724928,95.67501517242438,5.744934554859658,195.97859884666582],[23.88560502828789,95.6750111011605,6.19204046197181,195.96178237961908],[23.885606552281057,95.67500699369955,6.6431215238555215,195.8608836369433],[23.885607989330953,95.67500312056781,7.068468564420905,195.9113330082812],[23.88560934502425,95.67499946670809,7.46973516630376,195.8608836369433],[23.885610725730825,95.67499574543265,7.878405351396188,195.84406719969888],[23.885612123915397,95.6749919770506,8.292248778742746,195.8272507922568],[23.8856150852431,95.67498399569075,9.168761090158005,195.87770013379236],[23.885617254838376,95.67497814820533,9.810931468744938,195.97859884666582],[23.88561782730751,95.67497660528856,9.980374462171708,195.87770013379236],[23.885620294186822,95.67496995656425,10.710536817854566,195.89451657103677],[23.885621775080356,95.67496596526529,11.148860934548846,195.89451657103677],[23.885623254237533,95.67496197864615,11.586671108770352,195.94496591257234],[23.88562469873552,95.67495808544035,12.01422263533826,195.8608836369433],[23.885626098765467,95.67495431208464,12.428612231042672,195.9113330082812],[23.88562748124203,95.67495058603875,12.837806262744762,196.0290481882014],[23.885630378212394,95.67494277813458,13.695269599921096,195.94496591257234],[23.885631972882667,95.67493848018495,14.167270034878984,195.87770013379236],[23.88563337336317,95.6749347056149,14.581792968680443,195.77680139111658],[23.88563452495429,95.67493160185063,14.92264807211514,195.81043429540773],[23.88563593412906,95.67492780384784,15.339744381162095,195.94496591257234],[23.88563623108936,95.67492700348149,15.4276405376103,195.92814947532793],[23.885638074926078,95.67492203397936,15.97339078712745,195.89451657103677],[23.88563914966476,95.6749191373475,16.291498617600816,195.97859884666582],[23.88564046903702,95.6749155813801,16.682014609862648,195.9954152541079],[23.885641939840063,95.674911617277,17.11735202025077,195.8081114427962],[23.88564334574644,95.67490782808316,17.53348091130464,195.8081114427962],[23.885644661988763,95.67490428055156,17.923070475587142,195.8081114427962],[23.885645880457908,95.67490099653787,18.283720526244434,195.7781114416041],[23.885647097323325,95.67489771684654,18.64389589236146,195.74811141060968],[23.885648308760754,95.67489445178472,19.002464642606203,195.74811141060968],[23.88564954661561,95.67489111552274,19.36885258764959,195.74811141060968],[23.88565078908207,95.67488776683157,19.73660549964442,195.74811141060968],[23.885651940159928,95.67488466445064,20.07730864475089,195.74811141060968],[23.885653186731062,95.67488130469658,20.446276477679252,195.6881114082255],[23.885654512786466,95.6748777307168,20.838770552240458,195.6881114082255],[23.885655915332165,95.67487395058063,21.25390469467544,195.6881114082255],[23.885657324425374,95.67487015279767,21.670976803307006,195.7781114416041],[23.885658746396782,95.6748663203054,22.09186068155225,195.74811141060968],[23.885660161889724,95.67486250527388,22.510827015958455,195.8608836369433],[23.88566148967601,95.67485892662903,22.90383339033119,195.8608836369433],[23.885662734445983,95.67485557172945,23.27226807914841,195.96178237961908],[23.885664003779546,95.67485215062617,23.64797325118689,196.04586465524812],[23.885665302049993,95.6748486515323,24.032243335340777,195.8608836369433],[23.88566661819421,95.6748451042651,24.421803805719293,195.89451657103677],[23.885667963813408,95.67484147755707,24.820088455941637,195.84406719969888],[23.885669251235445,95.67483800770178,25.201147553159988,195.8272507922568],[23.88567042573166,95.67483484220378,25.54878216643525,195.75998495387216],[23.88567149196332,95.67483196850003,25.86437196712365,195.8272507922568],[23.885672467358727,95.67482933961782,26.153075494802007,195.92814947532793],[23.885674442353473,95.67482401661903,26.737646572465298,196.11313044892927],[23.885675524150276,95.67482110096415,27.057843432829642,196.18039626496216],[23.885676972427788,95.67481719757178,27.486513499261136,196.11313044892927],[23.885678956252246,95.6748118507752,28.073698031060022,196.0290481882014],[23.88568118036484,95.67480585635488,28.732004510668705,195.89451657103677],[23.885683220067442,95.67480035895572,29.335728181127564,195.84406719969888],[23.88568403526666,95.67479816183369,29.577015838322346,195.87770013379236],[23.885684144973247,95.6747978661529,29.609487465261065,195.94496591257234],[23.8856850606807,95.67479539814144,29.88052416280974,196.72366562041182],[23.885685348403886,95.67479462267094,29.965686231422236,196.83506141837668],[23.88568557600316,95.6747940092462,30.03305245752506,196.83361263337716],[23.88568565326141,95.67479380102003,30.055919827592444,196.8162079717559],[23.88568665702304,95.67479109568526,30.353019338569837,196.83888527448434],[23.885687517427424,95.67478877672644,30.607687089839413,196.90519257886817],[23.885689597127907,95.67478317152515,31.223249551648948,197.03373445410853],[23.885691420719887,95.67477825658656,31.763007446424353,197.0262791506138],[23.88569299609479,95.67477401064176,32.229296531679786,196.9938071340948],[23.88569418976906,95.67477079345512,32.582607527353794,196.98588996908947],[23.88569615800723,95.67476548866664,33.16517866952274,197.07751820200147],[23.885698418222457,95.67475939694263,33.8341709513044,197.0917504444374],[23.885700228698465,95.67475451735417,34.37004666999107,197.1092770602364],[23.885701727502397,95.67475047778318,34.813671784713,197.2243967318343],[23.885703571642782,95.6747455074626,35.35951167920086,197.3225688601244],[23.88570583908259,95.67473939626693,36.030642305572,197.501237764223],[23.88570769689431,95.67473438909943,36.580528709243794,197.69238216083826],[23.88570977769213,95.67472878094057,37.19641588885332,197.82138540705247],[23.88571167272178,95.67472367346345,37.7573182653503,198.09648599236294],[23.885713218901945,95.67471950620418,38.214966052351095,198.19981405753833],[23.885714734332613,95.67471542182086,38.66351241194531,198.29669085634123],[23.885716729894977,95.67471004338832,39.25417105370617,198.47077764927909],[23.885718167217885,95.67470616952075,39.67959859465083,198.9101843182882],[23.88571941663221,95.67470280210372,40.04940781123839,199.2041948645722],[23.885721027983642,95.67469845919511,40.526345357950945,199.16075641477804],[23.88572375313019,95.67469111438987,41.332950714665216,199.1459994999612],[23.88572691632033,95.67468258897111,42.269210843504325,199.10841630258133],[23.88572950156614,95.67467562122584,43.034407503835034,198.98423494159977],[23.88573210175834,95.67466861319713,43.804028072758435,199.0165732722195]]}