{"terrain":{"left":1,"bottom":1,"right":1},"data":[[23.90611223981571,95.68259102603812,0,206.95212476167265],[23.90612031462974,95.68258663238433,1.0000000187257057,206.85212476167266],[23.90612838944386,95.68258223873049,2.0000000381583316,206.75212476167266],[23.906136464258072,95.6825778450766,3.0000000568772682,203.75212476167266],[23.906144539072724,95.68257345142247,4.000000117961714,200.75212476167266],[23.906426384084067,95.68242009440418,38.904203146060404,200.74595721068167],[23.90643298051483,95.68241650516572,39.72111705917215,200.78402231824603],[23.906433729379987,95.68241609769451,39.81385787265637,200.808440063884],[23.906435367766836,95.68241520621831,40.01675866098404,200.86467978625365],[23.906436055349797,95.68241483209187,40.101910177487596,200.9370613278214],[23.906441948832708,95.68241162534017,40.83176974738687,201.06192607502385],[23.906451723373127,95.68240630683421,42.04226647596767,201.27550128549694],[23.906460268581114,95.68240165723047,43.100520443776276,201.10163736189466],[23.90646286880377,95.68240024240183,43.4225367043139,201.14638078952402],[23.90646536497179,95.68239888419123,43.73166664918632,201.0846646330973],[23.906467589902558,95.68239767356576,44.007206083789896,201.0728013572576],[23.906472360000283,95.68239507806847,44.59794357695283,201.06161256445208],[23.906474564807656,95.6823938783925,44.87099089091395,201.14445422560652],[23.906478137672202,95.68239193433165,45.31346086627944,201.1642944380543],[23.90648098104581,95.68239038720014,45.66558936969417,201.1891776702422],[23.90648455472282,95.6823884426972,46.10815995946089,201.2174204954653],[23.906487384291612,95.68238690307714,46.458578846047615,201.2577540453451],[23.906490358018832,95.68238528501786,46.82685057023272,201.29702112016],[23.906492709689267,95.68238400543102,47.11808566285947,201.312206491141],[23.90649682306589,95.68238176726767,47.62749361371215,201.30927535663741],[23.9064999537156,95.68238006382398,48.015198895650315,201.320227929336],[23.906502977859482,95.68237841833206,48.389714304246475,201.47473136436395],[23.906506626537208,95.68237643301988,48.84157310133676,201.60160494990595],[23.906510794888355,95.6823741649439,49.35778918559085,201.8209951992293],[23.90651415003,95.68237233935004,49.7732959442518,201.98328757644381],[23.906516260831896,95.68237119082417,50.034701435208106,201.97556071518417],[23.90651869397024,95.68236986690917,50.3360256483696,201.8288841586279],[23.906521889788113,95.68236812800629,50.73180146097616,201.61374127277986],[23.90652519560954,95.68236632924848,51.141200308441164,201.41014311774086],[23.906528839824396,95.68236434636461,51.59250640284255,201.28709273107646],[23.906535804233584,95.68236055690238,52.454991300522906,201.2962501501266],[23.90653620344363,95.6823603396849,52.50443018754802,201.29530297339747],[23.906536595146203,95.68236012655238,52.55293933499927,201.3100999945294],[23.906538512375477,95.6823590833529,52.79037243808696,201.26044795919307],[23.90654253221858,95.68235689608287,53.28819699654054,201.18934408838533],[23.90654494398841,95.68235558379484,53.586874884039794,201.27008871098326],[23.90654614243183,95.6823549316999,53.7352922586719,201.25907615432013],[23.906550297771883,95.68235267070348,54.24989699716636,201.24624538447028],[23.906552073850175,95.68235170430684,54.469849706229255,201.2740594701766],[23.90655570409041,95.68234972902683,54.91942514050798,201.33727162862868],[23.906574537086136,95.68233948164989,57.251736927733795,201.3705993252577],[23.90657619035723,95.68233858207489,57.456480967840655,201.3731698653697],[23.906577748448697,95.68233773428886,57.64943779094398,201.3318960292398],[23.90658180490402,95.68233552709744,58.15179644437959,201.3133208770695],[23.90658560341364,95.68233346025897,58.622210639639775,201.37584181913473],[23.906587720494525,95.6823323083166,58.884393704662045,201.3982741409053],[23.90658850923204,95.68233187915011,58.98207236259273,201.40450725744628],[23.90659109428347,95.68233047257642,59.30220973214664,201.3679143671357],[23.906598465146896,95.682326461955,60.21503056934221,201.35789142481647],[23.906600245593864,95.6823254931813,60.435524287072646,201.382140941438],[23.90660114359898,95.68232500456031,60.54673483658535,201.39804835411934],[23.906606019068455,95.68232235172832,61.15052164166438,201.39273908086145],[23.90660886807887,95.68232080152973,61.5033481518505,201.39593690876526],[23.906609470335756,95.68232047383074,61.577932714774754,201.35915435062316],[23.906615778630815,95.68231704137219,62.35916317604183,201.37984437126894],[23.90661753358562,95.68231608646923,62.57649989327515,201.36344532109123],[23.906619259323342,95.68231514746381,62.79021831555799,201.39266962358937],[23.906624304934276,95.68231240205476,63.415075722941744,201.3872099665503],[23.906640192570073,95.68230375730195,65.38262869457644,201.25943407796683],[23.906644564610676,95.68230137839481,65.92406994237577,201.23673386740188],[23.906649538832895,95.68229867182964,66.54008642324224,201.21779727884407],[23.906652645693104,95.68229698133027,66.92484548604962,201.26280291041516],[23.906654790005582,95.68229581457068,67.19040093613995,201.31360752216628],[23.906658675751906,95.68229370026513,67.67161862888614,201.3189623364806],[23.906660385944182,95.68229276971829,67.88341186244259,201.34856928007537],[23.906664155387933,95.6822907186951,68.35022643652053,201.33830484337025],[23.906666492213112,95.68228944718584,68.6396229931607,201.40542775727076],[23.906669349600875,95.68228789242896,68.99348694026635,201.43692491999602],[23.90667243199018,95.68228621524464,69.37521547300692,201.45002051354848],[23.90667610313474,95.68228421770785,69.8298564926677,201.40132315821236],[23.906679283483804,95.68228248722183,70.22371653087683,201.4335539597459],[23.906681821767773,95.68228110609516,70.53806209409163,201.48460800598988],[23.906684673349588,95.68227955449741,70.89120701302207,201.4841809281597],[23.906686940469427,95.68227832091611,71.17197112956629,201.4552012839228],[23.906687749309334,95.68227788081154,71.27213928927792,201.44419056471023],[23.906688452266966,95.68227749831945,71.35919480099754,201.44754407685767],[23.906693531842187,95.6822747344298,71.98825834502361,201.44931444574198],[23.906698833639734,95.68227184962493,72.64484228750115,201.4853116906958],[23.906713648608203,95.68226378853,74.47955404089804,201.58964451020924],[23.906717762004156,95.68226155035613,74.98896422307665,201.61729416481342],[23.90672184552031,95.68225932844041,75.49467403657206,201.62514392451973],[23.906726462306892,95.68225681636251,76.06642499201821,201.65090823698716],[23.906731437833848,95.68225410908742,76.68260298244417,201.60645942315674],[23.90673311423244,95.68225319692833,76.89021112491709,201.59363133805402],[23.90674371173789,95.68224743063206,78.20262477837801,201.60961688418533],[23.90674990405209,95.68224406128081,78.96949181691399,201.65704519040193],[23.906758572640925,95.6822393445433,80.04302503023146,201.70170210126471],[23.906765972230037,95.68223531829172,80.95940308816269,201.6981435779414],[23.90677351597751,95.68223121360094,81.89363395803831,201.73839263045582],[23.90678149675684,95.68222687111314,82.8819876075619,201.7670301097185],[23.906790133046396,95.68222217195027,83.95152077325281,201.80139820070372],[23.906798639153546,95.68221754362202,85.00493191086163,201.77189086297943],[23.906806331957387,95.68221335782694,85.95762213748083,201.72868848736357],[23.906814034330075,95.68220916682529,86.91149737655034,201.68578095631074],[23.90681920499967,95.68220635336952,87.55184209200742,201.75627603685555],[23.90683004585157,95.68220045466401,88.8943920308346,201.78500717586223],[23.906837635401416,95.68219632505132,89.834295061548,201.7292096992378],[23.90684232015455,95.68219377599158,90.41446301840375,201.71915840557025],[23.906852389307442,95.68218829718158,91.66144436996152,201.7124243325357],[23.906857557045253,95.68218548532106,92.30142597384547,201.72003889429496],[23.90685778303138,95.68218536235788,92.32941248634539,