{"terrain":{"left":1,"bottom":1,"right":1},"data":[[23.904872831787696,95.68072721638754,0,205.27494121889367],[23.904878101855267,95.6807192423052,1.0000000740561061,205.27494121889367],[23.904883371922978,95.68071126822267,2.000000146928753,205.27494121889367],[23.90488864199081,95.68070329413996,3.0000002154391607,204.27494121889367],[23.904893912058785,95.680695320057,4.0000002873555385,203.27494121889367],[23.90489401090759,95.68069517048994,4.018756935877079,203.29621171835436],[23.904895909346774,95.68069229798212,4.378987446329857,203.20672184606428],[23.904899346644502,95.68068709704406,5.031217716013945,203.38901951805428],[23.904901954395413,95.68068315128431,5.526040740716791,203.20734391736295],[23.904910042871133,95.68067091269904,7.060836066560359,202.91284511316167],[23.904911509447977,95.68066869363747,7.339120294045801,203.15379795948718],[23.904916439115134,95.68066123461134,8.274528901051893,203.3879662391256],[23.904920903469,95.68065447964571,9.121643889181634,203.05377995459378],[23.904925052102524,95.68064820239312,9.908850653319824,202.76061036421152],[23.904930136580543,95.68064050912434,10.873634687134462,203.64281093165147],[23.904934862785744,95.68063335795429,11.770436128714078,203.85243851998638],[23.90493943797347,95.68062643528715,12.638581855389859,203.06382196840156],[23.9049450588395,95.68061793041548,13.705145893014128,202.55913221408457],[23.904949838945598,95.68061069768856,14.612175007188716,202.45792623046685],[23.904964998069783,95.68058776058146,17.48863130449838,202.4447400758528],[23.90497314493216,95.68057543365198,19.03450505807992,202.69347549138865],[23.904983119257235,95.68056034160843,20.927141257665944,202.85941084431238],[23.905000702053872,95.68053373726872,24.26349081918572,202.54409779935315],[23.905007447856576,95.6805235302675,25.543512138193613,202.331842881686],[23.90501641457276,95.68050996282608,27.24495345037442,202.42745977968173],[23.905044409013566,95.68046760474002,32.55691969519043,201.8039847186197],[23.905060009462357,95.68044399986942,35.51711628947676,201.74396954622813],[23.905063683505936,95.68043844071377,36.21426871651293,201.52922403562195],[23.905066760061157,95.68043378561129,36.79804728733993,201.31095949040707],[23.905069856763905,95.68042910002382,37.38564885531994,201.21594381975217],[23.90507193197064,95.68042596005091,37.779420817743194,201.17112238799564],[23.90507352965625,95.68042354261007,38.082582801599486,200.9427017569787],[23.905075563307857,95.68042046551378,38.46846964377134,200.8167325972894],[23.905076476338902,95.68041908401636,38.641717931798404,200.7813520866921],[23.90507777523119,95.68041711867647,38.88818366379471,200.5382198748734],[23.905078839794264,95.68041550789758,39.090185261962915,200.48406862653127],[23.90508007359913,95.68041364104076,39.32430060804019,200.5544489690419],[23.90508080273472,95.68041253779359,39.46265459844325,199.04632318446772],[23.905081009968892,95.6804122242298,39.50197743134611,198.99532878062672],[23.905081340167875,95.68041172460929,39.56463291907557,199.0272505926493],[23.905091880312966,95.68039577642958,41.56463283061415,199.0272505926493],[23.905102420458583,95.68037982824907,43.564632735656254,198.8272505926493],[23.905112960604736,95.68036388006774,45.56463263737863,198.8272505926493],[23.90511823067799,95.68035590597682,46.564632581346906,198.8272505926493],[23.90512350075137,95.6803479318857,47.56463252236634,202.8272505926493],[23.90512402775871,95.68034713447659,47.664632515492194,203.8272505926493],[23.905129297832246,95.68033916038524,48.66463245711863,203.8272505926493],[23.905134567905908,95.6803311862937,49.664632397207534,203.8272505926493],[23.90513983797971,95.68032321220193,50.66463233787962,203.8272505926493],[23.905145108053635,95.68031523811,51.66463227454442,203.8272505926493],[23.905150378127694,95.68030726401784,52.66463221038004,203.8272505926493],[23.90515564820188,95.68029928992551,53.664632142914726,203.8272505926493],[23.90516091827619,95.68029131583299,54.66463207250092,203.8272505926493]]}