{"terrain":{"left":4,"bottom":10,"right":8},"data":[[23.896553732432224,95.67748719057907,0,203.86712506608697],[23.896561298339645,95.67748183171965,1.0000000148369967,203.86712506608697],[23.89656886424719,95.67747647286014,2.0000000303552685,203.86712506608697],[23.8966293915108,95.67743360198173,9.999999980583098,198.86712506608697],[23.896630148101668,95.67743306609569,10.099999983158435,197.86712506608697],[23.8966604117368,95.67741163065413,14.099999992403209,196.86712506608697],[23.8966613853496,95.67741094105355,14.228684172818467,196.86712506608697],[23.89666260702499,95.67741007575263,14.390155237480867,196.71712508992883],[23.89666473722284,95.677408566954,14.671707371882267,196.45712509946557],[23.896668134909696,95.67740616040508,15.120785837509032,196.2471250613186],[23.896673148975836,95.67740260899029,15.783504093447304,196.04712513284417],[23.89667857787931,95.67739876375019,16.501052147434667,196.1571251471493],[23.8966842418438,95.67739475201864,17.24966863386988,197.49940990851852],[23.8966898795123,95.67739075891228,17.994809524146042,197.54985925750466],[23.896695468451053,95.67738680032075,18.733509703924263,197.5330428053591],[23.89670116037268,95.67738276878742,19.4858213087084,197.5330428053591],[23.896706646315966,95.67737888314659,20.210908373190048,197.5162263532135],[23.89671191546168,95.67737515106138,20.907340901967164,197.46577698187562],[23.896716778913618,95.67737170632518,21.550152142023585,197.5162263532135],[23.896721433297365,95.67736840966995,22.165330455040962,197.49940990851852],[23.89672552281451,95.6773655131043,22.705849323599153,197.48259344892236],[23.896729587546428,95.6773626340938,23.243092278657635,197.4489605446312],[23.896732555377792,95.6773605320074,23.635355904188575,197.4489605446312],[23.896734182742367,95.67735937936072,23.8504476149858,197.41532764034005],[23.896734671773093,95.67735903298497,23.9150836878313,197.39851117329331],[23.896741338944295,95.67735431069175,24.79629572118689,198.79464503199463],[23.89674522555041,95.67735155784605,25.309995449415606,198.89105460362669],[23.89675067662876,95.6773476968997,26.03047428269098,198.8691249640332],[23.896756976222466,95.6773432349581,26.863102905674,198.89619720906325],[23.89676303816884,95.67733894133981,27.66432124274238,198.95937916623987],[23.896769761621204,95.67733417918319,28.55297200376337,198.90604042318037],[23.89677766811118,95.67732857909243,29.597986950280333,198.94910233714288],[23.896784162655116,95.67732397906944,30.45638244552604,199.04750981843839],[23.89679026961069,95.67731965357157,31.26354968194025,199.16094185102887],[23.896796466995376,95.67731526402363,32.082669084145095,199.3082468961358],[23.89680570317146,95.67730872212898,33.30343095261857,199.4666046812605],[23.896813847764594,95.67730295339204,34.37991633400648,199.52753550448233],[23.89682158277998,95.67729747475506,35.402267078814845,199.5105533525149],[23.896831396876202,95.67729052352514,36.699413609919944,199.5600377723305],[23.896840734273997,95.67728390993614,37.933554037854755,199.89044261029602],[23.89684711568898,95.6772793900413,38.77699695927065,200.14067072626264],[23.896852231504074,95.67727576655871,39.453163292867295,200.3719223617902],[23.896856367916108,95.67727283677786,39.999880186012824,200.63510745945018],[23.896860072213176,95.6772702130599,40.48948367519484,200.76887631391827],[23.896864046712256,95.67726739796043,41.014800237967584,200.92100992505743],[23.896869008869537,95.67726388331218,41.670657323451685,201.08793663760196],[23.896875172472512,95.6772595176915,42.4853115961088,201.29989792969985],[23.896879695593643,95.67725631400833,43.08314048312612,201.41152265739402],[23.896882147451578,95.67725457738095,43.40720686330937,201.48832848721986],[23.89688253956343,95.67725429965189,43.459032976441776,201.48730541812054],[23.896882858449747,95.67725407378778,43.501180742730064,201.52746846644942]]}