{"terrain":{"left":8,"bottom":1,"right":6},"data":[[23.88604634657999,95.67534132745658,0,200.81409053722857],[23.886050261530933,95.67533247934168,1.0000000691223931,200.81409053722857],[23.886054176481963,95.67532363122655,2.000000138767767,200.81409053722857],[23.886061223394034,95.67530770461886,3.8000002548114513,196.81409053722857],[23.886062647491148,95.67530448604087,4.163758859498866,196.59547667423723],[23.88606403115914,95.67530135883607,4.517190609221415,196.66274248281954],[23.886066626447164,95.67529549326915,5.18010771204041,196.66274248281954],[23.88606835408079,95.67529158867339,5.6213989478186805,196.76364116589068],[23.88607044676066,95.67528685904274,6.155934316015813,196.7804576329374],[23.886072571274557,95.67528205746454,6.698601074311719,196.7804576329374],[23.88607462708092,95.67527741117108,7.22371779120313,196.84772344151972],[23.886076734182538,95.67527264894608,7.761936900263665,196.6459260157728],[23.886078737675437,95.6752681208854,8.273691122188295,196.62910957852839],[23.886080764756368,95.67526353951382,8.791470451231516,196.66274248281954],[23.886082776571143,95.67525899264501,9.305350325338562,196.81409053722857],[23.88608486766544,95.67525426659788,9.839480642086098,196.83090698937414],[23.886087064669777,95.67524930118526,10.400663658146561,196.91498925010202],[23.886089207488922,95.67524445823567,10.948006089317385,196.66274248281954],[23.886091392644236,95.67523951960281,11.506162482679096,196.6459260157728],[23.88609355313145,95.67523463672192,12.058017871033536,196.6459260157728],[23.88609573490951,95.67522970572195,12.615311593870821,196.69637535730837],[23.886097975553263,95.67522464168061,13.1876414295038,196.79727409253357],[23.886100077570976,95.67521989094564,13.72456187553781,196.83090698937414],[23.886102217888023,95.67521505365102,14.271265147371949,196.7804576329374],[23.88610439172599,95.6752101405963,14.826530694475052,196.88135634581087],[23.8861065367979,95.67520529255529,15.37444849295832,196.81409053722857],[23.886108671169165,95.67520046869862,15.919633006640304,196.66274248281954],[23.886110707905573,95.67519586550483,16.43987854983712,196.67955893496512],[23.886112689652588,95.67519138659168,16.94607809063219,196.13498927871225],[23.886114646055972,95.67518696495722,17.445804078862164,196.13498927871225],[23.886116560861336,95.67518263733776,17.934904638931343,196.13498927871225],[23.88611854763609,95.67517814706147,18.4423884020322,196.13498927871225],[23.886120591972166,95.67517352669182,18.96457510160016,196.13498927871225],[23.886121774873224,95.67517085323699,19.266724637137955,196.10498924771784],[23.88612520013643,95.6751631118571,20.14164284058174,196.10498924771784],[23.886126666323012,95.67515979815343,20.516152251559586,196.16498925010202],[23.886128214230098,95.6751562997546,20.91153560678469,196.16498925010202],[23.886132885916275,95.67514574135507,22.10482875160056,196.07498927632807],[23.886139053088726,95.67513180303212,23.680115291384073,196.2249892524862],[23.886141100138666,95.67512717652892,24.202995128617424,196.13498927871225],[23.886143170419885,95.67512249752107,24.731808947404687,196.13498927871225],[23.886145183632756,95.67511794749245,25.24604573964718,196.10498924771784],[23.886147218042368,95.67511334955744,25.765696826572782,196.13498927871225],[23.886149263950358,95.67510872563511,26.28828495154605,196.16498925010202],[23.886151247543285,95.67510424255005,26.79495587272211,196.16498925010202],[23.88615328216961,95.67509964412523,27.31466229734182,196.16498925010202],[23.88615538118159,95.67509490018348,27.850814800167868,196.2249892524862],[23.88615750263852,95.67509010551429,28.392700428656045,196.16498925010202],[23.88615968225412,95.67508517940163,28.949441572566517,196.16498925010202],[23.88616176591116,95.67508047016334,29.48167192662323,196.27498926440714],[23.88616383361591,95.67507579697855,30.009827566302576,196.24498929301737],[23.886165840083397,95.67507126219505,30.522341313014703,196.24498929301737],[23.886167811125965,95.67506680747482,31.025806435060804,196.27498926440714],[23.886169756893594,95.67506240987805,31.522815553242467,196.27498926440714],[23.88617147888012,95.6750585180452,31.96266406229377,196.33498926679133],[23.886172927231662,95.6750552446502,32.33261774634602,196.88135634581087],[23.886174304614585,95.67505213165018,32.68444385276192,196.88135634581087],[23.886175632847245,95.67504912973382,33.023715462681004,196.74682472864626],[23.88617705456445,95.67504591653463,33.38686590752699,196.74682472864626],[23.886178259450503,95.67504319339189,33.69463098166161,196.62910957852839],[23.8861794750945,95.67504044593528,34.00514396566107,196.7804576329374],[23.886180268605305,95.67503865253485,34.20783110365238,196.8645398936653],[23.88618360022273,95.67503112280221,35.05882896956189,197.91109239620266],[23.886184401528293,95.67502931178495,35.26350712774212,198.0684094794481],[23.886185014198727,95.6750279270988,35.42000205232652,198.1407092659619],[23.88618533234561,95.67502720806036,35.5012665813954,198.13584346512573],[23.886185808338023,95.6750261322779,35.62284972171482,198.1845381075527],[23.886185914212792,95.67502589299211,35.649893403829395,198.211449923129],[23.886185999083988,95.67502570117614,35.67157212605405,198.22896602175095],[23.886186408225413,95.67502477648247,35.77607946313508,198.32738183609771],[23.88618732595532,95.67502270233652,36.01049598354374,198.456732503655],[23.88618756177372,95.67502216936731,36.07073127611884,198.45637775014407],[23.886188030479914,95.67502111005231,36.19045329224258,198.51484364615692],[23.886188306300102,95.67502048667572,36.260906275860705,198.6528204705912],[23.886188695383343,95.67501960731522,36.3602901329085,198.7200721450808],[23.886189013725655,95.67501888783511,36.44160457577099,198.7866310103074],[23.886189163610965,95.67501854908184,36.47988990541185,198.8610746759175],[23.88619881938405,95.67499672623114,38.94627202989689,199.87020716939276],[23.886199377245777,95.67499546541723,39.088767107842074,199.88329549641816],[23.886199707563115,95.67499471887254,39.17314033843978,199.86129157699293],[23.88620236697193,95.67498870838732,39.85243530565748,199.86281276573823],[23.886205327910766,95.67498201641915,40.608750320852096,199.83355910368488],[23.886208812173656,95.67497414169506,41.49873840843613,199.81177416425527],[23.886212658938202,95.67496544768707,42.48132056330634,199.8199010724712],[23.886216437884794,95.6749569069533,43.446579900942346,199.8248341808465],[23.886219997654877,95.6749488615767,44.355854783894834,199.751852809565],[23.886223770678097,95.67494033423023,45.3196010679901,199.7585109108029],[23.886227395295684,95.67493214229286,46.24543996179969,199.77565816316067],[23.886229872350608,95.6749265439426,46.87815601644732,199.80454731596834]]}