{"terrain":{"left":7,"bottom":9,"right":6},"data":[[23.913128745677525,95.68745415981613,0,211.03652140738765],[23.913128229314403,95.68744435463424,0.9999999800156871,211.03652140738765],[23.91312771295128,95.68743454945235,1.9999999647737141,211.03652140738765],[23.913127196588157,95.68742474427046,2.999999951626606,211.03652140738765],[23.91312668022504,95.68741493908874,3.9999999276871776,210.23652140738764],[23.913126163861925,95.68740513390696,4.999999912374101,209.43652140738763],[23.913125647498813,95.6873953287253,5.999999889799511,208.63652140738762],[23.9131251311357,95.68738552354358,6.999999875851259,207.8365214073876],[23.91312461477259,95.68737571836198,7.999999854818142,207.0365214073876],[23.91312409840948,95.68736591318032,8.999999843823772,206.23652140738758],[23.913123582046374,95.68735610799871,9.999999830863914,205.43652140738757],[23.91312306568324,95.68734630281665,10.99999986907487,205.13652140738756],[23.913122626287116,95.68733795915551,11.850943932791274,204.94641622176303],[23.913122595403514,95.68733737270901,11.910753789292066,204.98587673724276],[23.913122450030503,95.68733461223144,12.192286317031495,204.99428609220612],[23.91312212288128,95.6873284000186,12.825850598213435,204.97922553683432],[23.913122093738906,95.68732784663615,12.882288353860105,205.02365904306183],[23.913121969244962,95.68732548262972,13.123386022756755,205.0319552985948],[23.913121813004775,95.6873225157961,13.425964164787814,205.0346133355379],[23.913121692150686,95.6873202209066,13.660012813950381,205.00578352512073],[23.91312156295411,95.68731776760217,13.910217709587151,204.91326608958613],[23.91312126017635,95.68731201817724,14.49658369346374,204.91593668850842],[23.913121162359005,95.68731016073076,14.686018888856317,204.9194247125653],[23.913120965846293,95.68730642916512,15.066589675002824,204.87620709213772],[23.913120661117187,95.68730064268624,15.656734678982069,204.86541071744008],[23.913120438858066,95.68729642222394,16.08716651815037,204.91011993570308],[23.91312029894285,95.68729376538403,16.358129367762892,204.90743226203884],[23.913120048573926,95.68728901114673,16.842999262284508,204.92000267032907],[23.913119737375293,95.68728310181842,17.44567330201498,204.92748386761102],[23.913119375316086,95.68727622670241,18.14684503206678,205.0403776752395],[23.913119048807058,95.68727002664616,18.779169514750542,205.15096235671447],[23.91311877510823,95.687264829399,19.309220615145726,205.18415701630735],[23.91311822746018,95.68725443014989,20.369807742393625,205.22890143262904],[23.91311816567494,95.68725325691446,20.48946238143109,205.25280400845318],[23.913117782413142,95.68724597918396,21.23169552182644,205.25213479945185],[23.913117331871526,95.68723742388187,22.1042242251825,205.2805756330288],[23.913116846248403,95.68722820241959,23.04469254177257,205.28039212907484],[23.913116388260075,95.68721950571245,23.931642714566465,205.29929894691801],[23.913115982050538,95.68721179222905,24.718316950507663,205.33064396961967],[23.913115588428564,95.6872043177699,25.48061384637502,205.37120049192518],[23.913115128460127,95.68719558346265,26.371398745811565,205.47728325470533],[23.91311479043607,95.6871891647483,27.02602350916816,205.53056923308876],[23.913114405706526,95.6871818591469,27.771099135522153,205.5747536449626],[23.91311390059116,95.68717226754785,28.749316575655026,205.60183807076098],[23.913113591836648,95.68716640463083,29.3472572995972,205.60111220602593],[23.91311308570213,95.68715679367915,30.3274484604024,205.65974898487931],[23.913112727255523,95.68714998716257,31.021623982489125,205.67532084010176],[23.913112242597304,95.6871407840228,31.960223675879295,205.62580993184346],[23.913111852415067,95.6871333748806,32.715859122849125,205.52073632816715],[23.913111411389167,95.68712500027175,33.569959521983876,205.4546211911434],[23.913111058150243,95.68711829264345,34.254049744444366,205.40575722087462],[23.913110576716715,95.68710915073711,35.1864044420717,205.57651447087764],[23.913110108392054,95.68710025775408,36.09337222563766,205.5646111290168],[23.913109557893947,95.68708980438544,37.159478908251685,205.67675200439427],[23.913109123199142,95.68708154999734,38.00131837998797,205.89859902937317],[23.91310875145627,95.68707449099895,38.721243761028525,205.92075789857066],[23.913108372481325,95.68706729467118,39.455174942960454,205.8933103747918],[23.913107908298343,95.6870584803342,40.35412187518146,206.0206857190116],[23.913107416383163,95.68704913939251,41.30677559475693,206.0458743236787],[23.913106954325897,95.68704036542061,42.201605824637866,206.05644410070462],[23.9131065327056,95.68703235930337,43.01812493761578,206.1602585560635],[23.91310600062104,95.6870222555882,44.048571571881716,206.22727654437247],[23.91310547669844,95.68701230686003,45.06321157031851,206.31395307877344],[23.913104947973334,95.68700226693733,46.08715221711547,206.3859714838188],[23.913104469033975,95.68699317239253,47.01467670145374,206.3577535664074],[23.91310403290585,95.68698489078719,47.85929200942698,206.34707852733223],[23.91310363301651,95.68697729731758,48.633726484573224,206.45661001320795],[23.91310321558162,95.6869693706767,49.442140069570485,206.5403124316911],[23.913102731876783,95.68696018564066,50.37889348944985,206.38905866836697],[23.913102307063646,95.6869521188948,51.201595954253214,206.4430634592791],[23.913101805083816,95.68694258683621,52.17374113604191,206.45816963080276],[23.913101266170916,95.68693235345825,53.217411717314555,206.5523386063036],[23.91310072071106,95.6869219957606,54.27376128238998,206.74324219180383],[23.913100319998318,95.68691438665542,55.049790400325335,206.79984471537497],[23.913099921477414,95.68690681917087,55.82157476302546,206.7501481202033],[23.91309951781213,95.68689915400006,56.603321847161276,206.8143070771218],[23.913099107738535,95.68689136714232,57.39747940733504,206.81887445116465],[23.913098706275434,95.6868837437886,58.174961700933345,206.84565389426328],[23.913098611474066,95.68688194361226,58.35855612392068,206.84442247916215],[23.91309860925315,95.6868819014395,58.362857193222645,206.85233584865492]]}