{"terrain":{"left":6,"bottom":6,"right":9},"data":[[23.90885217093298,95.68654444886909,0,208.1146618706295],[23.90885230047151,95.68654411525691,0.03687507770318497,208.28129070878322],[23.908852857275264,95.68654268127035,0.19537758227060562,208.25204184669406],[23.908854614120198,95.6865381567103,0.6954897281510274,207.91465796751777],[23.908856171012893,95.68653414710515,1.1386824784244576,207.79633291655654],[23.908860800661564,95.68652222395642,2.4565810710205334,207.4804509800469],[23.908861603227084,95.68652015703758,2.6850433209257414,207.34784259759357],[23.908862934354424,95.68651672886617,3.0639685740622418,207.28932358967324],[23.908872988820814,95.68649083469866,5.926122318754758,206.84771956278644],[23.908873402295647,95.68648976983991,6.043824090387523,206.8156857914962],[23.908875955396255,95.68648319461133,6.770602205352758,206.67102387093774],[23.90887900147055,95.68647534978346,7.6377126100414054,206.62960961297603],[23.90888664667605,95.68645566040124,9.814034116114213,206.7305264837085],[23.908894086506308,95.68643649994027,11.93189239760486,206.7784600235006],[23.90889480808007,95.68643464160675,12.137299090657098,206.77758745165733],[23.908896935604393,95.68642916240287,12.742930495096758,206.76862528017853],[23.90890882603795,95.68639853990476,16.127718892122548,206.57119329937632],[23.908909488602895,95.68639683354192,16.31632783203397,206.5674155852853],[23.908909988727537,95.68639554552615,16.458695727943557,206.56201891929044],[23.908916388520318,95.68637906356682,18.28049160910118,206.5169917619623],[23.908919251493618,95.68637169029535,19.095479375209777,206.45547182128058],[23.908928822515186,95.68634704118658,21.82001234746919,206.4009226216994],[23.90893095553786,95.68634154782231,22.427208805055436,206.37084150645865],[23.90893373607743,95.68633438684981,23.218730512718786,206.36285459974596],[23.908936010202336,95.68632853009233,23.86609378625501,206.3946266616178],[23.908942243780196,95.68631247620115,25.640573828347037,206.3004754248514],[23.90894480933267,95.68630586890416,26.37089622784224,206.2580497201762],[23.90894732042851,95.68629940185423,27.085716727521113,206.31596118355714],[23.90895021905129,95.68629193677145,27.910852479668524,206.31143566047137],[23.908953960971214,95.68628229987004,28.976045185677044,206.2380607848513],[23.908956831105677,95.6862749081558,29.79307127991632,206.21442637341255],[23.908959701375537,95.68626751609284,30.61013590422116,206.35039284398556],[23.908960157451173,95.68626634152042,30.739964555230944,206.26405960913547],[23.908962360969063,95.68626066660352,31.367228390671404,205.93792856850126],[23.908962616898005,95.6862600074868,31.440082334260843,205.89011345627188],[23.908967262795922,95.68624804248992,32.762605599974805,205.8665178810229],[23.90896828391392,95.68624541271332,33.05328187063081,205.9214002349113],[23.908969729630694,95.68624168942947,33.46482643197932,205.90095932730696],[23.90897095795898,95.68623852600567,33.814488156206075,205.7659908894272],[23.90897348962876,95.6862320059698,34.53516521096187,205.7971179184779],[23.908975540903516,95.68622672313828,35.119090743993375,205.83167081984993],[23.90897701383517,95.6862229297655,35.53838240208187,205.86130961323124],[23.908978690773942,95.68621861099496,36.01574768082113,205.88667152292282],[23.908981397283995,95.68621164067729,36.78619555242893,206.02725705003456],[23.908983069117216,95.68620733505551,37.26210744528176,206.22423800131037],[23.908984583412852,95.68620343515437,37.69317394859807,206.37915534410746],[23.90898580416482,95.68620029124253,38.04067893007934,206.37593265725957],[23.908988859252297,95.68619242320221,38.91035444828907,206.40796339601513],[23.908991209898414,95.68618636937282,39.57950037399523,206.5103436108863],[23.908993688248458,95.68617998665606,40.284999087225145,206.5158757345361],[23.908998694727934,95.68616709302123,41.710166914667376,206.4325415783565],[23.908999299402673,95.68616553574822,41.8822964470968,206.40876233391214],[23.909013787733446,95.6861282226528,46.00661206395621,206.24454880496035],[23.909014624985385,95.68612606640292,46.24494808197683,206.24874652741477],[23.909025111348424,95.6860990599333,49.230044695910664,206.20673166577131],[23.9090333900347,95.68607773909133,51.58669368207039,206.2556090163515],[23.90904194853144,95.6860556976284,54.02299467206178,206.28110557061717],[23.909051059138935,95.68603223426521,56.616461898297,206.17305380465598],[23.909051882083496,95.6860301148624,56.85072505536073,206.1718018569738],[23.9090577593573,95.68601497859297,58.52377662251691,206.19560014679212],[23.909059807610635,95.68600970354277,59.10684174476415,206.22772737518983],[23.909067547397527,95.68598977057661,61.31008465690051,206.13899364946877],[23.909068780860544,95.68598659392887,61.66120783436942,206.12115111859782],[23.909070110388612,95.68598316987621,62.03967732203842,206.10178158842353],[23.90907561367269,95.68596899677598,63.60626708499216,206.07471076808508],[23.90907997952777,95.68595775299852,64.84907111928374,206.03133867639332],[23.909084480390256,95.68594616152438,66.13030693387448,206.0058081143397],[23.909086739968604,95.68594034222996,66.77352868451104,205.96796397636626],[23.9090917749515,95.6859273751877,68.20680956006986,205.93059861382864],[23.90909313052578,95.6859238840559,68.59269342320307,205.92482803794462],[23.909097644774818,95.68591225810617,69.87773980380307,205.9062330161325],[23.909101662139086,95.68590191182828,71.02134070820087,205.8700744950239],[23.90910664989588,95.68588906641165,72.44117784915562,205.90656253480392],[23.909107982089306,95.68588563549463,72.82040597839621,205.89145113861213],[23.909113515153244,95.68587138569968,74.39547262203418,205.77947262002903],[23.90911890451129,95.68585750600339,75.92963125107363,205.76027414987186],[23.90911949874634,95.68585597561666,76.09878883949793,205.7209267634217],[23.909123372466404,95.68584599927856,77.20149918376337,205.67431964338056],[23.909126067627753,95.68583905818822,77.96871575604405,205.70072604011847],[23.9091327633374,95.68582181412768,79.8747460801876,205.73379919320234],[23.909136061205935,95.68581332083158,80.8135318911068,205.75226916569312],[23.90913819064742,95.68580783669026,81.41970809257663,205.74101595897287],[23.909143547738008,95.68579404009523,82.94468108029076,205.7934200237185],[23.909146668869933,95.68578600196474,83.83315620681716,205.7954878451245],[23.90914958932498,95.68577848065539,84.66450575673464,205.77488873673371],[23.909152232043784,95.68577167462504,85.41679367329945,205.75065855661006],[23.90915599880158,95.68576197375643,86.48905543537114,205.69597822220317],[23.909160116026342,95.68575137029887,87.66108262880803,205.62056372890373],[23.909164505131333,95.68574006664383,88.91050440008873,205.57178454032737],[23.909168243284235,95.68573043944397,89.97462328253212,205.55307108888542],[23.909171338053504,95.68572246920758,90.85559376012667,205.4946745692268],[23.909172886582184,95.68571848114303,91.29640465871151,205.45231141625464],[23.909179851350334,95.68570054415204,93.27902575946342,205.2858955911168],[23.909183781745405,95.6856904218537,94.39786902179162,205.28955839294025],[23.90918756534534,95.68568067761004,95.47492491999427,205.35816207210132],[23.90919225112256,95.68566860990845,96.8087984612572,205.3195008831563],[23.90919624348969,95.68565832800792,97.94528286689126,205.25390299416205],[23.909198992204995,95.6856512489953,98.72774397581256,205.21253913348585],[23.909201112761785,95.68564578773552,99.33139077394239,205.21935850280198],[23.909201184263004,95.68564560359204,99.35174461737253,205.27129601072318],[23.90920123322839,95.6856454774871,99.36568331382135,205.20262949215572],[23.909201298971222,95.68564530817369,99.38439795183844,205.2015161678986],[23.909201691352028,95.68564429764027,99.4960947547503,205.24951812852498],[23.909201893249357,95.685643777676,99.55356771313653,205.20714833361012],[23.90920249419985,95.68564222999439,99.72463685860735,205.1718892083938],[23.90920480642959,95.68563627510213,