{"terrain":{"left":8,"bottom":1,"right":6},"data":[[23.88526727882291,95.6750350129057,0,201.839868857604],[23.8852708738569,95.67502600569675,1.000000105990709,201.839868857604],[23.88527446889096,95.67501699848764,2.000000208606069,201.839868857604],[23.885281658959293,95.67499898406885,4.000000405831529,192.839868857604],[23.885285253993587,95.67498997685915,5.000000503972245,192.839868857604],[23.885285253993604,95.67498997685911,5.000000508561381,192.839868857604],[23.885288849027976,95.6749809696492,6.000000605445392,197.339868857604],[23.8852924440624,95.67497196243917,7.000000694364587,197.839868857604],[23.885296039096936,95.67496295522886,8.000000789088421,197.839868857604],[23.88529963413154,95.67495394801838,9.000000881143535,197.839868857604],[23.885303229166215,95.6749449408077,10.000000971236926,197.839868857604],[23.88530682420098,95.67493593359683,11.000001060778299,198.839868857604],[23.885308647922812,95.67493136433723,11.507290164125216,198.70493620442087],[23.885311636066273,95.6749238776674,12.338476460981855,198.50175456168415],[23.88531466439833,95.6749162903067,13.180841659489651,198.4944487949792],[23.885318459841187,95.67490678098163,14.236587477308776,198.45353688783078],[23.885321678459494,95.67489871686661,15.131882931694156,198.3951914144685],[23.885325374111776,95.6748894575627,16.1598708137085,198.29212014879644],[23.885329513149568,95.67487908737473,17.31119141006835,198.21479223355234],[23.88533350535503,95.67486908506908,18.421668890336694,198.1612165327696],[23.885337776857515,95.67485838299632,19.609835987337522,198.11022477274682],[23.88534160244451,95.67484879814636,20.673966584004813,198.11610419532207],[23.885345313908303,95.67483949922735,21.70635248653763,198.13556892884037],[23.8853493701764,95.67482933641543,22.83464960247976,198.13527934556296],[23.885350225371386,95.67482719375977,23.072531814041437,198.13762837470114],[23.885357476147234,95.67480902724083,25.08941751697052,198.0525325787973],[23.88536167789479,95.67479849993614,26.258181307250616,198.0480728591867],[23.88536522784661,95.67478960567871,27.245640687598286,198.03602237410033],[23.8853689313134,95.67478032679587,28.275801975552774,198.01531527782666],[23.885372397815477,95.67477164161832,29.24004881864901,198.0073224234027],[23.885375654705452,95.67476348161522,30.145989660317312,197.98207035046295],[23.885379003387968,95.67475509162969,31.077463618946386,198.00257057134095],[23.885382540216536,95.67474623025203,32.06127250715684,198.00452260370184],[23.885386860987246,95.67473540473975,33.26314374451584,197.9419185118544],[23.885390899321887,95.67472528685937,34.38645216462957,197.90786852058864],[23.885395118139577,95.67471471678616,35.559963954910494,198.0216709735727],[23.885398886163053,95.67470527615922,36.60808221451523,198.08870395277762],[23.885402491526687,95.67469624306977,37.61095477946213,198.1607991206463],[23.885406029705134,95.67468737831004,38.595139004782645,198.27223848538864],[23.885409801201444,95.67467792898205,39.64422319836708,198.38508079690135],[23.885413272584476,95.67466923157548,40.60982747887975,198.64108426029813],[23.885416877495068,95.67466019962112,41.6125739337197,198.6191150823103],[23.88542075230028,95.67465049145693,42.690394587448004,198.42930632870613],[23.885424448869653,95.6746412298553,43.71863691296358,198.44146552758292],[23.885427905690303,95.67463256893416,44.68019041297629,198.50021507109219],[23.88543098293031,95.67462485903661,45.536159275692064,198.5661300267937],[23.88543340125289,95.67461880002944,46.20884284246496,198.668721752679],[23.88543526168999,95.67461413878124,46.72634429709492,198.69522904846602],[23.885437946200103,95.6746074128522,47.47307089605397,198.75929585820424],[23.885440587979613,95.67460079398293,48.20791148273107,198.79167424579896],[23.88544279970115,95.67459525260611,48.82312661541275,198.69260534725902],[23.885447894479324,95.67458248785016,50.2402962274274,197.71616450427024],[23.885450040865084,95.67457711016942,50.83733745409424,197.7174473311488],[23.88545227146442,95.67457152149505,51.45780362026714,197.7421470789662],[23.885454036615634,95.6745670989817,51.94880017817814,197.68803029983204],[23.885455104149734,95.67456442431919,52.24574672595451,196.18803029983204],[23.88545867244983,95.6745554840909,53.23830928899809,196.18803029983204],[23.88546224074999,95.67454654386246,54.230871849018754,196.18803029983204],[23.885465809050242,95.6745376036338,55.22343440990043,196.18803029983204],[23.885469377350564,95.67452866340494,56.21599696987803,196.18803029983204],[23.885472945650964,95.6745197231759,57.20855952824548,196.18803029983204],[23.885476513951446,95.67451078294667,58.201122084294674,196.18803029983204],[23.885480082252013,95.6745018427172,59.19368464191213,196.18803029983204],[23.88548365055265,95.67449290248757,60.18624719827149,196.18803029983204],[23.88548721885337,95.67448396225772,61.17880975443272,196.68803029983204],[23.885490787154165,95.67447502202769,62.17137230651263,196.68803029983204],[23.885494355455045,95.67446608179745,63.163934862277685,196.68803029983204],[23.885497923756002,95.67445714156702,64.15649741254853,196.68803029983204],[23.88550149205704,95.67444820133638,65.14905996579922,196.68803029983204],[23.885505060358163,95.67443926110552,66.14162251955734,196.68803029983204],[23.885506130848558,95.67443657903613,66.43939129648358,200.68803029983204],[23.885509699149747,95.6744276388051,67.43195383949893,200.68803029983204],[23.885513267451067,95.67441869857376,68.4245163932606,200.68803029983204],[23.885516835752462,95.67440975834222,69.41707894647101,200.68803029983204],[23.88552040405394,95.67440081811048,70.4096415012494,200.68803029983204]]}