{"terrain":{"left":4,"bottom":1,"right":4},"data":[[23.88345331822613,95.67401679876122,0,196.6985028062166],[23.88345383652671,95.6740156716655,0.12834102181875226,196.6824868631966],[23.8834542685811,95.67401473212064,0.23532585525575123,196.75844069775542],[23.883456234814822,95.67401045635157,0.7222024898994025,196.6623335153736],[23.883460162458352,95.67400191530353,1.6947612456530199,196.63423418724727],[23.88346293578347,95.67399588443465,2.3814889379113158,196.69720615241607],[23.883464961999366,95.67399147822844,2.8832182643313673,197.00882796727723],[23.88346598145913,95.67398926131268,3.135655755208567,197.18503001653582],[23.883467882323774,95.67398512769512,3.6063457357012187,197.31144483489888],[23.883468965768657,95.67398277163741,3.8746271451419574,197.3805383107196],[23.883469073572236,95.6739825372079,3.9013213460866476,197.38517986345306],[23.88346993366035,95.67398066686151,4.114295401238434,197.08944525104926],[23.88347010047957,95.67398030409667,4.155602989192487,196.77884969615832],[23.88347060017454,95.6739792174607,4.279336897840708,196.5971117120273],[23.88347173003659,95.67397676046429,4.559112069397617,196.6028855805779],[23.88347247320225,95.6739751443773,4.743133913924593,196.6744887362311],[23.883473140191605,95.6739736939432,4.908293067142282,196.52726140625853],[23.883473966266358,95.67397189756221,5.112844766457124,196.44245667986962],[23.883475357793756,95.67396887154871,5.457413209252467,196.2450127794105],[23.883476867274116,95.67396558903485,5.831189030852156,195.96495231783734],[23.88347845828625,95.67396212922212,6.225153653388008,195.70101316194797],[23.88348039401628,95.67395791978635,6.704476923755588,195.38634730405104],[23.883482113783852,95.67395417998222,7.130323813180576,195.08429567663882],[23.88348418762189,95.67394967021696,7.643845220001999,194.80537854090485],[23.883487371729665,95.6739427460607,8.432290342596502,194.57595906384316],[23.883491183248687,95.67393445753684,9.376094296483336,194.20818555413152],[23.883495305981402,95.67392549224812,10.3969606041539,194.0206018587788],[23.88349993020177,95.67391543642508,11.542004669741535,194.05916223509007],[23.88350423644771,95.67390607206875,12.608312253885382,194.13935359226357],[23.88350812936914,95.67389760652733,13.572272878065476,194.21582442343626],[23.883512610930463,95.67388786093044,14.68199179306403,194.20491168299245],[23.883516808371105,95.67387873318197,15.721357054067449,194.12491675432935],[23.88352085084209,95.67386994243029,16.722348887407346,194.1398749681291],[23.88352565214232,95.67385950152962,17.911241078053372,193.98753357072897],[23.883529723981315,95.6738506469143,18.919504928725505,193.91149388108283],[23.883534186432914,95.6738409428734,20.02449176899211,193.90929694361247],[23.883538443604408,95.67383168523429,21.07864737461154,193.85892756237203],[23.88354224691233,95.67382341456627,22.02041781194824,193.85524628488685],[23.883546234546614,95.67381474306242,23.00783089095658,193.8126637511592],[23.883550210400912,95.6738060971753,23.99232700347071,193.78551151186034],[23.88355457219059,95.67379661203366,25.072387927264607,193.7295921425254],[23.883558399161853,95.67378828990738,26.020017756657033,193.63520807962217],[23.88356231367345,95.673779777416,26.989324193585016,193.5293975373985],[23.883566084260647,95.67377157790243,27.922992228965672,193.42569136191258],[23.883568266964538,95.67376683139764,28.46347059808532,193.4727031928037],[23.883570691726117,95.67376155851454,29.063886975943863,193.66479531082854],[23.883572568845274,95.6737574765339,29.52869682675838,193.85261464213076],[23.883574710437266,95.67375281943099,30.05899509726695,194.03279440491107],[23.883577118708775,95.67374758240717,30.65532820127621,194.2977275347289],[23.883579394614593,95.6737426332256,31.21888507433732,194.64629183493057],[23.88358176226789,95.67373748453011,31.80516033178612,194.92998333304632],[23.883583200477958,95.67373435700054,32.16128804943763,195.16287934269647],[23.88358558155002,95.6737291791246,32.75088603187666,195.52295726374672],[23.88358873549899,95.67372232055165,33.53186277855098,195.646667522515],[23.88359443603276,95.673709924179,34.94342150768905,195.71159252437323],[23.88359703895083,95.67370426387706,35.58795266488232,195.79608112031133],[23.883600939885007,95.67369578091112,36.55389684839256,195.83111744287632],[23.883604244833233,95.67368859397538,37.37226375930053,195.8448458241598],[23.883606806048714,95.67368302435983,38.006468538106034,195.89188670094072],[23.883608338306043,95.67367969231522,38.38588406032714,195.85008452585137],[23.883608746847422,95.67367880390171,38.48704653253405,195.86794089415213],[23.883610427530716,95.6736751490902,38.903215090464094,195.9699448146408],[23.883613378977774,95.67366873087761,39.63404846706466,196.08989113316923],[23.88361615277305,95.67366269898633,40.32089193371456,196.1255134793005],[23.883618541297945,95.6736575049035,40.91233525513791,196.11585010551676],[23.88362108731389,95.67365196834083,41.54277629067335,195.99384433326756],[23.88362331737253,95.67364711885847,42.094980397162026,195.87585055114684],[23.883623888342207,95.67364587722862,42.23636313435648,195.88002657329585],[23.88362442262107,95.67364471538656,42.36866054326424,195.86308883459037],[23.883625324732243,95.67364275365688,42.59204008896341,195.83577024449215],[23.883628539254243,95.6736357633619,43.388015656049234,195.63194835571318],[23.883630553149914,95.67363138394722,43.886693757125414,195.48780767677076],[23.883630893364078,95.67363064411799,43.970937123362106,195.4198218268493],[23.88363183237745,95.67362860214084,44.20345433392131,195.28473732266002],[23.88363401026184,95.67362386611654,44.74273908488123,195.16190247663803],[23.883634990244484,95.67362173504767,44.98540104333444,195.0481271975921],[23.883635726879444,95.67362013316233,45.16780558121177,194.97139508090768],[23.88363927571604,95.6736124158673,46.04656361945141,194.7159407937839],[23.883639958641727,95.67361093077807,46.21566873655152,194.6428106099025],[23.883641729467133,95.67360707994365,46.65415807771067,194.43449397565502],[23.883644972493048,95.6736000276641,47.45719166647589,194.10230062654483],[23.883648599861193,95.67359213959448,48.35539552654774,193.90744733969177],[23.883653172969378,95.6735821949199,49.48778219340539,193.8134708699873],[23.883657523516614,95.67357273422604,50.565058600771145,193.73038202504662],[23.883661711502636,95.67356362703758,51.602081798911264,193.68624721818153],[23.88366513843327,95.67355617483909,52.450653513526845,193.6464785310605],[23.88366679031752,95.67355258265394,52.85969074954214,193.62609903158565],[23.88367129410347,95.67354278872739,53.97491181751189,193.54923282678035],[23.883674179150777,95.67353651490761,54.689303108931064,193.58095828231677],[23.883677512141514,95.67352926699067,55.51461349852976,193.5954430546797],[23.88368063901981,95.67352246728557,56.28888660538353,193.5799492802351],[23.883684047253098,95.6735150557463,57.13282841291305,193.58888479843836],[23.883687112330378,95.67350839043358,57.8917984102015,193.53059131981502],[23.883691231616616,95.67349943263957,58.91181008048392,193.4336842376229],[23.88369496101957,95.6734913226852,59.83527939708393,193.39955667647718],[23.883698205684766,95.67348426684086,60.63871864037214,193.38084688412786],[23.883701457701534,95.67347719500981,61.443978253203106,193.37499415364078],[23.88370561168669,95.67346816175959,62.47258192753709,193.39400818782516],[23.88371026115551,95.67345805103128,63.62387650638794,193.40050564260136],[23.883714565261627,95.67344869132822,64.68965285450344,193.46901346781786],[23.883718245028653,95.67344068931206,65.6008312652278,193.62578914989217],[23.88372190330411,95.67343273403144,66.50668794563528,193.7786441181123],[23.88372624400214,95.67342329475565,67.58152505216387,193.82779454529145],[23.88373071594762,95.67341357006936,68.68886142485687,193.78597340932893],[23.883737454197846,95.67339891707996,70.35737669298855,193.8891322570958],[23.88374110317742,95.67339098201415,