{"terrain":{"left":6,"bottom":1,"right":6},"data":[[23.884666094738762,95.67505184366198,0,197.51535572967373],[23.88466987086858,95.67504292456603,1.0000001477490645,197.51535572967373],[23.884673646998493,95.67503400546988,2.0000002935431076,197.51535572967373],[23.884677423128498,95.6750250863735,3.0000004423260878,197.51535572967373],[23.8846811992585,95.67501616727712,4.0000005651447745,197.51535572967373],[23.884681348623968,95.67501581448074,4.039555740423155,197.22377275131987],[23.884682745109345,95.67501251602766,4.4093749801411475,196.64083903772348],[23.884684831706863,95.67500758755212,4.961950689371095,196.11084208011778],[23.884686991682365,95.67500248576016,5.533958454314382,195.81269675761143],[23.884688946484772,95.67499786858039,6.051631982166212,195.59466219230995],[23.88468981867706,95.67499580849054,6.2826071722122805,195.40773837630093],[23.884694313123052,95.67498519275514,7.472832663180647,195.0647914744539],[23.884697635839913,95.67497734460588,8.352759179117731,194.89082940729918],[23.88469962863001,95.67497263770042,8.880492626159015,194.81618211191835],[23.884702255587126,95.67496643291307,9.576167054296928,194.80652572635876],[23.88470502836301,95.67495988370652,10.310457399105918,194.82341355902906],[23.88470750994888,95.67495402228133,10.967634391467284,194.7854382320616],[23.88470973096674,95.67494877630931,11.555807393236158,194.75385697804137],[23.884712134970947,95.67494309812949,12.192439081518287,194.75790544652205],[23.88471490823192,95.67493654777718,12.926857843591234,194.8543280978821],[23.88471787476166,95.67492954093032,13.712458288611794,194.88360184491677],[23.88471938005706,95.67492598547149,14.11109266139089,194.96458213597703],[23.884721398738897,95.67492121741058,14.645682719819185,195.0267664135929],[23.884723709143117,95.67491576031088,15.257527088328564,194.9320024749873],[23.884725426631547,95.674911703659,15.712354691079888,194.93505081506743],[23.884729097943993,95.6749030321383,16.684596584703574,195.02821641653293],[23.88473163191916,95.6748970469713,17.35564727967749,195.20534552995815],[23.884733239501834,95.67489324991325,17.781369468986313,195.30928183243282],[23.88473756120616,95.67488304218806,18.925848956241474,195.6150847033395],[23.88473900464452,95.67487963283355,19.308102214653854,195.6812359019109],[23.884743362336973,95.67486934010557,20.462112082414965,195.5659060393254],[23.88474660984574,95.67486166959537,21.322121622867236,195.58391743993548],[23.884749795332496,95.67485414557916,22.165706393720424,195.72333217625925],[23.884753650892783,95.67484503887104,23.186740891255976,195.7956155981006],[23.884756863957218,95.67483744971724,24.037628780089307,195.77788558565737],[23.884759845063975,95.67483040843993,24.82708932379358,195.6867582070397],[23.884763374212618,95.67482207270552,25.761683003428715,195.6912570554503],[23.884767270116864,95.67481287070626,26.793401354606473,195.70791156151012],[23.88477057120386,95.67480507364604,27.66759941769232,195.79705440890058],[23.884775069646345,95.67479444847106,28.85888265645822,196.00755867014072],[23.884777892239654,95.67478778159737,29.606365376624154,196.10767628493056],[23.88477937085761,95.67478428914981,29.997934843170956,196.03748967662528],[23.88478094311206,95.67478057553589,30.414301238901004,195.95490005163242],[23.884782415893998,95.67477709687279,30.804325197002235,195.89122597278646],[23.884785147447264,95.67477064503274,31.527698544514227,195.8705113790445],[23.8847874095676,95.674765301978,32.12675606831068,196.11472662468327],[23.884789780750346,95.67475970132139,32.754695626205766,196.2247127575551],[23.884791707232957,95.67475515103206,33.26486913459957,196.23313426496725],[23.884792750425582,95.67475268704499,33.541128692930656,196.32929112262013],[23.884795725439655,95.67474566015841,34.328975582283576,196.0164907435228],[23.884799204778854,95.67473744207226,35.25037845722971,195.87397196706758],[23.884802490931694,95.67472968028603,36.12062146229535,195.875498155554],[23.88480542772518,95.67472274367523,36.898346682721076,195.82078386904334],[23.884808051339093,95.67471654678442,37.59313529339283,195.7058923919799],[23.884811286078236,95.67470890643567,38.44976281367126,195.7085932739813],[23.884814181186385,95.67470206828429,39.216448829745936,195.72261898125925],[23.8848180394168,95.67469295526942,40.238190017210094,196.0511092424802],[23.884819309702216,95.67468995489654,40.574588513931616,196.22436110126972],[23.884820624891994,95.67468684846102,40.92287863362156,196.5064499883626],[23.884822304591054,95.67468288106642,41.36769852974769,196.58608628833946],[23.884823131086417,95.67468092891122,41.5865720110728,196.54868658296368],[23.88482625821221,95.67467354274169,42.41470115741779,196.457396934592],[23.884828198521063,95.67466895979523,42.92853602921189,196.38899458164565],[23.884830891629573,95.67466259876043,43.6417281818763,196.5091223945211],[23.88483241573983,95.67465899886153,44.045344842005456,196.57815423403207],[23.88483327915111,95.67465695951213,44.27399442523501,196.73326275510323],[23.884834165840996,95.67465486517943,44.50880867347369,196.98103035018187],[23.884837833752997,95.67464620169048,45.480149388844026,197.30669868412525],[23.884841715391037,95.67463703338754,46.50808926082844,197.0711364133391],[23.884845952215322,95.67462702614624,47.63008993378092,197.04528135042767],[23.884853257966917,95.67460977019834,49.564807391797736,196.79498263097253],[23.88485496854071,95.67460572987864,50.017803477111684,196.92995068999898],[23.88485774712101,95.67459916696225,50.75363024459831,196.95239449641645],[23.88486085150994,95.67459183449645,51.57573800744315,196.9703067726664],[23.884862476145155,95.67458799716087,52.005975721707244,196.86494924143375],[23.88486466537146,95.67458282627948,52.58572907376761,196.80454755302134],[23.884868256028412,95.67457434526442,53.536610835754466,196.77012247701555],[23.884870190957248,95.67456977502538,54.049020830099366,196.7037232751543],[23.884872188928835,95.6745650558814,54.57812586935925,196.6852325852871],[23.88487578638696,95.67455655880221,55.530808679376335,196.62551833947833],[23.88487856546464,95.67454999471101,56.266767068895184,196.6795725339291],[23.88488210505662,95.67454163430978,57.20412566381855,196.7878177379663],[23.884885041446534,95.6745346986522,57.98174361961318,196.8216623456256],[23.884887374342167,95.67452918842852,58.599543556144184,196.7458860853181],[23.884887865565286,95.67452802817547,58.72962978974249,196.78199866761253],[23.8848899483797,95.6745231086355,59.28120293789105,196.728788634483],[23.884890485778687,95.67452183931655,59.423517512042785,196.71768971486648],[23.884891183071687,95.67452019233315,59.6081753905175,196.67679833487045],[23.88489204444084,95.6745181578072,59.836284089500325,196.66461096593645],[23.884892287756934,95.67451758310249,59.90071931850103,196.71064319486572],[23.884893566537112,95.67451456266525,60.239367248804726,196.64670258759026],[23.884893857011182,95.67451387657493,60.316290901502555,196.64543317130642],[23.884894142562946,95.67451320211094,60.39191102441026,196.53595955574832],[23.884895423096918,95.67451017753132,60.731023391944,196.43247936958653],[23.884897370895782,95.6745055768937,61.24684155074827,196.42078357936396],[23.884898301456417,95.6745033789397,61.493273603508236,196.35386445786708],[23.884898734370697,95.67450235641024,61.60791842170699,196.27027421071318],[23.88490034341907,95.67449855589027,62.0340283078191,196.00835505906576],[23.884900997729268,95.67449701043083,62.207303425976235,195.92378601391096],[23.884901224250278,95.67449647539556,62.26729095823037,195.9117316694775],[23.88490182522832,95.67449505590497,62.42644259398568,195.75620135284305],[23.884902975572036,95.67449233883048,62.73107782633807,195.52541930755064],[23.884904700929138,95.67448826359306,63.18798870312467,195.31744980442295],[23.88490604193333,95.67448509618472,63.54311483586453,195.29353203119297],[23.88490807851387,95.67448028584766,64.08244421745819,195.21311177219133],[23.8849106698255,