{"terrain":{"left":2,"bottom":9,"right":3},"data":[[23.91223493609068,95.6873751490453,0,209.88452008664405],[23.912236277610685,95.68736543687089,1.000000031482613,209.88452008664405],[23.912237619130696,95.68735572469643,2.000000059845867,209.88452008664405],[23.91223896065073,95.68734601252183,3.000000092151011,209.58452008664403],[23.91223909480272,95.68734504130444,3.1000000882173215,205.58452008664403],[23.912241778405882,95.6873256128786,5.100419864157185,204.58452008664403],[23.91224189333718,95.6873247808129,5.1860923055005586,203.08452008664403],[23.91224208742727,95.68732337566291,5.330771541276816,203.1274458467712],[23.912242627706572,95.68731946421411,5.733508204735625,203.16149254138867],[23.912243503000408,95.68731312736756,6.385972436045111,203.14262206061522],[23.91224452532367,95.68730572607518,7.148035785120784,203.1263518955409],[23.912245491138766,95.68729873388375,7.867976641219768,203.11763603727695],[23.91224648028528,95.68729157278037,8.605309267017654,203.12335126686227],[23.912247469796974,95.6872844090332,9.342914100201638,203.11598994009412],[23.912248463507996,95.6872772148842,10.083649207136315,203.1932049789202],[23.91224944854135,95.68727008355879,10.817915772628464,203.25487792703709],[23.912250417616054,95.68726306776884,11.540286389090898,203.2304398067556],[23.91225136349034,95.6872562199425,12.245362872819602,203.2401733366988],[23.91225233971503,95.68724915238897,12.973063240602393,203.27950854012158],[23.9122533462713,95.68724186524454,13.723373460585696,203.29991849754876],[23.912254363642027,95.68723449980689,14.481745022628033,203.3196013720198],[23.912255362699923,95.68722726694827,15.226465772671814,203.26109357225474],[23.912256327232598,95.68722028404119,15.945450621277018,203.24511803850552],[23.912257270576834,95.68721345453159,16.648641116049827,203.28953866656866],[23.912258243762658,95.68720640897845,17.374076213901656,203.27892251564973],[23.91225901416263,95.68720083152985,17.948350067117136,203.24384327366928],[23.912260140470778,95.68719267742023,18.78792605477621,203.21799716965342],[23.912261063466485,95.68718599522745,19.47594826699755,203.2166705868463],[23.91226200438096,95.68717918330856,20.17732753743849,203.2550738196769],[23.91226296187093,95.68717225138838,20.89106255934029,203.25907903320476],[23.912263943239033,95.68716514659818,21.622596883478813,203.16266927238226],[23.91226489718083,95.68715824036565,22.333687002335665,203.14028954205352],[23.912265792438983,95.68715175898387,23.001032979399334,203.11458636034294],[23.912266752419036,95.68714480903628,23.71662414563238,203.11337265350105],[23.912267699992764,95.68713794890652,24.422967346069154,203.11573389377938],[23.912268659088816,95.68713100535885,25.137899545052917,203.16876105947443],[23.912269554628047,95.68712452194214,25.805455028440893,203.1536385473996],[23.912270471201005,95.68711788624802,26.488689527558762,203.17219735954046],[23.912271397589645,95.6871111794915,27.17924085910847,203.16462504828246],[23.912272372822017,95.68710411912201,27.906201422490142,203.1226183141105],[23.912273229872696,95.68709791435009,28.545066636512725,203.12220132853682],[23.912274043264816,95.68709202565213,29.151387756370667,203.12660856805923],[23.912274838894426,95.68708626554903,29.74446829308733,203.13528028126964],[23.912275596055345,95.6870807839469,30.308873383070004,203.1124610216485],[23.91227636019992,95.68707525178533,30.878484248790027,203.04939818798857],[23.912277142652172,95.6870695870821,31.461742067575816,202.98249846499817],[23.912277848613147,95.68706447615114,31.987981537945533,202.98698164137804],[23.91227844268625,95.6870601752525,32.43081722251071,203.01032684842716],[23.9122788618258,95.68705714081662,32.74325343497718,202.98223977489477],[23.912279266817034,95.68705420881005,33.04514316450773,202.93534704804026],[23.91227953226383,95.6870522870604,33.24301328300857,202.91167794390873],[23.91227959710049,95.68705181766379,33.29134401061411,202.87796888172235],[23.91227975960528,95.68705064118126,33.41247879786386,202.90413151281467],[23.912279872294384,95.68704982534828,33.496479835968216,202.8858869000287],[23.91227990177159,95.68704961194277,33.51845281883126,202.89562006391006],[23.912279902122307,95.68704960940369,33.51871425170626,202.87377602937624],[23.912281519372836,95.68703790102876,34.72424978346917,204.23898151006964],[23.912281894609535,95.68703518443547,35.003959796574165,204.2032229648479],[23.912281977458758,95.68703458463366,35.0657175037057,204.25631829154062],[23.912282091884734,95.68703375622633,35.151013240532635,204.30600876678557],[23.912282244033563,95.68703265471763,35.26442845571835,204.34356190680566],[23.912282801665334,95.68702861764251,35.680099926995744,204.4855827707056],[23.912283787060787,95.68702148369559,36.41463622137244,204.5717156373809],[23.91228416764676,95.68701872837525,36.69833370203613,204.8659477581189],[23.912284544124265,95.68701600279891,36.97896863600068,205.08703151480825],[23.912284736555453,95.68701460965886,37.122411240850106,205.2055852061614],[23.91228508404774,95.6870120939262,37.38143993030574,205.38929998575205],[23.912285207819494,95.6870111978584,37.47370222461517,205.48782982493327],[23.91228550110618,95.6870090745569,37.69232482072338,205.5243229261874],[23.912285602030046,95.68700834390049,37.76755577547819,206.19529089325889],[23.91228568080458,95.68700777359814,37.82627611155826,206.3123513264485],[23.9122857149832,95.6870075261559,37.85175363561068,206.42606027604623],[23.912285833750072,95.68700666632185,37.940285175142144,206.51469002490379],[23.912286114684882,95.68700463244397,38.14970039799537,206.47099592734492],[23.91228633339719,95.68700304903703,38.312733548558484,206.23408415771064],[23.912286718390188,95.68700026181125,38.59971612191761,206.04896730920507],[23.912286772698625,95.68699986863558,38.64019887342013,206.08795750531343],[23.912286781301752,95.68699980635171,38.64661183825994,206.13505894083562],[23.912286831600117,95.68699944220768,38.684105390163694,206.12990823231954],[23.912288173320533,95.68698972858238,39.68425441975551,205.82990823231953],[23.91228951480285,95.68698001668079,40.68422596264382,205.5299082323195],[23.912290856323327,95.68697030450298,41.6842259333144,205.5299082323195]]}