{"terrain":{"left":4,"bottom":1,"right":6},"data":[[23.891015782453888,95.67405963826528,0,200.7093666583144],[23.891019591332327,95.67405073522187,1.0000000827430975,200.7093666583144],[23.891023400210862,95.67404183217825,2.0000001645914858,200.7093666583144],[23.891027209089494,95.6740329291344,3.000000248370333,195.7093666583144],[23.891028888309535,95.67402900405011,3.440870204204162,195.72826934518145],[23.89103056676806,95.67402508074584,3.8815402217447925,195.80233561737697],[23.891032733288274,95.67402001662425,4.450348136800068,195.81884597449923],[23.89103501851825,95.67401467502515,5.050322633469237,195.85550956995127],[23.891037521248784,95.67400882503048,5.707400691596011,195.79375004742474],[23.891040003881606,95.6740030220131,6.359202196133679,195.80618143461592],[23.891042007610693,95.6739983384068,6.8852701677208055,195.8611035277979],[23.89104376185667,95.67399423795354,7.345837725037417,195.8834199279227],[23.89104997417485,95.67397971700221,8.976847390507464,196.0775768574489],[23.891054359456167,95.67396946664886,10.128178626988584,196.20051148666062],[23.891059950335556,95.67395639827646,11.596032889699089,196.35885883616095],[23.891064482995485,95.67394580343372,12.786057485901932,196.42353980389936],[23.89106606801448,95.67394209853919,13.202195379322466,196.5072275924889],[23.891068073781415,95.67393741016954,13.728798290874922,196.66257536865265],[23.891071040104944,95.6739304765518,14.507589959913508,196.7394780828908],[23.89107410687636,95.67392330814266,15.312753647280653,196.8118085003451],[23.89107645602165,95.67391781714502,15.929508597868184,196.8815262630154],[23.891078584140036,95.67391284278561,16.488234161430206,196.80238639624665],[23.891081082759687,95.6739070023999,17.144232749293945,196.64822958433464],[23.891083949011513,95.67390030269425,17.896751092310247,196.71924767338854],[23.891087044668055,95.67389306676772,18.70949834112807,196.8436850959224],[23.89108954195324,95.67388722950125,19.36514653810516,196.88025189203879],[23.89109184614818,95.67388184357259,19.970099964643328,196.8901936749537],[23.891094268812736,95.67387618072773,20.606156915555374,196.92459415981537],[23.891096924150933,95.67386997402106,21.30330100965364,196.9900620472317],[23.891099917380377,95.67386297751223,22.089156534976826,197.06502006230053],[23.891103010375026,95.67385574780772,22.901204837685274,197.07065745395983],[23.891106336500876,95.67384797317189,23.774460404320852,197.07554946309506],[23.89110983545864,95.67383979455099,24.693091994274287,197.1312368111843],[23.891113450256142,95.67383134516108,25.642136630992034,197.1182872592858],[23.89111777074587,95.67382124625449,26.776456743415146,197.047355058398],[23.891122074382952,95.67381118674002,27.906352257682883,197.04735149293595],[23.891125966092474,95.67380209008354,28.928098499107648,197.0966735232032],[23.891129677979436,95.67379341375236,29.902633327741793,197.06108956764044],[23.891133012980628,95.67378561837091,30.77821891688225,197.0033975229614],[23.89113679804903,95.67377677098216,31.771967071424225,196.9586074481267],[23.89114065520135,95.67376775510121,32.784640423544495,196.95103775366186],[23.89114490230109,95.67375782773968,33.89969221765618,196.94395166044077],[23.891149257489552,95.67374764772671,35.04312205928814,196.9367356539667],[23.891153236087796,95.67373834797263,36.08768026216045,196.95982381608667],[23.891155539008015,95.67373296502356,36.69229877618309,196.9359172902133],[23.891161446804908,95.67371915587395,38.243356977884645,196.89703321982532],[23.891165108386133,95.67371059712968,39.20468410374819,196.8417542469892],[23.89116819693663,95.67370337781314,40.01556528580348,196.76406901434945],[23.891169104639868,95.67370125610685,40.25387755214018,195.8716087572355],[23.891169109293934,95.67370124522823,40.25509945058835,195.89624123795542],[23.891169693681977,95.67369987925339,40.408527170357054,195.87011299699887],[23.891171047604185,95.67369671453486,40.763991655743006,195.90148405619266],[23.891172537967297,95.67369323089324,41.15527791195747,195.92425071758007],[23.891174378785074,95.67368892808315,41.638574018885954,195.8441492249973],[23.891176370241528,95.67368427316346,42.16141943620633,195.8461394953882],[23.89117844527075,95.67367942289704,42.70620639713279,195.87738918119038],[23.891180651206245,95.67367426664441,43.28536203570254,195.9016000536032],[23.89118287667491,95.67366906473407,43.8696459868158,195.884560529331],[23.89118517282577,95.67366369760799,44.47248713450686,195.87597844794902],[23.891187556723658,95.6736581253781,45.098365744495936,195.8848373167005],[23.891189879418317,95.67365269620736,45.708175794823845,195.85965131598078],[23.891191605876443,95.67364866070665,46.16144738490203,195.84095036110358],[23.891193866616575,95.67364337635121,46.75499161421623,195.8248318033026],[23.89119531327337,95.67363999487068,47.134802977248135,195.81021977055102],[23.891196347887888,95.67363757651628,47.40643502042121,195.85469406811663],[23.891197103203147,95.6736358110085,47.60473866477059,195.83939384318535],[23.891197340761227,95.67363525572958,47.66710816078665,195.8352326561898],[23.891197387045146,95.67363514754348,47.67925973537288,195.84540425213285],[23.89119751324828,95.6736348525506,47.712393635808596,195.85021310909886],[23.891198065334816,95.67363356207875,47.85734075554856,195.87416378164005],[23.8911991956432,95.67363092004521,48.15409666444392,195.85603292297495],[23.891199627433792,95.6736299107585,48.267460779036576,195.83443896304638],[23.89119968406043,95.67362977839686,48.28232777648418,195.8374906824988],[23.891199684221732,95.67362977801983,48.28237012445724,195.83820485427074],[23.891199757639438,95.67362960640999,48.30164551745131,195.8411074054069],[23.891200121375203,95.67362875619769,48.39714223005034,195.88440710000214],[23.891200388936372,95.6736281307882,48.467388863802235,196.02221221991192],[23.89120049396904,95.67362788528013,48.494964581558534,196.45486230337139],[23.89120096274065,95.67362678955233,48.61803784585669,196.5659273290665],[23.891201086484084,95.67362650030887,48.650525968315165,196.64372757188136],[23.89120157148858,95.6736253666376,48.777861082019044,196.82102707504612],[23.89120182470045,95.67362477476881,48.84434038797676,196.9210300215227],[23.891202195734454,95.67362390749727,48.941753213231976,197.041666807359],[23.891203282926757,95.6736213662452,49.22718923876454,197.21504842732077],[23.89120383687096,95.67362007143115,49.37262407270827,197.26492886926795],[23.89120469569859,95.67361806396892,49.598104274598754,197.2433224476941],[23.891205735205936,95.67361563417779,49.871020888111545,197.26326088566535],[23.891206687938137,95.67361340721878,50.121155191703224,197.36372666380473],[23.891207952149554,95.67361045219428,50.45306654805951,197.35406198751076],[23.89121027047207,95.67360503324319,51.061728637136234,197.40036524941806],[23.891212645534818,95.67359948166492,51.68528753614714,197.47993756042533],[23.891214922912887,95.67359415841923,52.28319988007033,197.50861148833286],[23.891216980326604,95.67358934932807,52.823361861396386,197.55351637591815],[23.8912188989767,95.67358486458923,53.32709225423806,197.78562513574715],[23.891220411455812,95.67358132925267,53.72418481959083,198.0816658365713],[23.891221621657966,95.67357850047185,54.04191633194522,198.25313818583706],[23.89122295629101,95.67357538084067,54.392316444215034,198.33404168074907],[23.89122390441073,95.67357316466308,54.64123973840829,198.38404796356605],[23.891224715505917,95.6735712687728,54.85418804018902,198.33973953836556],[23.891225367937206,95.67356974375062,55.02548006244123,198.27500214447633],[23.89122549271637,95.67356945208621,55.05824010146869,198.25355827992672]]}