{"terrain":{"left":8,"bottom":1,"right":8},"data":[[23.893218447293332,95.67468131911917,0,200.61651204623763],[23.893222883541736,95.67467276645223,1.0000000588274343,200.61651204623763],[23.89322731979025,95.67466421378508,2.000000115375923,200.61651204623763],[23.89324062853634,95.67463855578256,5.000000257574764,197.61651204623763],[23.89324950103426,95.67462145044655,7.000000339919645,196.11651204623763],[23.8932513895238,95.6746178096175,7.4256954667691515,196.15014492072646],[23.89325431610892,95.67461216743845,8.085393589736382,196.13332851328437],[23.893257745326977,95.67460555623069,8.858393034711133,196.16696141757552],[23.893261435331993,95.67459844225036,9.69017792589364,196.36875882842128],[23.893265009449582,95.67459155169001,10.495839960852935,196.3351259315807],[23.89326796512829,95.67458585342129,11.162096180133904,196.15014492072646],[23.893272404979324,95.67457729380882,12.162908040346545,196.15014492072646],[23.893276104973964,95.67457016056943,12.996944677940954,196.15014492072646],[23.893278362967575,95.67456580737152,13.505931731605394,196.16696141757552],[23.893283560940738,95.67455578617137,14.677636101921248,196.18377785481994],[23.893287271072374,95.67454863338881,15.513957724360758,196.3351259315807],[23.893290888366177,95.67454165958881,16.329352230362073,196.45284108914916],[23.8932945567701,95.67453458725333,17.156267738511605,196.3519423762757],[23.89329747334165,95.6745289643795,17.813708481919004,196.16696141757552],[23.893299625997248,95.67452481426332,18.298950638006048,196.15014492072646],[23.893302459495725,95.67451935154651,18.93766539517028,196.16696141757552],[23.893305176352428,95.67451411370399,19.5500872664688,196.15014492072646],[23.893310707819982,95.67450344955822,20.796966289982812,196.08287914194648],[23.893312196803663,95.67450057893865,21.132606417236406,196.31830947198455],[23.89331436727963,95.67449639446646,21.62186552407566,197.33037010415865],[23.893314502845033,95.67449613310919,21.652424078921005,197.322001504157],[23.89331651141323,95.67449226077986,22.105186644208498,197.41080302132931],[23.893319006204084,95.67448745105929,22.667551364495527,197.60757278902727],[23.893322011226836,95.67448165765991,23.34493029135285,197.72285902590767],[23.89332394690726,95.6744779258513,23.781262798415423,197.72944656917295],[23.893326559547702,95.67447288892788,24.37019262645847,197.63048207282063],[23.893330594271408,95.67446511036255,25.279682142325854,197.62711440082725],[23.893334513440617,95.67445755457534,26.163123857440233,197.625559014508],[23.89333961195399,95.67444772512424,27.31240806255126,197.81400497865567],[23.893344314895447,95.67443865829834,28.372524176907497,197.8826796664602],[23.893348788990064,95.67443003266749,29.381054631017673,197.90644223465853],[23.89335341417511,95.6744211157486,30.423643184078696,197.9306228833037],[23.893359808082813,95.67440878889985,31.864929257676962,198.0615344083619],[23.89336187711479,95.6744048000021,32.33132117639436,198.27121636075063],[23.893366714257695,95.67439547444852,33.421688242012564,198.4945679532337],[23.89337079672056,95.6743876038466,34.34193869471937,199.05381484188408],[23.893374594719898,95.67438028166345,35.19806663315793,199.54336263439458],[23.893377367954855,95.67437493512898,35.823196782668866,199.66236856589603],[23.893380310651036,95.67436926188934,36.48652610558912,199.55564648359982],[23.89338377413095,95.67436258462796,37.26724813854596,199.61873132405464],[23.893387539605143,95.6743553251502,38.116044342545784,199.81903707980774],[23.893391453010565,95.67434778047502,38.99818651991318,199.94028004060516],[23.89339444401723,95.67434201409733,39.67240571874199,199.99692927611684],[23.893397139666867,95.67433681714004,40.28004686098782,200.09091981072262]]}