{"terrain":{"left":6,"bottom":9,"right":4},"data":[[23.91660917494607,95.6859623741386,0,206.23462407637328],[23.916609914999736,95.6859599797896,0.25719653407024673,206.40785044531492],[23.916611410375587,95.68595514169226,0.7768959872539359,205.8288086285176],[23.91661358728877,95.68594809856805,1.533455329116483,205.5922552256609],[23.9166163511426,95.68593915647241,2.493998643701533,205.44622281631865],[23.916619378453976,95.68592936199359,3.5461033595549085,205.3939241823187],[23.916622694104426,95.68591863463057,4.698416735035803,205.40201419966945],[23.916625866388443,95.6859083711113,5.800904853331123,205.52334843820785],[23.916628662257853,95.68589932543335,6.772574705484679,205.41150161678013],[23.916631179304066,95.68589118185221,7.647342986748844,205.47863974113397],[23.916634478923026,95.68588050635701,8.79408472365044,205.64991120155253],[23.916637735372582,95.6858699705309,9.925823443448055,205.61513920975653],[23.916641353951036,95.68585826308306,11.183415545378947,205.5964418599956],[23.91664493243321,95.6858466853616,12.427072654098987,205.58882362203093],[23.916648688904584,95.68583453177885,13.732587667888605,205.53362527831467],[23.91665221412361,95.6858231263835,14.957733767730602,205.49612618342178],[23.916655648129815,95.68581201609555,16.151179953743096,205.47643725099323],[23.91665914840855,95.68580069139132,17.367658306202923,205.48688207915467],[23.91666262560254,95.68578944137482,18.576113813480813,205.5643144907189],[23.91666598601994,95.68577856917406,19.74398504146661,205.59930326278783],[23.916668629366157,95.68577001696539,20.662647091937224,205.56885881841856],[23.91667129850903,95.68576138129497,21.590274426909048,205.60571538736696],[23.91667511556913,95.68574903168513,22.916846059827215,205.56755069436707],[23.91667868599364,95.68573748003321,24.15770253653277,205.57135169788444],[23.9166821185005,95.68572637459621,25.350627428150354,205.5139657511246],[23.916685551732108,95.68571526681438,26.54380416751079,205.51671562143008],[23.916688932601378,95.6857043284442,27.718783003841892,205.52978470934346],[23.916690877557954,95.68569803578592,28.39472832640235,205.4597492536048],[23.91669451500292,95.68568626729788,29.658876788623612,205.39106273627948],[23.916698175906795,95.68567442291156,30.931178068096884,205.33994822927065],[23.91670143204809,95.68566388808279,32.06280915919007,205.31959692196625],[23.91670443379567,95.68565417631235,33.10602887902172,205.31221088702074],[23.916707547196918,95.68564410330076,34.18805240813792,205.26739961473152],[23.916711063195397,95.6856327277373,35.40999352331614,205.2130423490541],[23.916714049267696,95.68562306668224,36.447765426384585,205.2556835421475],[23.91671674312109,95.68561435106407,37.38398030309081,205.2770448590661],[23.916718975486763,95.6856071285304,38.159810913510235,205.3113362884872],[23.91672047629688,95.68560227285118,38.68139858614931,205.21769402112824],[23.916720706701753,95.6856015274057,38.761472898233194,205.3069997506414],[23.916720972008076,95.68560066904101,38.85367677203445,205.31641163513416],[23.916721129632368,95.68560015906777,38.90845711079891,205.31350223796198],[23.9167225372997,95.68559560474013,39.39767417135966,205.18517264444068],[23.916725350870816,95.68558650179058,40.37549538104172,205.1238146226641],[23.91672758950875,95.68557925896383,41.15350578846969,205.02032681232947],[23.916729632845627,95.68557264800866,41.86364176446127,205.04153220826055],[23.91673194051324,95.68556518184519,42.66564254457789,205.03140288610336],[23.916734222163843,95.68555779985644,43.458601428444645,205.01576579350547],[23.916737176338057,95.68554824200356,44.485287387681126,204.96878991938866],[23.916739800531346,95.68553975176175,45.397292626047445,204.903144751483],[23.916741881262634,95.68553301982175,46.12042449826447,204.939157691447],[23.91674500136021,95.68552292514504,47.20477497061986,204.91704021965154],[23.916746984841218,95.68551650784588,47.89410871273316,204.8221500452534],[23.916748928768847,95.68551021851663,48.56969616757595,204.8400149304656],[23.91675087032434,95.68550393686212,49.24445920598993,204.85090562751674],[23.916752540108128,95.6854985344902,49.82477142368931,204.86009749375017],[23.916754382371096,95.68549257408395,50.4650265870498,204.86089294212212],[23.916756175512408,95.68548677260455,51.088210132077094,204.8395349427247],[23.91675731189431,95.68548309598621,51.483145262260315,204.77614447195225],[23.916758754772342,95.68547842773886,51.984599233663744,204.8170845318827],[23.916760566835816,95.68547256503922,52.614358917732424,204.7877575632259],[23.916762267518898,95.68546706269659,53.20540975330538,204.80672354746423],[23.916763528995613,95.68546298134999,53.6438199815264,204.7874075786084],[23.916765241613298,95.68545744039449,54.23901852293878,204.82895080632682],[23.91676706201468,95.6854515507186,54.87167591447409,204.98820417602758],[23.916768470798527,95.68544699277862,55.36128085031986,205.08554384457256],[23.916770059937328,95.68544185132325,55.91356585568423,205.03364589135128],[23.916772001123462,95.68543557086375,56.58820043169708,205.12428869176136],[23.916773938937105,95.68542930131551,57.26166293178033,205.21977839006786],[23.916775257040573,95.6854250367603,57.7197530323431,205.41664648352474],[23.91677653627772,95.6854208979521,58.16433563292678,205.42688650755179],[23.916777696266013,95.68541714495831,58.567474808851415,205.47560682263855],[23.916779359458445,95.68541176391189,59.14549617499802,205.70736372112424],[23.916780744820866,95.68540728174894,59.62696124939106,205.82598510636564],[23.916782452024382,95.68540175831028,60.220278096426426,205.84156045908634],[23.916783278217043,95.68539908526957,60.50741083551373,206.05913109378156],[23.91678437434227,95.68539553889657,60.888355196536054,206.4687829274327],[23.91678555331167,95.68539172449185,61.29809098929399,206.638427955897],[23.91678659976292,95.68538833883265,61.66177178749326,206.59549877829858],[23.91678736984175,95.68538584734107,61.92940287108711,206.54800460792217],[23.916788233058483,95.68538305451371,62.22940284501362,208.84800460792218],[23.91679111044765,95.68537374508902,63.22940275865379,208.84800460792218],[23.91679398783687,95.68536443566417,64.22940267065478,208.84800460792218]]}