{"terrain":{"left":2,"bottom":9,"right":3},"data":[[23.91018255251686,95.68715306537221,0,209.69463375106082],[23.910184961567584,95.6871436003826,1.0000000731886067,209.69463375106082],[23.910187370618353,95.6871341353928,2.0000001468344215,208.69463375106082],[23.910187611523423,95.68713318889384,2.1000001530752153,207.19463375106082],[23.910192429625063,95.68711425891384,4.100000289403589,206.99463375106083],[23.910193642646863,95.68710949303711,4.603527174935893,204.99463375106083],[23.91019398274303,95.68710815682336,4.74470152547546,204.8287920822166],[23.91019463170301,95.68710560710558,5.014085632893282,204.87924139394985],[23.910195462199923,95.68710234414205,5.358825946123913,204.9296908248924],[23.910196408709094,95.68709862537457,5.751723094651738,204.84463374510037],[23.910197475815668,95.68709443278844,6.1946803725710975,204.84463374510037],[23.910198656607967,95.68708979353914,6.684828736287185,204.8146337737106],[23.910199895006986,95.68708492795713,7.198889714902697,204.8146337737106],[23.91020114805862,95.68708000480605,7.719033005182674,204.8146337737106],[23.910202440992496,95.68707492496044,8.255731461688598,204.8146337737106],[23.910203793627485,95.6870696105534,8.8172119199271,204.96463374986874],[23.91020517596864,95.68706417943294,9.391023436233015,204.99463375106083],[23.910206578686104,95.68705866825539,9.973293179703118,204.96463374986874],[23.91020800627033,95.68705305937809,10.565885141604442,205.02463375225292],[23.910209457098905,95.68704735917541,11.168125853610196,205.02463375225292],[23.910210943007872,95.68704152114435,11.78492847084857,204.99463375106083],[23.910212390408418,95.68703583441014,12.385746193992247,204.99463375106083],[23.910213748588557,95.6870304982166,12.949528408463093,204.99463375106083],[23.91021501622338,95.68702551776919,13.475725149060041,205.0846337546371],[23.910216296564112,95.68702048740114,14.007196122091695,205.1646337379478],[23.91021765177786,95.68701516286234,14.569746970474792,205.1646337379478],[23.910219045256518,95.68700968798342,15.148181620685087,205.11463372602688],[23.910220485538336,95.68700402921819,15.74604431432264,205.11463372602688],[23.91022200844649,95.68699804581995,16.378205291988717,205.11463372602688],[23.910223539400295,95.6869920308109,17.013706020031627,205.28283630504833],[23.91022505911773,95.68698605994875,17.64454251428065,205.28283630504833],[23.910226572330625,95.6869801146425,18.272678956268,205.24920341565834],[23.91022811928408,95.68697403677196,18.914821137783292,205.28283630504833],[23.910229607087683,95.68696819129701,19.532410140338026,205.3164692093395],[23.91023107461425,95.6869624254891,20.14158211528139,205.28283630504833],[23.910232435382188,95.68695707912828,20.706438452266497,205.28283630504833],[23.910233824897915,95.68695161981942,21.28322802660101,205.28283630504833],[23.91023515461275,95.68694639546405,21.835194174491797,205.2996527571939],[23.910236430987503,95.68694138067806,22.365018791175007,205.24920341565834],[23.910237616206498,95.6869367240366,22.857004541790154,205.24920341565834],[23.910238633697812,95.68693272638531,23.27936634000565,206.36246883125233],[23.910238784031126,95.68693213573637,23.341769867846182,206.34754867792708],[23.910239096330464,95.68693090873438,23.47140567886709,206.3437344643943],[23.910239984317773,95.68692741989516,23.84001021308447,206.2832705875894],[23.91024145866303,95.6869216272971,24.452012587552773,206.3653779779293],[23.910243022170537,95.68691548438687,25.101026305649086,206.38852225496606],[23.910244733433807,95.68690876095471,25.811373600344893,206.4404716293504],[23.91024642856711,95.68690210089606,26.515025317963598,206.46684340219116],[23.91024810796791,95.68689550264929,27.212146447107898,206.41672981752325],[23.910249878642407,95.68688854579463,27.94715538038319,206.38540566053334],[23.910251510899815,95.6868821327709,28.62470722157107,206.44384545482177],[23.910253157399577,95.68687566378999,29.30817106834426,206.4872636132576],[23.91025501707676,95.68686835725009,30.080125084654636,206.52587900577353],[23.91025694826176,95.68686076976104,30.88176206588865,206.5368423514106],[23.9102586760253,95.68685398150049,31.598958569365642,206.6058730980761],[23.91026034360803,95.68684742968608,32.291173944337764,206.632917204159],[23.910262048686793,95.68684073055242,32.998953954465655,206.59043441714635],[23.910263582617247,95.68683470384833,33.635690111108,206.6029306923899],[23.910265007849073,95.68682910421346,34.22730534782672,206.58891252830296],[23.910266965077028,95.68682141440348,35.03975272809551,206.59791378852404],[23.910268730938906,95.68681447645727,35.77276383865831,206.6212572135459],[23.91027048841481,95.68680757145896,36.50229391404327,206.625557844494],[23.910272415115553,95.68680000158822,37.30206938659313,206.6541217288888],[23.910273886582925,95.68679422029717,37.91287700609274,206.66164535597474],[23.91027543220316,95.68678814766476,38.55446555151158,206.62336640329127],[23.910277285408682,95.68678086655156,39.32373305312226,206.59683895261009],[23.910278848152892,95.68677472664027,39.97242976168262,206.6517496039443],[23.91028048609117,95.68676829129681,40.65233959306546,206.68884755051107],[23.910282287479042,95.68676121377148,41.40009751076297,206.7486799901654],[23.910283946669797,95.68675469492855,42.08882925089114,206.74452605866733],[23.910285680608,95.6867478824082,42.808588723398486,206.70080293177034],[23.910287533666946,95.68674060187087,43.577795327673954,206.7320122457608],[23.9102891509784,95.68673424756875,44.24914290407679,206.74678896990886],[23.910290663759497,95.68672830395899,44.877099819300284,206.7399208796211],[23.91029256564444,95.68672083158779,45.6665741132556,206.7599824036643],[23.910294259113716,95.68671417806698,46.36953484988022,206.76217324194312],[23.910295713086718,95.68670846551005,46.973080446910146,206.78383289381605],[23.910297116933908,95.6867029498939,47.555818765488745,206.83049826088228],[23.910298602469144,95.68669711333119,48.172465861796184,206.76768377121743],[23.910300086425725,95.68669128297093,48.78845765040829,206.75433466247614],[23.91030184515192,95.6866843730603,49.51850655908748,206.81430195989816],[23.910303187855853,95.68667909767167,50.0758642281205,206.7644481177768],[23.91030350902252,95.6866778358306,50.20918081410917,206.628253202494],[23.91030445764405,95.68667410876381,50.60295449840865,206.56420842261872],[23.910306330300998,95.68666675122732,51.38029614870972,206.34064166476355],[23.91030723844446,95.68666318319599,51.757267345579265,206.1863439137138],[23.910308644953233,95.68665765712267,52.34111043818788,206.19656144348036],[23.910309879635957,95.68665280614172,52.85362837557419,206.14437721290741],[23.910310970224696,95.68664852129582,53.306332764362445,206.16096395939383],[23.910312001547876,95.6866444693001,53.7344359611464,206.1359859608701],[23.91031329623835,95.68663938255297,54.271863156996325,206.06499144165682],[23.91031461860302,95.68663418707585,54.82077793239295,205.98278900142677],[23.910315800877054,95.68662954200494,55.3115409534085,205.94728616212464],[23.91031686416797,95.68662536441025,55.752913973858114,205.9307151953313],[23.910317621493355,95.68662238893246,56.06728042202202,205.95445408473225],[23.910318824915418,95.68661766077244,56.56682199645747,205.9303661803295],[23.910320130388147,95.68661253166258,57.108724891471695,205.90300446719493],[23.910321653193982,95.68660654866633,57.74084294521017,205.86601982736582],[23.910322379645514,95.68660369448972,58.042393620408774,205.96810992387648],[23.91032342885901,95.68659957220423,58.47792306857419,205.9384349373312],[23.910324635173655,95.68659483267945,58.97866533646601,206.0398631205238],[23.910325494703063,95.68659145564929,59.33545674770588,206.21162227423645],[23.910327276277343,95.68658445597016,60.07498978378047,206.35685527578664],[23.91032741158736,95.68658392434669,60.13115708864162,206.4935563160941],[23.91032806261218,95.6865813665163,60.40139805665877,206.56455505775838],[23.910328532215175,95.6865795214794,