{"terrain":{"left":4,"bottom":9,"right":7},"data":[[23.914755383592116,95.68703887161497,0,207.56695462970927],[23.914752723246085,95.68703638741921,0.38832609850712885,207.4703061896241],[23.91475024113596,95.68703406965777,0.7506354140596514,207.21597435567824],[23.914746829434776,95.68703088385655,1.2486355296496328,206.92350040494435],[23.91474350947235,95.68702778371977,1.7332447040194126,206.7512099397036],[23.91474155769767,95.6870259611785,2.018141882121405,206.58035228333907],[23.91473807056219,95.68702270493776,2.527153024957684,206.3974410074642],[23.914734715400677,95.68701957193252,3.01690016365351,206.06261402979234],[23.914728680187018,95.68701393633023,3.897849901627481,205.54349733853522],[23.91472102731462,95.68700679017971,5.014926522937195,205.13337426610818],[23.914714770853372,95.68700094797936,5.928171431027586,204.99350528089528],[23.914710267724065,95.68699674301706,6.585485497596125,204.9443560279519],[23.91470553073627,95.68699231968083,7.276935495329951,205.10233351869928],[23.91470134224491,95.68698840852326,7.888322417780579,205.15715427491338],[23.914696980842727,95.68698433590387,8.524948844959319,205.07197474741756],[23.914693723867472,95.68698129458367,9.000363966959057,204.95121904281737],[23.91468804707738,95.68697599367255,9.828995342118894,204.81309384804294],[23.9146843270503,95.6869725199607,10.37200136349039,204.70091100773644],[23.91468054806013,95.68696899118991,10.923614134529167,204.61797791103632],[23.914677606706217,95.68696624459272,11.352958568200243,204.43156225484827],[23.914674949814568,95.68696376362261,11.740780533566635,204.27038952493152],[23.91466589425671,95.68695530766306,13.062604968166923,204.1816239503688],[23.91466014344915,95.68694993763539,13.902040623747439,204.0513029798894],[23.91465500112279,95.68694513579939,14.652657318723968,203.90215215762223],[23.91464924330826,95.68693975922872,15.49311579689899,203.8057531086648],[23.914644841020866,95.68693564843126,16.135710276937537,203.68205649037927],[23.914639618002056,95.68693077124571,16.89810555128723,203.7013053809737],[23.91463448530307,95.68692597839963,17.647317003189798,203.67797239426832],[23.914629439617435,95.68692126680546,18.383827275187627,203.6369841253419],[23.9146238568306,95.68691605367331,19.198737322596422,203.6457825240856],[23.914617845295894,95.6869104401821,20.076230995888388,203.68963802425756],[23.914612051122074,95.68690502965961,20.921996879033834,203.64521849858798],[23.91460691949568,95.68690023781508,21.671051834025008,203.62293684874],[23.91460198209041,95.68689562733167,22.39175666661083,203.63126506976394],[23.91459713531433,95.68689110147659,23.099232518024742,203.70492168605344],[23.91459083106063,95.68688521464829,24.019453972156803,203.8041950380463],[23.91458587407023,95.68688058587654,24.743017649752233,203.92353239850124],[23.91458076252601,95.68687581278448,25.489141304871612,203.83725719628168],[23.91457529373467,95.68687070609982,26.287411744692857,203.82282858388888],[23.914570031842317,95.68686579261468,27.05548149544449,203.88877078969685],[23.914563143354826,95.68685936023662,28.060982674847406,203.8536174147632],[23.914557316601904,95.68685391929219,28.91150422319999,203.82588976494011],[23.9145517493863,95.68684872070025,29.724141551925804,203.88025545690553],[23.91454702956875,95.68684431339737,30.41308558738809,203.91256115557107],[23.914541868787843,95.68683949432875,31.166396333971317,203.93323240374664],[23.914537326302842,95.68683525261665,31.82945544808443,203.86533326728286],[23.914533161660852,95.68683136372931,32.43736144387388,203.72060678714186],[23.914527798256106,95.68682635545323,33.22024889735957,203.5376917297617],[23.91452386626013,95.68682268380766,33.79419595153713,203.41231467035269],[23.914519432515302,95.68681854363568,34.441382476896486,203.30251275444758],[23.9145178747378,95.68681708900375,34.668768729300254,203.14561297008677],[23.914517785627,95.68681700579327,34.681776088616296,203.1168078037713],[23.914517730528317,95.68681695434285,34.689818754300525,203.0292936700977],[23.91451693313293,95.68681620974564,34.80621326382722,202.9759429247113],[23.91451617864634,95.68681550521609,34.91634444808928,203.11263493352808],[23.914515775294586,95.68681512857158,34.975221048951205,203.12048371534033],[23.9145131246237,95.68681265341034,35.362135179013976,203.11561268419572],[23.914511649573964,95.68681127602851,35.57744579793331,202.9731218168882],[23.914511177529906,95.68681083524004,35.64634930433113,202.95134538855748],[23.914510623625468,95.68681031801144,35.72720183578776,202.97481735696365],[23.914509893920584,95.68680963662271,35.833715677090495,203.11406105071782],[23.914508488150908,95.68680832393368,36.038913600252286,203.1285450024254],[23.91450636704464,95.68680634327283,36.34852804837617,203.32715259465087],[23.91450436198955,95.68680447097904,36.64120269617827,203.24457866984582],[23.91450293041092,95.68680313418994,36.85016791452755,203.15362661143578],[23.914502187916728,95.68680244085874,36.9585485916992,203.20808235068577],[23.914501391025485,95.68680169673229,37.07486951818832,203.25771073323105],[23.91449963659898,95.68680005847213,37.33096032236463,203.29365977260946],[23.914499249042258,95.68679969657683,37.3875313494311,203.4235918234734],[23.91449889850162,95.68679936924664,37.438699200280844,203.69987751243863],[23.914498446277193,95.68679894696548,37.50470966927624,204.0143025186754],[23.91448559332394,95.68678694504857,39.38083454433459,204.73466181010699],[23.914482660347865,95.6867842062745,39.808956345959785,204.77424232740677],[23.91447722251327,95.68677912849682,40.60270833029426,204.87865822402355],[23.914471439433537,95.68677372833385,41.44685520591826,204.94873736732333],[23.914464157113013,95.68676692819973,42.509843881125036,204.703516770934],[23.914457416569075,95.6867606339694,43.49375031468007,204.5927893946695],[23.91445072377365,95.686754384326,44.470686996703876,204.5944712553315],[23.914444754837888,95.68674881061311,45.34196305476371,204.80309003172013],[23.914440109951148,95.68674447327962,46.01996979345379,205.03856200132074],[23.914435207331632,95.68673989527868,46.73559738706524,205.2180861657471],[23.914430188838754,95.68673520907673,47.468138844970994,205.38812991553036],[23.91442508088042,95.68673043933313,48.213739444243465,205.5044199286136],[23.91441731063323,95.68672318357959,49.34795016101218,205.34079038517856],[23.91440955663094,95.6867159429953,50.47978966430202,205.11070530062912],[23.914403054230828,95.68670987114052,51.42893478931634,204.93518638416285],[23.91439622813169,95.68670349701988,52.42532977431284,204.9638078346596],[23.914392403374414,95.68669992551237,52.983623602989525,205.08128597767185],[23.914386985053575,95.68669486595638,53.774527424589124,205.18289874099898],[23.914383675352013,95.68669177540106,54.25763939253502,205.26982327294618],[23.914376824555813,95.68668537821863,55.25763943011962,205.5698232729462],[23.91437476931698,95.68668345906393,55.55763944221925,207.5698232729462],[23.914372645570193,95.6866814759374,55.867639454117494,207.5698232729462],[23.914370521823415,95.6866794928109,56.17763946846055,207.5698232729462],[23.914368398076657,95.6866775096844,56.48763948136024,207.5698232729462],[23.914366274329907,95.6866755265579,56.79763949564527,207.5698232729462]]}