{"terrain":{"left":5,"bottom":1,"right":6},"data":[[23.889817975159737,95.67407193145907,0,200.33206961837539],[23.889813149198222,95.6740724426046,0.5370359584318507,200.34600806524622],[23.889804173173875,95.67407339330731,1.5358934561771065,200.3655642983416],[23.88979938815069,95.67407390011682,2.068373772043678,200.42045523055458],[23.889793538119356,95.67407451972751,2.719368848176387,200.13985619485385],[23.889784363027474,95.67407549151461,3.7403787014229053,199.72815442844137],[23.88977612968939,95.67407636355513,4.656589613781051,199.5722063818693],[23.889767484409195,95.67407727922682,5.618641696856315,199.49356178142602],[23.88976205519909,95.6740778542659,6.222807527777491,199.61684827682893],[23.88975653524132,95.67407843891658,6.837071813170525,199.7486346958658],[23.889750349776783,95.67407909405495,7.525394099763766,199.78597290646047],[23.88974705730255,95.67407944277996,7.891782651816676,199.68067075170643],[23.889744130954842,95.6740797527264,8.217428419240495,199.24108882180604],[23.889743429260555,95.6740798270469,8.295513389648882,198.95632242099862],[23.889739593391123,95.67408023332604,8.722371292725299,198.81446420070063],[23.889735262586584,95.67408069202662,9.204305877629267,198.6314372015396],[23.889728068210243,95.67408145402469,10.004900487449031,198.46659417764153],[23.88972042563062,95.67408226349454,10.855371433796236,198.3360623408277],[23.88971399108907,95.67408294501409,11.571411161387655,198.20418980816623],[23.88970743541737,95.67408363936325,12.300930326558873,198.19003620524006],[23.8897006826235,95.67408435459075,13.052385368052025,198.17770742539312],[23.88969335398054,95.67408513080976,13.867921248742348,198.1345173795503],[23.889687267005968,95.67408577551649,14.545283509306987,198.09568750135503],[23.889681866729877,95.674086347491,15.146229542664305,197.96257453284085],[23.889672522073322,95.67408733723768,16.186108649750036,197.84336926006893],[23.88966587785859,95.67408804096493,16.92548093671825,197.72483511785111],[23.88965910884693,95.67408875791016,17.678740701052973,197.65946617706715],[23.889653579505485,95.67408934355473,18.294049205534925,197.52445043181865],[23.88964752066019,95.67408998528211,18.968281221463485,197.35351220900236],[23.88964173486179,95.67409059808952,19.61212841050387,197.22399619315814],[23.88963719012375,95.67409107944904,20.11786964392445,197.13445703431842],[23.889633459748307,95.67409147455471,20.532988108414873,197.0730492576277],[23.88963118123641,95.6740917158851,20.786542308426984,197.045156388304],[23.889628582892122,95.67409199109079,21.07568765155557,195.99157213477844],[23.88962854543069,95.67409199505855,21.079856383436017,195.9747556677317],[23.889628374933974,95.67409201311683,21.09882936194912,195.9747556677317],[23.889628136036425,95.67409203841986,21.12541402786776,195.99157213477844],[23.88962670508995,95.67409218997969,21.28465062762204,196.008388586924],[23.889623838920937,95.67409249355224,21.60359967085409,195.99157213477844],[23.88962012719616,95.6740928866825,22.01664267715805,195.9747556677317],[23.889615647939856,95.67409336110647,22.5150970625321,195.9747556677317],[23.889610986556775,95.67409385482055,23.033818625222736,195.8570404878115],[23.88960617660656,95.67409436427023,23.569072831019223,195.89067339210266],[23.889601397565944,95.6740948704461,24.100887397869847,196.1092872848963],[23.889596515368005,95.67409538754795,24.644181373080464,196.042021476314],[23.88959177424015,95.67409588970825,25.171776983703737,196.042021476314],[23.889586936275602,95.67409640212509,25.710148640279897,196.02520500926727],[23.889581843988513,95.67409694147871,26.27682146551061,196.042021476314],[23.889576718547552,95.67409748434383,26.847183673157836,195.9074898591494],[23.889571787623005,95.6740980066066,27.395899975091947,195.8570404878115],[23.889566279532875,95.67409859000033,28.008843616562498,196.07565438060516],[23.88956091646658,95.67409915803373,28.60564891644529,196.09247081784957],[23.889555210493004,95.67409976238643,29.24061314796068,196.09247081784957],[23.889549403379853,95.67410037745141,29.8868322532178,196.042021476314],[23.889543349003937,95.67410101870541,30.56056691048517,196.05883792845958],[23.889537419109462,95.67410164677489,31.22044919562392,195.9074898591494],[23.88953185974659,95.6741022355992,31.83909849809598,195.89067339210266],[23.889525983158364,95.67410285802268,32.493048831357505,195.87385695485824],[23.889520265015275,95.67410346366432,33.129367293089395,194.73381891159767],[23.889514652412146,95.67410405812763,33.75394120255345,194.84381892590278],[23.889508850237142,95.67410467266957,34.399610786128605,194.96381893067115],[23.88950328731521,95.67410526187085,35.018656142183545,195.10381891636604],[23.889497969416468,95.6741058251203,35.61043516679234,195.2838189235186],[23.889492541409187,95.67410640003197,36.21446713789615,195.37381889729255],[23.889487955253845,95.67410688577824,36.72481730849593,195.57381894497627],[23.889484591316172,95.67410724207237,37.09915834984676,195.69381889014],[23.889477991986997,95.67410794104553,37.833535736818696,202.16381897835487],[23.88946900569562,95.67410889283568,38.83353573573449,202.16381897835487],[23.889460019404247,95.67410984462583,39.833535735318634,202.16381897835487]]}