{"terrain":{"left":5,"bottom":10,"right":8},"data":[[23.895881541979495,95.67639475158212,0,205.3412534896802],[23.895889313386284,95.67638975271026,1.0000000125542348,205.3412534896802],[23.895897084793187,95.67638475383832,2.00000002615121,205.3412534896802],[23.895928170421662,95.67636475835003,6.000000040835918,199.3412534896802],[23.89593190404746,95.67636235673633,6.480431143939001,199.273345056175],[23.895936985476823,95.67635908816284,7.1342933197590455,199.23815837934433],[23.895944188417964,95.67635445495026,8.06114487677546,199.1582613003585],[23.895951297462915,95.67634988213536,8.975914157925821,199.09197635076382],[23.895961893346257,95.67634306645004,10.339358684048843,199.00704861151826],[23.895969330610423,95.67633828251174,11.29636213778872,198.9084300096526],[23.895977013241758,95.67633334074371,12.284938641811493,198.8330155416704],[23.89598691584258,95.67632697100476,13.559173720136858,198.7230948540522],[23.895997119038533,95.67632040791128,14.872088395919556,198.5826126004427],[23.89600636121494,95.67631446298306,16.061342122923797,198.51584178627832],[23.89601626667884,95.67630809140245,17.335945542111624,198.4824437595813],[23.896025319507142,95.6763022682703,18.500834518078303,198.4366147903546],[23.896034194900093,95.6762965592715,19.64289166108478,198.47750943092274],[23.89604353202349,95.67629055326967,20.84436277802596,198.49636460377832],[23.896052936761752,95.67628450377532,22.054534338783714,198.51628396967038],[23.896062246818445,95.67627851518384,23.252522557665976,198.62551699806093],[23.89607133094227,95.6762726719212,24.42143843906317,198.59520285520833],[23.89608102883844,95.67626643385626,25.669332552804743,198.54107433430246],[23.89609067894851,95.6762602265292,26.911077680784725,198.60936358202554],[23.89610041720432,95.67625396250335,28.164165097404574,198.70620271505027],[23.896109264703867,95.67624827144667,29.30263284526419,198.61272825121625],[23.896118267128227,95.6762424807363,30.461035798865282,198.4599414990431],[23.896127185880875,95.67623674384686,31.608672126040467,198.47668507417347],[23.896135124780436,95.67623163723711,32.630224103080245,198.44860183021675],[23.896142726987772,95.67622674720093,33.60845159673907,198.25596990812957],[23.89615011351193,95.67622199590059,34.55892566045348,198.17716346452622],[23.89615584005031,95.67621831236781,35.295798109871704,198.25039598651475],[23.896163502728893,95.67621338343417,36.28180680841045,198.2762693400317],[23.896170631588134,95.67620879787395,37.19912534796913,198.3237354255407],[23.89617683793684,95.67620480570847,37.99773820710431,198.33951487946277],[23.896183027060548,95.67620082462278,38.794134598860346,198.3336864001184],[23.896190692926414,95.67619589363896,39.780553376752614,198.36767898758535],[23.896198878473797,95.67619062837572,40.833843070929156,198.48008191410025],[23.896206521920682,95.67618571181265,41.817377018587266,198.65719688784375],[23.896212383321938,95.67618194153083,42.57160310454272,198.94193460195248],[23.89621772572435,95.67617850508928,43.259046097732174,199.32352600369222],[23.896221009070164,95.67617639311324,43.681536369935294,199.5157581714629],[23.896225812333387,95.67617330346705,44.29960467377074,199.7036071104826],[23.896230554304964,95.67617025324604,44.90978616114275,199.89162568348416],[23.8962348024856,95.67616752065061,45.456428231180844,200.1056128220483],[23.89623881378263,95.67616494042795,45.97258888545256,200.34732987350552],[23.896242969300843,95.67616226743661,46.50730744759181,200.51350381101307],[23.896246936923067,95.6761597153073,47.0178481611479,200.57377210925193],[23.89624971243651,95.67615792998883,47.37499219588272,200.6689832461447],[23.896249837896242,95.67615784928824,47.391135945299055,200.66233247182322]]}