{"terrain":{"left":6,"bottom":9,"right":7},"data":[[23.91809093568121,95.68899963364137,0,211.3942587459901],[23.91809648035408,95.68899542194747,0.7490113293657177,211.30579249089544],[23.91811381898443,95.68898225164772,3.0912288958798566,211.47373490637722],[23.918116187764284,95.68898045233946,3.4112194341592543,211.56108175923077],[23.91813515296273,95.6889660465102,5.973164515521231,211.28110666116976],[23.91819574690494,95.68892001978455,14.158596248616947,211.0718353153493],[23.918215284308584,95.68890517931231,16.797838098389818,210.86577894241725],[23.918225183199247,95.68889766018567,18.135045747160014,210.6353823919407],[23.918238350227494,95.68888765860508,19.91373499330129,210.59452594437386],[23.918243116940967,95.68888403784358,20.55765415695683,210.61138471637446],[23.918299613193938,95.68884112369341,28.18954087136802,210.55910093518213],[23.918310391727683,95.68883293639617,29.645576226213958,210.62292344750392],[23.91832790772034,95.68881963137326,32.01175184157019,210.5152105396857],[23.918338303251286,95.68881173500222,33.41604855921266,210.41560542538724],[23.91834278906871,95.68880832760735,34.022022279973314,210.6237624762914],[23.918348352496853,95.68880410166707,34.77356673532003,210.66645167982927],[23.918362008624833,95.68879372856982,36.61832625374867,210.655335009863],[23.91836595540689,95.68879073062236,37.15148350158345,210.62464606911738],[23.918376564884642,95.68878267173885,38.584681427735596,210.50793979484718],[23.918397552565587,95.68876672964633,41.41983508536715,210.42456918323575],[23.918407684674115,95.68875903336907,42.78854673799934,210.32064268659877],[23.91841063281338,95.68875679398354,43.18680071335569,210.36996375487405],[23.918475140678662,95.68870779426989,51.90094525359519,209.9127482809945],[23.918485345999553,95.68870004238104,53.27954665133017,209.85484738775807],[23.918492791303198,95.68869438698158,54.28530687212414,209.80567266639588],[23.91849540051712,95.68869240504132,54.637776517970835,209.8406749573715],[23.91850209577008,95.688687319375,55.54221497320415,209.82629352301473],[23.91855432003053,95.68864765019984,62.597008330549606,210.4247921962704],[23.91857806696572,95.6886296121975,65.80489875769396,210.4785092036554],[23.91864503255292,95.68857874561584,74.85104474044945,210.7274663942639],[23.918653057925955,95.6885726495998,75.93516409890066,210.74039332648698],[23.91866423589217,95.68856415889653,77.4451561225207,210.80279981477122],[23.91867235080867,95.68855799486391,78.54137154123042,210.82115099839677],[23.918678023206258,95.68855368615124,79.30763568956671,210.83865439496776],[23.91870729596571,95.68853145077226,83.26198917340953,210.859609223547],[23.91871348408621,95.68852675032014,84.09792043663036,210.89121099218414],[23.91871529576347,95.68852537418303,84.34265349341008,210.87183890457254],[23.91872651239373,95.68851685411082,85.85786827755359,210.87356082200284],[23.918765210093767,95.6884874596143,91.085402954813,211.0595627896198],[23.918792112792577,95.68846702451647,94.7195925712084,211.00462305143242],[23.91879752978744,95.68846290980586,95.45135505538892,211.00642486920566],[23.91881518158036,95.68844950163006,97.83587263362978,210.89836738371343],[23.918828537444384,95.68843935661116,99.64006847233325,210.83291179713535],[23.918837027726415,95.68843290745357,100.78699023569604,210.84390773359593],[23.918856804388735,95.68841788524215,103.45854855905367,210.95652955067408],[23.918866350522915,95.68841063406683,104.74810151160032,210.91775892314837],[23.91887023748573,95.68840768155763,105.27317733918737,210.936238523439],[23.918894650072,95.6883891379315,108.57098570195936,210.67619950608747],[23.918905900030037,95.68838059254374,110.09070195296316,210.46889993017606],[23.918912623905772,95.68837548513577,110.9990060524738,210.31467650508438],[23.91891484470679,95.68837379823117,111.29900604172073,210.31467650508438],[23.91891558497379,95.68837323592965,111.39900603637905,210.31467650508438],[23.918916325240787,95.68837267362812,111.4990060310394,210.01467650508437],[23.91891706550778,95.6883721113266,111.59900602605548,209.71467650508436],[23.918935572183255,95.68835805378811,114.09900590075878,209.71467650508436],[23.918957780194926,95.68834118474109,117.09900575095614,212.71467650508436],[23.918965182865698,95.68833556172525,118.0990056949617,212.71467650508436],[23.918972585536594,95.68832993870933,119.0990056361127,212.71467650508436]]}