{"terrain":{"left":5,"bottom":9,"right":5},"data":[[23.90098430364454,95.6787333371703,0,204.7445608147652],[23.900986861941952,95.67872391929798,1.0000000675681857,204.7445608147652],[23.9009894202394,95.67871450142553,2.000000131009635,204.7445608147652],[23.900991978536897,95.6787050835529,3.0000001938562137,202.7445608147652],[23.90099453683443,95.67869566568014,4.000000254342261,201.7445608147652],[23.90099709513201,95.67868624780719,5.00000031599861,200.2445608147652],[23.90100221172728,95.6786674120609,7.000000428346068,199.9445608147652],[23.901007328322727,95.67864857631398,9.000000533723233,199.64456081476519],[23.90100860747162,95.67864386737712,9.500000562343313,199.14456081476519],[23.901011165769404,95.67863444950343,10.500000602367145,199.14456081476519],[23.90101220901559,95.67863060899633,10.907789806763123,199.22864307549307],[23.901013492721837,95.67862588328248,11.409571219115746,199.17819371905634],[23.901014795933538,95.6786210857631,11.918977013212594,199.2118266233475],[23.901016171891587,95.67861602044225,12.456818251796989,199.2118266233475],[23.901017705500376,95.67861037476098,13.056282782153005,199.2118266233475],[23.901018982493657,95.67860567375959,13.555440176585092,199.14456081476519],[23.901020867309974,95.67859873517641,14.292186411394757,199.16137726691076],[23.9010224162196,95.6785930331681,14.897631786303798,199.2118266233475],[23.901023936121366,95.67858743794656,15.491738422192354,199.16137726691076],[23.90102538055073,95.67858212056193,16.05634402842008,199.17819371905634],[23.901026782515398,95.67857695950279,16.60435082215113,199.16137726691076],[23.9010281139035,95.6785720582575,17.12477029671805,199.2118266233475],[23.90102945361563,95.67856712636892,17.6484435059944,199.14456081476519],[23.901030579289895,95.67856298241895,18.088452543973702,199.22864307549307],[23.901032220153564,95.67855694189979,18.729841321199817,199.1277443626196],[23.90103330034622,95.67855296538147,19.152072280990925,199.1277443626196],[23.90103356329503,95.67855199738678,19.25485499007266,199.22864307549307],[23.90104563540278,95.67850755627961,23.973658952446584,199.0100291826994],[23.90104994873631,95.67849167758456,25.659675560306077,200.43404492633456],[23.901049988762924,95.6784915302344,25.675321353473453,200.43842029163412],[23.901050041611068,95.67849133568427,25.69597889136398,200.3767172958778],[23.90105009736548,95.67849113043529,25.717772445947205,200.44560765209232],[23.901050157369625,95.67849090954175,25.741227153630373,200.47878589264755],[23.90105053213664,95.67848952991018,25.88771788813569,200.45040209842185],[23.901050972670742,95.67848790816991,26.059915978694875,200.46347860657212],[23.901053431948448,95.6784788548193,27.021210277092838,200.53544050034574],[23.901056250625505,95.67846847841017,28.12298830289745,200.58505073997114],[23.901059084435843,95.67845804629081,29.230681673069984,200.6264922904201],[23.9010618716056,95.67844778586965,30.32014393016658,200.63645346232292],[23.901064725718236,95.67843727901135,31.435773115758998,200.73073015575588],[23.901067308416767,95.67842777131106,32.44531064249089,200.81636790543033],[23.90106950863586,95.67841967163416,33.30534276506289,200.90206766650275],[23.901071727740902,95.6784115024323,34.17275710485673,200.98420070898388],[23.901073932816743,95.67840338487622,35.03468762922017,201.02148790047463],[23.90107627505133,95.67839476239699,35.95023140209124,201.04457050361455],[23.901078702521406,95.67838582613996,36.89909241074435,201.0324273520782],[23.90108097227824,95.67837747047342,37.78630570539802,201.1641014688536],[23.901082901829056,95.67837036720891,38.540537650789396,201.31847846526543],[23.901085065962317,95.67836240037494,39.386464279463745,201.51223505800093],[23.901087065321164,95.6783550401258,40.16798309327192,201.67230810007314],[23.90108916783978,95.67834730011411,40.989825474270475,201.7274781137963],[23.901090817793428,95.67834122613196,41.63476712046632,201.8426554839738],[23.901092991682862,95.67833322338254,42.48450723817036,202.15265753190621],[23.90109553020705,95.67832387830147,43.47677748948989,202.33083192166706],[23.90109649468671,95.67832032775797,43.85377781837442,202.4749124925588],[23.901098194519,95.67831407015734,44.51821622982712,202.6306181139025],[23.901099335719728,95.67830986904973,44.964294112123895,202.8025002564145],[23.90110055471367,95.67830538156159,45.440780165340634,202.99082532641197],[23.901101925388605,95.67830033568947,45.97655599306134,203.14177119632384],[23.901103391618808,95.67829493804932,46.549682902834014,203.32207998023367],[23.90110481978163,95.6782896805468,47.107929849576124,203.49056275538433],[23.90110617000898,95.67828470994849,47.635713012112326,203.61604809221032],[23.90110776440625,95.6782788404863,48.25893844473476,203.72786881771626],[23.901109753670358,95.67827151739897,49.036511256223875,203.86952910710343],[23.90111181887533,95.67826391475018,49.84376817257568,204.06955878166346],[23.901113939540405,95.67825610793582,50.672703583394316,204.27536166078656],[23.90111575196518,95.67824943584797,51.38115258102156,204.38282680639978],[23.90111726116505,95.67824388002336,51.971075620646786,204.45659352103965],[23.90111884723915,95.67823804120131,52.591047603449596,204.51315163918426],[23.901120007266766,95.67823377078618,53.04448456168057,204.57775439099473],[23.901120021394263,95.67823371877856,53.050006782171,204.7222895384579]]}