{"terrain":{"left":6,"bottom":9,"right":7},"data":[[23.9178232623088,95.68789091077487,0,208.02408861592636],[23.91783129517646,95.68789078226041,0.8897928107054501,208.0686080600982],[23.91784217935176,95.68789060812908,2.0954221526217887,208.06693004018416],[23.917854595471933,95.68789040948883,3.4707435166454075,207.9540720428501],[23.917855515621422,95.68789039476773,3.5726675658669844,207.4686064173626],[23.917862469371304,95.68789028351763,4.34292757082803,207.0730402291427],[23.917870976909786,95.68789014740912,5.28529920398116,207.01607419401995],[23.917876712041416,95.68789005565517,5.920574070702034,206.79884852178765],[23.917881511605756,95.68788997886897,6.452217071805622,206.68917466245085],[23.917887637705086,95.68788988086008,7.130799045269176,206.617237654233],[23.91789242448821,95.68788980427837,7.66102628409896,206.19762463919],[23.917899214146832,95.68788969565348,8.413110066434974,205.9516320553962],[23.91790752865751,95.68788956263315,9.334100204683423,206.0559968458441],[23.91791630220707,95.68788942226882,10.305937628612654,206.16014945883927],[23.91792325659674,95.68788931100849,11.076268507743864,206.25491086284921],[23.917933448396155,95.6878891479542,12.205204071099423,206.27040625534943],[23.917940163235986,95.6878890405263,12.94900025191608,206.20635258388785],[23.91794844657667,95.68788890800464,13.866537725588381,206.24294736720526],[23.917954946806372,95.6878888040102,14.586561756868695,206.2863302393559],[23.917959998660603,95.68788872318773,15.146150665972185,206.28931424468203],[23.91796933116258,95.68788857388097,16.17990270523102,206.27774579713417],[23.9179768706173,95.68788845326041,17.015040667582266,206.27850357937854],[23.917983603465885,95.68788834554441,17.76083166531967,206.1967027794239],[23.917992546318683,95.68788820247148,18.75142265065493,206.081003843718],[23.91800320072152,95.68788803201619,19.93160034853363,205.99965546363273],[23.918005575576885,95.68788799402189,20.194660735968707,205.9649110434193],[23.918014048327073,95.68788785846994,21.133178922138647,205.96491570088028],[23.918021477808743,95.6878877396088,21.956135283348416,206.01406962408606],[23.9180298465,95.68788760572164,22.883126966339404,205.9902083747619],[23.918038429913054,95.68788746839924,23.833903172230418,205.86453284038095],[23.918046149272836,95.68788734490046,24.688969049003877,205.8501220631241],[23.91805322103373,95.68788723176235,25.4723010360604,205.78525606989075],[23.918061931710003,95.68788709240391,26.437174066263484,205.74858323174766],[23.918067742705404,95.68788699943626,27.080852302318824,205.7968649909967],[23.918074235316393,95.68788689556371,27.800032426665588,205.78021552014388],[23.91807902673007,95.68788681890791,28.330772601131606,205.62343275070748],[23.91808465922213,95.68788672879604,28.954678200145835,205.5158194782752],[23.918092451432493,95.68788660413176,29.81781366923929,205.39922737612653],[23.918100506522123,95.68788647526179,30.710068016768673,205.37551631882394],[23.918110156910032,95.68788632086931,31.779031985623256,205.271654527265],[23.918118704588004,95.68788618411863,32.725849861210875,205.30179010800583],[23.918124382636208,95.68788609327792,33.35480167204977,205.3459556564908],[23.91812822973288,95.68788603172985,33.78094078467493,205.34479669727102],[23.91813296000883,95.68788595605216,34.3049087958792,205.29585978694786],[23.918134556604144,95.68788593050891,34.481762088384926,205.30142143883944],[23.91813610645824,95.68788590571344,34.65343790131041,205.3091662332705],[23.918137980414354,95.68788587573282,34.86101417671761,205.27975287973902],[23.918140686919344,95.68788583243258,35.160811071131256,205.25499216390102],[23.918144567128007,95.68788577035477,35.59061796676805,205.32163713074817],[23.91814534312009,95.68788575794,35.67657384621172,205.2346068377791],[23.91814885927964,95.68788570168644,36.066055380381776,205.40914381994054],[23.918157192144584,95.68788556837245,36.98907863262737,205.4302356618772],[23.91853220789511,95.68787956865384,78.52920541873617,207.39774861905397],[23.9185364605611,95.68787950061724,79.00026906891608,207.41918042260994],[23.918549031344675,95.68787929950258,80.39272246896667,207.26778592834125],[23.91856468230614,95.68787904910945,82.12636416396096,207.04381685552823],[23.918572346649487,95.68787892649087,82.97533598233558,206.97791191184956],[23.918572379727706,95.68787892596166,82.97900002403935,206.93259984369655],[23.918576156172588,95.68787886554391,83.39731313052852,206.74640517705205],[23.918600447285634,95.68787847692066,86.08801597687993,206.57956410450146],[23.918605747043557,95.68787839213206,86.67506498247053,206.4540204108963],[23.918611163720403,95.68787830547294,87.27506498300076,206.4540204108963],[23.91861387205882,95.68787826214339,87.57506498314264,206.1540204108963],[23.918649983237653,95.68787768441588,91.575064983476,206.1540204108963],[23.918659011032332,95.687877539984,92.5750649836599,207.1540204108963],[23.918668038827008,95.68787739555214,93.57506498388419,208.1540204108963],[23.918677066621672,95.68787725112026,94.57506498450367,209.1540204108963],[23.91868609441632,95.68787710668839,95.57506498445593,210.1540204108963],[23.91869060831364,95.68787703447245,96.07506498528628,210.1540204108963],[23.918699636108283,95.68787689004057,97.07506498512342,210.1540204108963],[23.91870866390291,95.6878767456087,98.0750649860629,210.1540204108963]]}