{"terrain":{"left":6,"bottom":1,"right":6},"data":[[23.884346952519824,95.6747102374981,0,197.45357197719656],[23.884347988191816,95.67470870842223,0.19341160536906438,197.51073336807963],[23.88435126295216,95.67470387353524,0.804972654427863,197.42669751083912],[23.884355511554205,95.67469760085918,1.5983984946657688,197.20824505222393],[23.88435994634333,95.67469105329477,2.4265947273200137,197.07059073486374],[23.884363581117384,95.67468568688014,3.105388247268558,197.06989462640306],[23.884365928877266,95.67468222062536,3.543832053319316,196.96279965670246],[23.88436611802039,95.67468194137265,3.579154504554008,196.64197977691416],[23.884366878428505,95.67468081869896,3.721160603788415,196.41041466989807],[23.884368015314664,95.67467914018954,3.933473920910299,196.19855620078903],[23.88436923571709,95.6746773383759,4.161383887461167,196.00273960743266],[23.884370052502383,95.6746761324664,4.313918414956987,195.7312227540966],[23.88437031486112,95.6746757451175,4.362913868432881,195.52093622436743],[23.884370958030416,95.6746747955363,4.483025633195484,195.3615855798842],[23.884373228801426,95.67467144294861,4.9070917639769975,195.3474144589179],[23.884374908767093,95.67466896263147,5.220825087916208,195.31958293997243],[23.88437803332053,95.67466434951137,5.804334939697159,194.98737258888772],[23.884382339991543,95.67465799110175,6.608605043950017,194.5467566489077],[23.88438662122561,95.67465167024747,7.408124786847251,194.46745846605165],[23.884391031548752,95.67464515880488,8.231751874370799,194.612761180217],[23.884396112616937,95.67463765706796,9.180640462580287,194.37069218119305],[23.88440091194457,95.67463057129547,10.076914029292178,194.07855301895046],[23.884405702373172,95.67462349866159,10.9715256827281,194.0157856804541],[23.88441029087044,95.67461672416104,11.82842667674284,194.03667121775075],[23.884415505021863,95.67460902593879,12.802168442617537,193.9614158282825],[23.88441992645946,95.6746024980867,13.627871035608331,193.9392253568357],[23.88442449978138,95.67459574599117,14.481937975967732,193.9655222882631],[23.884430861381492,95.67458635366489,15.66996547364862,194.0457645215157],[23.88443627044352,95.6745783676748,16.680106653346506,194.27660130168798],[23.88444182167236,95.67457017178828,17.716797428280625,194.14250818716152],[23.88444718084655,95.67456225945305,18.71762201063921,194.10391425699137],[23.884452708316925,95.67455409864377,19.749875841250088,194.15848953711395],[23.884459180984315,95.67454454233669,20.95864496267436,194.0532331339178],[23.884464593814158,95.67453655078376,21.96948964108613,194.0414171058695],[23.884469159351664,95.67452981018121,22.82210265459324,194.2215399773829],[23.884472919552366,95.6745242585855,23.52431920436701,194.24022926166614],[23.884478119103203,95.6745165819197,24.495334012671808,194.2344118580142],[23.884483515624325,95.67450861444512,25.503132947351798,194.3758834764124],[23.884487822413007,95.67450225586177,26.30742460774971,194.6277131611418],[23.88449137606819,95.6744970092118,26.971068771171723,194.9261156190974],[23.884494880716304,95.67449183491634,27.625560867352455,195.1277468876538],[23.884498010010226,95.67448721479734,28.2099556569845,195.3133590381721],[23.884500395140325,95.67448369336881,28.655378049936832,195.53295853362346],[23.88450329693322,95.67447940913445,29.197287072836914,195.59909162754124],[23.884504759325903,95.67447725004413,29.470388498861254,195.6838148965804],[23.88450825211475,95.6744720932578,30.122665836014566,195.8378682880132],[23.884512548628027,95.67446574984515,30.925038471695917,195.92355836227446],[23.88451578406978,95.67446097300851,31.529256286370952,195.9960148241161],[23.884520028574553,95.67445470638171,32.32191631751341,196.19916163992042],[23.884524537097878,95.67444804995543,33.16388171868121,196.26985288703744],[23.884528931362397,95.67444156222192,33.984509302824044,196.28094684294956],[23.88453217290598,95.67443677637647,34.589866585013326,196.36745319465737],[23.884534588096265,95.67443321056679,35.04090263389559,196.4446224766052],[23.884538286185307,95.67442775067332,35.73151962376227,196.4727018743558],[23.884541098119353,95.67442359910743,36.25664743084015,196.53338904532816],[23.88454433291561,95.67441882322379,36.860744615799305,196.61205486223858],[23.88454732385014,95.67441440737989,37.41930069302932,196.5492722067044],[23.88455082755903,95.6744092344711,38.07361720762301,196.45531865279477],[23.884554658086273,95.67440357904462,38.78896693271743,196.3998466918104],[23.884558658221,95.67439767320806,39.53599078593779,196.36190332489056],[23.884562615792603,95.67439183021209,40.27506597473664,196.51843187185926],[23.88456598995743,95.67438684856337,40.905190130012194,196.51963332035197],[23.884568880855692,95.67438258041398,41.445064406709314,196.49598624442476],[23.884571694608198,95.67437842616329,41.970531731482765,196.3777461736829],[23.884574198262083,95.67437472974513,42.43808824002469,196.23242489062886],[23.88457813183935,95.67436892217461,43.17268244040345,196.11471843565022],[23.884583592992445,95.67436085927677,44.19255087297417,195.9704901315973],[23.884590098899206,95.6743512538948,45.407526653688464,195.8272683917272],[23.884592789633366,95.67434728126955,45.91002029308245,195.89810401904785],[23.884596309378217,95.67434208468512,46.567331369796676,195.93822426170195],[23.884599242808548,95.67433775374096,47.11514841594633,195.85179772151997],[23.884601863168378,95.67433388501705,47.60449965040155,195.7820895958876],[23.884604768957793,95.67432959488221,48.14715474885819,195.86106736580194],[23.884608349534215,95.67432430848547,48.8158260624219,195.99268345879597],[23.88461233844582,95.67431841921882,49.560753803857565,196.10446736929012],[23.884617122210177,95.6743113564241,50.454119978468874,196.0937113193182],[23.88462108355402,95.67430550785876,51.19389941794627,195.93261989024086],[23.884623923340996,95.67430131517054,51.72422853507692,195.75369892646964],[23.88462761506657,95.67429586467215,52.413656844415264,195.65819681433234],[23.88463159488153,95.67428998883588,53.15688571950832,195.52180834460955],[23.884640324491414,95.67427710035767,54.78713687602156,195.1134930659914],[23.88464288664389,95.67427331757165,55.26561781245675,194.99620179883436],[23.88464776626393,95.67426611325467,56.176884862046464,194.86152946996333],[23.884652907345703,95.67425852291316,57.13697975810022,194.7868313457075],[23.884657591905487,95.67425160658499,58.01181934240172,194.73019781169774],[23.884661849416098,95.67424532075626,58.8069076525168,194.68224625072918],[23.884664089997358,95.67424201274099,59.225335251141225,194.64429175134995],[23.88466452916934,95.67424136434335,59.30735043186068,194.57160838585406],[23.884665642326578,95.67423972086752,59.515232070714006,194.55156144340776],[23.884668063739355,95.6742361458709,59.96742986979085,194.57372957231556],[23.884671119224038,95.67423163472455,60.53804031795235,194.55568347093615],[23.884675120314732,95.6742257274766,61.28524226772266,194.54496542597605],[23.884679566828574,95.6742191626017,62.1156267805267,194.4744615699628],[23.884684824658244,95.67421139989247,63.097524145693946,194.39258134516123],[23.884689680342408,95.67420423091467,64.00432099094843,194.40210889637993],[23.88469376371391,95.67419820218655,64.76688877720339,194.43263701295587],[23.88469859659201,95.67419106687983,65.66942656064072,194.42757633131893],[23.884703391239015,95.67418398801786,66.5648246837453,194.37461514633463],[23.88470776947837,95.67417752394405,67.3824588527767,194.3478232103379],[23.884712136645636,95.67417107621719,68.19802529621776,194.42130420086042],[23.884715106330418,95.67416669174662,68.75261252867028,194.4784589539695],[23.884718270299064,95.67416202043353,69.34348217292673,194.4879376086789],[23.884721489779984,95.6741572671616,69.9447186975069,194.516564230143],[23.884726266342767,95.67415021499934,70.83673949927048,194.51294875026136],[23.884727010468037,95.6741491163658,70.97570453494097,194.4807013538917],[23.884729401336358,95.6741455864653,