{"terrain":{"left":2,"bottom":9,"right":5},"data":[[23.906316147424782,95.68339468525245,0,208.52726466144773],[23.906316587293976,95.68339442936671,0.05524845701107269,208.6708977158639],[23.90632058003204,95.68339210666548,0.5567444044986655,208.4319248777213],[23.906332967453437,95.68338490051308,2.11262947599983,208.66222267353672],[23.906342472384143,95.68337937119612,3.306467889651023,208.59446245158264],[23.90635142728697,95.68337416184767,4.431221680474976,208.567114956001],[23.906366117164943,95.68336561628391,6.276299839924341,208.79967888565918],[23.90637087964777,95.68336284579796,6.874477230912132,208.818039514819],[23.906371272694102,95.68336261715055,6.92384463891605,208.81497477651018],[23.906371448987734,95.683362514595,6.945987472785669,208.77285182339673],[23.90638860894537,95.68335253210826,9.101312520658542,208.78920243820946],[23.906401292552626,95.68334515365524,10.694398957513853,207.67408032215766],[23.906407929788077,95.68334129256675,11.52804899018855,207.30620727162088],[23.906410543051148,95.68333977234948,11.85628005029845,207.17174921137203],[23.906425147356558,95.68333127656597,13.690609948515801,207.62690750059053],[23.906439137610544,95.68332313799547,15.447813722673455,206.09916669466062],[23.90644412766798,95.68332023512221,16.07457486838055,206.17565673569564],[23.906449850452837,95.68331690599837,16.79336803153676,206.26410947060882],[23.906457370551625,95.68331253132054,17.73790738833855,206.26564625645184],[23.906462666099294,95.683309450734,18.403038696195242,206.16773776051585],[23.906468186451654,95.68330623937152,19.096405914119856,206.17075772585477],[23.90647394482269,95.68330288954608,19.819668743114434,206.20485071137054],[23.906478517773774,95.6833002293167,20.39404046955494,206.21107812811655],[23.906482865415594,95.68329770015679,20.9401129018699,205.98901846218806],[23.906487759715738,95.68329485298855,21.55484669761741,205.88784192816323],[23.906492567079926,95.6832920563937,22.158661161622998,205.78384817171295],[23.90650043428838,95.68328747979125,23.146798115417308,205.59280065896863],[23.906503139347368,95.68328590617341,23.48655887438467,205.95003183662593],[23.906506640820137,95.68328386925664,23.926350778819153,206.23387702272598],[23.90651040512607,95.68328167944155,24.39915504659604,206.2557251454417],[23.906513862129323,95.6832796683941,24.83336148560395,206.25930735486614],[23.90651727550544,95.68327768272592,25.262088269442692,206.29212008353042],[23.906524096116613,95.68327371496201,26.11877049953655,206.31439993230416],[23.906531941946888,95.68326915079592,27.10422226048352,206.2935736112989],[23.906539188838607,95.68326493505123,28.01444614681905,206.28075052972216],[23.906544908708188,95.6832616076233,28.73287303578404,206.1777827506426],[23.906563552016586,95.68325076222479,31.074509253561082,206.34345176440107],[23.906567380331772,95.6832485351735,31.5553531649508,206.3973606406544],[23.90657205982865,95.6832458129631,32.14310716450491,206.47946603965178],[23.90657590302192,95.68324357725676,32.62581978681499,206.23354234073057],[23.90657913415279,95.68324169760638,33.03165616545799,205.91099777672983],[23.906585560483574,95.68323795920776,33.838815920163476,205.8670482965288],[23.906591642571406,95.68323442106609,34.60273807758008,205.88301523358078],[23.906602566831385,95.68322806608067,35.974846531186046,205.93559512589817],[23.906609067205988,95.68322428460844,36.79130630331762,205.74335857294025],[23.9066155902166,95.68322048996814,37.61060919505737,205.73216304786885],[23.9066227702408,95.68321631312237,38.51243426838604,205.69208946203216],[23.906631905650404,95.68321099876745,39.659859554422624,205.59641821333028],[23.906642657948453,95.6832047438177,41.01036916543097,205.57402423948164],[23.906651616087387,95.68319953258671,42.13552887288123,205.67330112947835],[23.906660461171388,95.68319438712332,43.24648864476108,205.66450484272795],[23.906671221500847,95.68318812750144,44.59800695537476,205.87884998623062],[23.906679124605294,95.68318353001717,45.590652230553516,205.9800836408543],[23.906686435738678,95.68317927690107,46.50894477899728,205.98216082585307],[23.906695491550924,95.68317400885044,47.64637236486774,206.08542479009006],[23.906703580953682,95.68316930299058,48.662417031391996,206.01825855706258],[23.906711403572075,95.68316475232757,49.64495305133089,205.90689444078336],[23.906719811270083,95.68315986130537,50.70097618988447,205.8915384059778],[23.90672811258899,95.68315503216724,51.74363789230246,205.89484139112315],[23.90673499442219,95.68315102878854,52.60800943716573,205.84979019915826],[23.906745635747342,95.68314483839521,53.94458041434189,205.90310442820171],[23.906757424194367,95.68313798068503,55.42523208589317,205.90660509205978],[23.90677048781598,95.68313038116571,57.06604811048383,206.01121757657157],[23.906786682457923,95.68312096023345,59.10012626896827,206.28843686769468],[23.906793267093615,95.6831171297439,59.92716915289334,206.20334511352164],[23.906800032987345,95.68311319381085,60.77697838725671,206.02812081655364],[23.90680545258898,95.68311004105823,61.45769074400681,205.77128147994674],[23.90680972517671,95.68310755555964,61.99433595039105,205.56739348268454],[23.906820249562102,95.68310143319385,63.31621890847241,205.32970376821422],[23.906829352826215,95.68309613753897,64.45960629541095,205.36994256609026],[23.906838522615754,95.68309080318417,65.61134938539784,205.36890389694017],[23.906847304358337,95.68308569456848,66.71435302076323,205.35503489033195],[23.906855094715155,95.68308116267303,67.69283669789381,205.20438402800485],[23.90686060347211,95.68307795805596,68.38474707223449,204.95901444507754],[23.906869793276268,95.68307261205803,69.53900397791365,204.9704420192023],[23.90687972059126,95.68306683702684,70.78589363150633,205.02364892694916],[23.906884556466682,95.68306402384611,71.39328877893534,204.99847893492463],[23.906891505238022,95.6830599815274,72.26606766307793,205.01040533534925],[23.90689847407744,95.68305592753447,73.14136712492085,204.97134057951652],[23.90690721934342,95.68305084013835,74.23978912421026,204.9326192047234],[23.906912852183016,95.6830475633385,74.94728445431664,204.93375268660625],[23.9069195816159,95.68304364861588,75.79251397305349,204.85087297053386],[23.906924897334036,95.68304055629555,76.46017823463475,204.80574149130595],[23.90692920004,95.68303805327625,77.00060624512103,204.8179454392085],[23.90694452090791,95.6830291406458,78.92493621594788,204.91005528198238],[23.90695193610698,95.68302482699141,79.85629921919835,205.07781267643318],[23.906961144021956,95.68301947045785,81.0128307083282,205.1672852926852],[23.90696630265857,95.68301646951679,81.66076518965885,205.130564783351],[23.906970963155928,95.68301375835898,82.24613243740077,204.95678077827736],[23.90697804479274,95.68300963874825,83.13559935369706,204.91100548236253],[23.90699032592554,95.68300249442727,84.67813273026142,204.73907889069451],[23.906998950113618,95.68299747746599,85.76134695384901,204.66986816608468],[23.90700713581579,95.68299271558573,86.78948651026822,204.45602950331326],[23.907015927420627,95.68298760123285,87.89372856339257,204.1486005221794],[23.90702171228993,95.68298423599255,88.62031898617141,204.1417334768095],[23.90702887885636,95.68298006697559,89.5204531483143,204.1662517689842],[23.907036637783303,95.6829755533639,90.49498888863482,204.2770570786017],[23.907043126259328,95.68297177881344,91.30995360715809,204.43475483219854],[23.907050195989562,95.68296766612914,92.19792493009109,204.39343110649165],[23.907058123894107,95.68296305421788,93.19368453896486,204.32838283723098],[23.90706661317032,95.68295811573907,94.25995346275418,204.23229709896],[23.907073876394183,95.68295389049344,95.17222791400326,204.17157920813648],[23.90708055843531,95.68295000334008,96.01150472028411,204.04196957469279],[23.90708367422058,95.68294819078984,96.40285314909379,203.98879888543698],[23.907090812301252,95.68294403834395,97.2994093566326,203.8897409654891],[23.907118698901897,95.6829278158318,100.80201816373716,