{"terrain":{"left":1,"bottom":1,"right":1},"data":[[23.905853819760022,95.68139433810042,0,203.6374881017578],[23.905855840192352,95.6813921428603,0.31629493404610637,203.64474204401],[23.905859544230687,95.6813881183486,0.8961552609475576,203.7364475733421],[23.905862371653534,95.68138504629714,1.3387830543354398,203.65317822900715],[23.905864783046894,95.68138242627003,1.7162822014265662,203.6347631249517],[23.905868952078965,95.68137789653335,2.36893641064871,203.3689366375517],[23.905872440357737,95.68137410644871,2.915019951125088,203.20157968044708],[23.90587600593806,95.6813702323744,3.4732048982006374,203.05568123084788],[23.905879769489076,95.68136614320099,4.0623817794720125,202.82408892101313],[23.905885580429644,95.68135982949786,4.972073654778991,202.60868828668276],[23.905893227930108,95.68135152033572,6.1692755138382775,202.3044958498038],[23.9058991572468,95.68134507801459,7.09749890338635,202.19415098468318],[23.90590500875267,95.68133872023647,8.013541131431316,202.17272759691235],[23.90591059663558,95.68133264888996,8.888313664526132,202.0571211887904],[23.905916301196786,95.68132645077016,9.781351945943198,202.0170615931139],[23.905922422169255,95.6813198002112,10.739578600643766,201.92434629105918],[23.905929328436272,95.681312296414,11.820741605058846,201.76380384189838],[23.905935819597815,95.6813052436372,12.836920610349484,201.5908387654327],[23.905943077908095,95.68129735733797,13.973195261131284,201.3704484633554],[23.90595083807262,95.68128892576405,15.188034205262493,201.21021394607982],[23.905958554135882,95.68128054210706,16.395969143546896,201.15783357731812],[23.905965973606808,95.68127248070356,17.557473086814028,201.0266256952562],[23.905974251956952,95.68126348611061,18.85343288833277,200.94953879952703],[23.90598165868798,95.68125543854926,20.012942357557126,200.948443782122],[23.905993104666827,95.6812430022644,21.804788223554166,201.15178008885698],[23.90599475536418,95.68124120874872,22.06320169659563,201.139200460043],[23.906000461409487,95.6812350090164,22.956472027085532,201.09731893462134],[23.90600572074681,95.68122929464126,23.779811071385836,201.11940761098776],[23.906014433006593,95.68121982859682,25.143698383131177,200.93352295845034],[23.906017662834508,95.68121631932421,25.649321647118526,200.85160978219704],[23.90602318611595,95.6812103181685,26.513980574160705,200.84174878533554],[23.90603004972743,95.68120286071739,27.588465526825132,200.79196623620442],[23.906033588458964,95.68119901581483,28.14244701613129,200.8009456327046],[23.906037684456976,95.6811945654311,28.78366747040907,200.7834889190853],[23.906041795510923,95.68119009868879,29.427244893702966,200.64881215058801],[23.9060523670985,95.68117861244752,31.082206123059553,198.86483572379336],[23.90605251427665,95.68117845253553,31.1052465715264,198.86483572379336],[23.906052834208424,95.68117810492325,31.155331261334503,198.8312028195022],[23.90605421308148,95.68117660675011,31.3711911174829,198.88165218338952],[23.906056549462708,95.6811740682252,31.736946989525208,198.86483572379336],[23.906061960966888,95.68116818851772,32.58410727996368,198.93210153237567],[23.90606333172266,95.68116669916415,32.798696386567514,198.93210153237567],[23.906066830205,95.68116289799315,33.34637687463773,198.9152850802301],[23.906069888043636,95.68115957559033,33.82507545744074,198.86483572379336],[23.906075623424748,95.68115334398408,34.72293799545456,198.99936734095797],[23.906077440651757,95.68115136953061,35.007421275353806,198.84801925674662],[23.90607948871469,95.68114914426928,35.32804145810382,198.79756991521106],[23.906084054472593,95.68114418348203,36.04280177920266,198.71348766938434],[23.906085859605334,95.68114222216923,36.32539171658734,198.86483572379336],[23.906086641742405,95.68114137236165,36.447833718317156,198.88165218338952],[23.90608683742008,95.68114115975395,36.47846666810836,198.88165218338952],[23.90608699493145,95.6811409886147,36.50312475942956,198.89846862808452],[23.906088562030614,95.68113928593013,36.748451010416076,198.86483572379336],[23.906089410236472,95.6811383643375,36.88123594832137,198.86483572379336],[23.906091555186286,95.68113603380664,37.21702356531985,198.94891798452124],[23.90609486228832,95.68113244057416,37.73474379078129,198.67985476509318],[23.90610377892259,95.68112275247276,39.13062506014167,200.22581051245913],[23.906116554556913,95.68110887149064,41.13062499542265,200.72581051245913],[23.906122942374267,95.68110193099936,42.13062495641866,201.72581051245913],[23.906129330191785,95.68109499050792,43.13062491804546,202.72581051245913],[23.906135718009438,95.68108805001633,44.130624876772686,202.72581051245913],[23.906142105827247,95.68108110952456,45.13062483754289,202.6258105124591],[23.9061484936452,95.68107416903264,46.130624795766465,202.5258105124591]]}