{"terrain":{"left":4,"bottom":1,"right":8},"data":[[23.882407262342003,95.67223044976944,0,197.08777530473918],[23.882413320876946,95.67222632858113,0.7914760907859258,197.0396869357862],[23.88241660242038,95.67222409638165,1.2201710096049736,197.0555259555984],[23.882418897492816,95.67222253520791,1.5199951329917047,197.0382070032933],[23.882422763286055,95.67221990558505,2.0250153870899843,196.96252549746026],[23.882426182942627,95.67221757943707,2.471753148878873,196.8782463914814],[23.882431222933054,95.6722141510918,3.1301683947304326,196.80892465842365],[23.88243715861298,95.67221011347297,3.9055948880220144,196.7503900498915],[23.882437833727348,95.6722096542409,3.993790608850793,196.7121249463712],[23.88244116581831,95.67220738765756,4.429088943499971,196.5882523032716],[23.88244630875832,95.67220388928304,5.10095331485504,196.3141736323048],[23.88245284481001,95.6721994432742,5.954811265226759,196.08233028878152],[23.882461637998347,95.67219346189663,7.103537436582313,195.8160287144899],[23.882469548673697,95.67218808082956,8.136973696381823,195.6793817738323],[23.882474340872907,95.67218482103893,8.763017888613755,195.47244963133014],[23.88248369389166,95.67217845884872,9.984879236418303,195.18909433038698],[23.882493746646762,95.67217162067789,11.298152840729925,194.94740465052854],[23.882502243157777,95.67216584110868,12.408121533684508,194.8238830354829],[23.882510839012063,95.67215999396335,13.531068229029437,194.73967319324473],[23.88251936282004,95.67215419582597,14.644602906447034,194.71427402757604],[23.882528234610188,95.67214816098118,15.803597319118452,194.71009585811558],[23.88253657997084,95.67214248422877,16.893819924629078,194.7116467128711],[23.882543960203204,95.67213746398416,17.857959926288853,194.74297075633197],[23.88255162662539,95.67213224906506,18.85948722656134,194.66822808630215],[23.882558188558637,95.67212778545084,19.716726108945824,194.58804157740914],[23.882564559409154,95.67212345181656,20.549002283759712,194.6188800580699],[23.88257009476857,95.67211968650716,21.272131431222142,194.78897682562803],[23.882577666248796,95.67211453617028,22.261255634554562,194.66144182782236],[23.882584624925038,95.67210980268017,23.17032424222021,194.51675680470493],[23.882589615144806,95.6721064081903,23.822237325101437,194.45344782727466],[23.882594678212776,95.67210296414702,24.483667155643133,194.33571967791633],[23.88259846423479,95.67210038878683,24.97826605999421,194.36399672183734],[23.882602539115876,95.67209761693645,25.510600974988503,194.33542799099288],[23.88260639494615,95.67209499409068,26.01431949489315,194.31148043880933],[23.88261137894833,95.67209160383021,26.665420293712966,194.33241053435654],[23.882615286526512,95.67208894578404,27.17589905444013,194.31418082204],[23.88262005443496,95.67208570251668,27.798769757724667,194.26725446735824],[23.88262653378172,95.67208129508015,28.645219574235888,194.29018914465217],[23.88263134651526,95.67207802132148,29.273946130573606,194.2904991794403],[23.882636626179796,95.67207442994304,29.963671674783416,194.35108518550769],[23.88263991697465,95.6720721914505,30.393574983622337,194.39206481678826],[23.882644274320487,95.67206922745953,30.962810521695125,194.31775022082587],[23.88265077922685,95.67206480263664,31.812599353541966,194.28820901895364],[23.882658059256052,95.67205985055307,32.763648774854026,194.40078310652333],[23.882665018238068,95.67205511685495,33.67275717710911,194.34821139992093],[23.88267087126779,95.67205113545714,34.43738602965359,194.3734626120147],[23.88267880197403,95.67204574076449,35.473438639518704,194.38198748553106],[23.882685170505624,95.6720414087076,36.3054116670003,194.27796596408007],[23.88269297372178,95.67203610073734,37.32480918133203,194.2304702331877],[23.882701085162704,95.6720305831038,38.38447258265903,194.31552610023846],[23.88270528101763,95.67202772896357,38.932611179989,194.42311502145],[23.882705718619974,95.67202743129397,38.9897787267701,194.43394089688198],[23.88270884646392,95.67202530364527,39.39839437489588,194.42090183860935],[23.882709293268753,95.67202499971589,39.45676411763452,194.41081272762918],[23.88271400442887,95.67202179505036,40.072221204994875,194.3848091346337],[23.88272154779108,95.67201666384017,41.05767182880656,194.29505655195828],[23.882729146177088,95.67201149520122,42.05031064226481,194.20656039580254],[23.882736539850715,95.67200646581347,43.01620620118051,194.1857483309118],[23.88274368687019,95.67200160420691,43.949879314219395,194.2153791463579],[23.882749487172354,95.67199765867588,44.7076198143451,194.36552468047492],[23.882755096194902,95.67199384325872,45.44037189719446,194.77699462132873],[23.882760434635728,95.67199021189896,46.13777568889377,195.07378194814137],[23.88276344248825,95.67198816587185,46.530715839079,195.38216079614574],[23.88276469845167,95.6719873115297,46.69479251683577,195.41426162050809],[23.882765569937014,95.6719867187205,46.80864170933854,195.39404448978246],[23.882773224671514,95.67198151175171,47.808641691930525,195.69404448978247],[23.882780879406145,95.67197630478282,48.8086416776823,195.69404448978247],[23.882788534140897,95.67197109781384,49.80864166164636,195.69404448978247]]}