{"terrain":{"left":4,"bottom":1,"right":6},"data":[[23.886825455449447,95.675756007003,0,204.38823868168058],[23.886830780086893,95.67574807701769,0.5,204.38823868168058],[23.88683344240556,95.67574411202486,1,204.38823868168058],[23.88683876703174,95.67573618202948,2.0000000523984127,196.38823868168058],[23.886840203569008,95.67573404258653,2.2697912586847337,196.371422229535],[23.88684349246782,95.67572914441124,2.8874682154891715,196.33778932524385],[23.886846979253114,95.67572395152251,3.5423095502616206,196.371422229535],[23.88685022911573,95.67571911148403,4.152655231266451,196.32097288054885],[23.88685346173069,95.6757142971326,4.7597616772074645,196.35460577738942],[23.886856623643347,95.67570958807849,5.353589754864863,196.38823868168058],[23.886859902240612,95.67570470524535,5.969331960841963,196.371422229535],[23.886863284409806,95.67569966816194,6.604525651066233,196.25370706451596],[23.886866600850826,95.6756947289679,7.227375143105981,196.28733995390596],[23.88686977332392,95.67569000418607,7.823186501785884,196.22007414532365],[23.88687287768564,95.67568538084288,8.406206088091203,196.371422229535],[23.88687591894064,95.6756808514849,8.977373804467021,196.371422229535],[23.886879038981085,95.6756762047913,9.563337939056701,196.371422229535],[23.886882273466956,95.67567138765351,10.170795668660304,196.42187158597173],[23.88688560695076,95.67566642307753,10.796845850200707,196.38823868168058],[23.886889074983078,95.67566125811771,11.448165116717469,196.27052351666154],[23.886892527522246,95.67565611623192,12.096574656538664,196.2032577229804],[23.886896065186427,95.67565084756899,12.760971220723931,196.22007414532365],[23.886899659249334,95.67564549491111,13.435959825326883,196.40505513382615],[23.886903145819907,95.67564030234216,14.090760653548404,196.42187158597173],[23.886906705974628,95.67563500018393,14.759381054669337,196.33778932524385],[23.886910179749684,95.67562982667141,15.411778777678595,196.35460577738942],[23.886913734680938,95.67562453229252,16.079418153719832,196.38823868168058],[23.886917292180986,95.67561923408792,16.747539953975725,196.35460577738942],[23.886920871635592,95.67561390318626,17.419784953118885,196.42187158597173],[23.88692445087412,95.67560857260642,18.09198935842519,196.38823868168058],[23.886927966554463,95.67560333668412,18.752257111019958,196.27052351666154],[23.88693141334103,95.67559820336571,19.399586150028462,196.2368906123704],[23.88693477157521,95.67559320192888,20.030284460526797,196.32097288054885],[23.886937945157424,95.67558847549523,20.62630391752074,196.38823868168058],[23.88694108393281,95.67558380089957,21.21578641632029,196.35460577738942],[23.88694419919154,95.67557916132742,21.80085232301481,196.371422229535],[23.886947246867894,95.67557462240609,22.37322580892553,196.371422229535],[23.88695039241076,95.6755699377316,22.963979257434588,196.38823868168058],[23.886953546827392,95.67556523984136,23.556399245519927,196.40505513382615],[23.88695662723195,95.67556065217772,24.134919275489935,196.3041564209527],[23.886959659349916,95.67555613642756,24.704370763091166,196.18644127083482],[23.88696273326119,95.6755515584344,25.281671294415847,196.22007414532365],[23.886965898752063,95.67554684405124,25.876171060975768,196.40505513382615],[23.886969076211734,95.67554211184287,26.472918638332942,196.32097288054885],[23.886972044389427,95.67553769131933,27.03036168974556,196.42187158597173],[23.886974952595647,95.67553336011163,27.576541700797303,196.42187158597173],[23.886977230769094,95.67552996721524,28.004397462283457,196.371422229535],[23.886978895154805,95.67552748843634,28.316979897810082,196.4386880381173],[23.886979367341546,95.675526785206,28.405659632294874,196.4386880381173],[23.886979937457234,95.67552593612953,28.51273105671785,196.3041564209527],[23.886980044460785,95.67552577676855,28.53282701815174,196.28733995390596],[23.886980819376486,95.67552462268229,28.678361213140654,196.3041564209527],[23.886982203043765,95.67552256197891,28.938222903034102,196.371422229535],[23.886983697657005,95.6755203360431,29.218920960229248,196.35460577738942],[23.886985357784237,95.67551786360639,29.53070361584871,196.18644127083482],[23.88698639607915,95.675516317268,29.72570212927486,196.1191754622525],[23.88698721101623,95.67551510357767,29.878752596226214,196.15280836654367],[23.88698919279603,95.67551215210199,30.250943683372522,196.16962480378808],[23.886989530827304,95.67551164867012,30.314428147380678,196.25370706451596],[23.886991236247283,95.67550910877867,30.63471706565591,196.35460577738942],[23.88699229332338,95.67550753446936,30.83324280192707,196.27052351666154],[23.88699296635145,95.67550653212491,30.959641832008067,196.32097288054885],[23.88699328307736,95.67550606042326,31.019125008626546,196.35460577738942],[23.886994033813473,95.67550494234779,31.16011811108643,196.33778932524385],[23.886994346042794,95.67550447734291,31.21875679915881,196.32097288054885],[23.88699439861397,95.67550439904838,31.22863000590755,196.32097288054885],[23.886994520859975,95.67550421698672,31.25158859712618,196.371422229535],[23.88699470864324,95.67550393732006,31.286855510045985,196.38823868168058],[23.88699505967461,95.67550341452709,31.352781473838952,196.371422229535],[23.88699532125113,95.67550302495971,31.401907238741646,196.35460577738942],[23.886995821925645,95.67550227930238,31.49593715232428,196.33778932524385],[23.886996040702794,95.67550195347636,31.537024916643183,196.33778932524385],[23.88699628895905,95.67550158374692,31.58364904925031,196.3041564209527],[23.886996601181682,95.67550111875204,31.642286478651744,196.28733995390596],[23.886996865636434,95.67550072489809,31.69195279303015,196.22007414532365],[23.88699767835892,95.67549951450599,31.844587333863124,196.2032577229804],[23.886997695745112,95.67549948861262,31.847852574701765,196.2032577229804],[23.88699944691109,95.6754968805914,32.176732874217215,197.3933441189219],[23.887001801892126,95.67549337330504,32.619013544405135,197.50685547592204],[23.88700406021395,95.67549000997377,33.04314098689857,197.55921237115112],[23.887006299061238,95.67548667564606,33.463610977040645,197.76101920288025],[23.887007007940323,95.6754856199085,33.59674305043891,197.824517640574],[23.887012915332523,95.67547682199643,34.706189462289835,198.1491475986863],[23.887016131884998,95.67547203156694,35.310278779612055,198.35799431668778],[23.887019272835698,95.67546735373159,35.9001695864093,198.4506886983555],[23.887023292183162,95.67546136769505,36.655028959805755,198.59741887228353],[23.887027681613013,95.67545483049277,37.47939217382713,198.69633952633134],[23.887031896306098,95.6754485535269,38.27093868137173,198.8260942205819],[23.887035767142446,95.6754427886688,38.99790666357366,199.0400819822834],[23.88704032625205,95.67543599876151,39.85413677594484,199.1262308963631],[23.887044260150656,95.67543013998443,40.59294822557211,199.09600679725636],[23.88704841966493,95.67542394519668,41.37413173152112,199.14322969543025],[23.887051870650353,95.6754188056249,42.02224895468885,199.20675618266336],[23.887052823437063,95.67541738663436,42.20118841491492,199.29762184332353],[23.8870530580679,95.67541703719735,42.245253592492766,199.30493393642573]]}