{"terrain":{"left":8,"bottom":6,"right":8},"data":[[23.907470037716642,95.6861660049819,0,204.40081494427335],[23.907471774270864,95.68616394139234,0.28485939510738967,204.3541938588774],[23.90747213555302,95.68616351207197,0.34412308881432363,204.34562818507044],[23.907472353551064,95.6861632530196,0.3798828652040499,204.30990869560077],[23.907473092707594,95.68616237466195,0.5011319901965603,204.155715103562],[23.907476000708357,95.686158919014,0.9781521226520892,203.938981689665],[23.90747886900952,95.68615551054206,1.4486600412711685,203.72428365213648],[23.907483384559143,95.68615014460477,2.189377874360688,203.50149233353517],[23.907486656577586,95.68614625638578,2.7261104040987907,203.31357993652426],[23.907489616486927,95.68614273905361,3.211645443988134,203.14146679955775],[23.90749481112006,95.68613656614488,4.063758153298233,202.9260980189464],[23.90749672075343,95.68613429688116,4.37700892525379,202.83787630481885],[23.907499606224242,95.68613086800612,4.850333263254754,202.79344993533294],[23.90750235635493,95.68612759995902,5.301456789943976,202.82189753471232],[23.90750517898903,95.68612424575436,5.7644735648263765,202.78941238564062],[23.90750894657619,95.68611976863903,6.382497709016132,202.7081044385734],[23.90751142764974,95.68611682031906,6.78948586281275,202.73871799063159],[23.9075155661493,95.6861119024395,7.468353393327537,202.8220575903722],[23.907520598940692,95.68610592185125,8.293917958569866,202.99445252984452],[23.907525647913022,95.6860999220348,9.122136781713623,203.28862736568726],[23.907528924465577,95.68609602842781,9.659612981263292,203.61142667708538],[23.907533213731455,95.68609093138899,10.36321173052397,203.90181936930037],[23.907535050766924,95.68608874839512,10.664553704460815,204.14411136649545],[23.907541611801424,95.68608095175846,11.740806766844786,204.5788264234444],[23.90754302950299,95.68607926706925,11.973362414551898,204.64459124013604],[23.90754553392099,95.6860762910085,12.384179866523574,204.65660403913233],[23.90754866506001,95.68607257019995,12.897802805659483,204.75154644779906],[23.907549391408903,95.68607170706193,13.016950966095582,204.71560299623695],[23.90755101242273,95.68606978077182,13.282857359112674,204.63604182220718],[23.907555629049025,95.68606429472266,14.04015529366578,204.5886305893397],[23.90756076699623,95.6860581891752,14.882969176137413,204.58118494975054],[23.90756728814125,95.68605043994017,15.952678770035156,204.58886876662763],[23.907572493079616,95.68604425478549,16.80648164676366,204.59389786994456],[23.907585717661593,95.68602853969351,18.97580333552814,204.67816415921146],[23.90758683629591,95.68602721039318,19.159300827463614,204.70250636758539],[23.907593267915537,95.68601956754335,20.214324823840364,204.72168131399872],[23.907598128333337,95.68601379179083,21.01161346808983,204.788001581471],[23.907608076643523,95.68600196997218,22.643504970963633,204.99664191526819],[23.90761006461257,95.68599960762029,22.96960554895686,204.9410182501955],[23.907612663436886,95.68599651937423,23.395909020977275,204.90664753420282],[23.90761624348479,95.68599226511634,23.98316950599528,204.81495925683356],[23.90762042363419,95.68598729774328,24.66886885837022,204.702428330217],[23.9076324382303,95.68597302050689,26.639707627022993,204.15701433805003],[23.90763801065149,95.68596639866344,27.55379106466216,204.17570038152178],[23.90765252648126,95.68594914915033,29.934924610886526,204.18670827070827],[23.90766035408073,95.68593984742377,31.218940689076167,204.12463844174],[23.90766566149296,95.6859335404969,32.089552743270495,204.14135236145654],[23.907671758737937,95.68592629499258,33.08972658199795,204.15298811896503],[23.907678172640214,95.68591867319672,34.14184390650977,204.14603760076187],[23.907684724653283,95.68591088728044,35.21661648525632,204.18934385738606],[23.907690790614122,95.68590367895185,36.21165848613162,204.2151156442784],[23.907698366889505,95.68589467587978,37.45444791656016,204.2599682382836],[23.90770466730578,95.68588718894209,38.487949224955045,204.2280352373349],[23.907711079066164,95.68587956969148,39.53971505873555,204.1699916932106],[23.907718198609537,95.68587110936517,40.70758344595156,204.1777221498415],[23.907724307246593,95.68586385032337,41.70962578701988,204.12070743670864],[23.907729967718108,95.68585712384758,42.638152386717564,204.0035916904419],[23.90774021436383,95.6858449475096,44.318981053830015,204.0369287195782],[23.907746013193524,95.68583805661942,45.270203447073946,204.0438317815901],[23.907753785972243,95.68582882003767,46.54522640192319,203.9959831417591],[23.907757548939934,95.68582434841176,47.16249215020554,203.9989724433691],[23.90776763305245,95.68581236521591,48.81665917781896,204.1374281101202],[23.907777126203904,95.68580108427346,50.37388669174049,204.19372955509186],[23.907781666726866,95.68579568865974,51.11870016328412,204.21686474557384],[23.90778672240305,95.68578968087692,51.94801777404495,204.20568156612825],[23.907793193331894,95.685781991315,53.00948906390266,204.23212424027497],[23.907800346610067,95.6857734909008,54.18289080810234,204.1968558392445],[23.907803364532693,95.68576990463004,54.67794154096895,204.19455447309298],[23.907807901117106,95.6857645136966,55.42210886313971,204.17396634883113],[23.907812984924703,95.68575847248454,56.25604097407727,204.1291735196662],[23.907818072382497,95.68575242693487,57.09057183435847,204.13943242281192],[23.907828942687907,95.68573950948692,58.87370309398519,204.06922174322278],[23.907838310446007,95.68572837755244,60.410361078676296,204.11729680108317],[23.907841904735577,95.68572410637083,60.99995717741769,204.08682898561193],[23.90784972883859,95.68571480879918,62.283398704795296,204.05540025183188],[23.90785189511035,95.68571223456583,62.638747181075345,204.0766712429318],[23.907859448777394,95.68570325835981,63.87782718138237,203.95368583100577],[23.907870476396997,95.68569015397158,65.68676346630181,203.9662348807048],[23.90787164783161,95.68568876192737,65.87892193741698,203.94008765566923],[23.90788143745453,95.68567712868067,67.48478103389209,203.96165884934896],[23.90788530064216,95.68567253796097,68.11848622150613,203.9781039699817],[23.907890815813907,95.68566598414843,69.02317768541666,203.92017974340257],[23.907896463397137,95.68565927298809,69.94958949448993,203.93045378548425],[23.90790330683632,95.68565114076308,71.07216572630037,203.94427045187922],[23.907916217743953,95.68563579841795,73.19003030627734,203.93990644558528],[23.9079229403957,95.68562780972759,74.29279285728337,203.90005621957658],[23.90793103490238,95.68561819082869,75.62059011646275,203.85564945224752],[23.90793577977551,95.6856125523807,76.39892406833486,203.82962569796956],[23.907940656750007,95.68560675695345,77.19892749330945,203.83735359064684],[23.90795599180203,95.68558853393864,79.71444067623993,203.78985513006228],[23.907961518232113,95.68558196674755,80.62097865767171,203.80658522813025],[23.90796821033866,95.68557401435478,81.7187304666296,203.75148946297617],[23.907985995289447,95.68555288006579,84.63611690585182,203.7043160412117],[23.907993162439947,95.68554436316676,85.81179328971909,203.68840575411537],[23.908000321155715,95.68553585629093,86.98608603069314,203.63553300138688],[23.908006054375477,95.68552904336661,87.92654496223373,203.65716970280135],[23.908013303891472,95.68552042859068,89.11573221695397,203.70436024175746],[23.90801812097413,95.68551470433435,89.9059109216367,203.72931766639226],[23.908023204720763,95.68550866319475,90.73983230811426,203.7002201620852],[23.90803190521641,95.68549832418444,92.16703348860976,203.67304045517983],[23.908039040209427,95.68548984549892,93.33743463951706,203.62584977686555],[23.908048382370637,95.68547874398185,94.86989246090873,203.61263743188715],[23.908058332490484,95.68546692001274,96.50207778136657,203.6308868683057],[23.90806390208619,95.68546030152689,97.41569612818806,203.56905689384973],[23.908072194258597,95.685450447737,98.77591705623456,203.56216721813416],[23.908077606398205,95.68544401636005,