{"terrain":{"left":2,"bottom":6,"right":8},"data":[[23.90625602946979,95.68478114616227,0,206.78471695647607],[23.9062570934267,95.68478021175059,0.1514572659877787,206.77173192711854],[23.906263703396522,95.68477440659724,1.0924051020943237,206.8612879466404],[23.906271494851936,95.6847675638136,2.2015407182520534,206.86160096740878],[23.906277512485232,95.6847622788751,3.0581677431718313,206.85146824520808],[23.90628405732928,95.68475653091795,3.9898446836645354,206.92649483488503],[23.906289943741665,95.68475136122316,4.827792012333709,206.85197374458033],[23.90629548189772,95.68474649738172,5.616164061550497,206.77665619483736],[23.90630106879741,95.68474159073158,6.411474890663003,206.80083841178464],[23.906303235773795,95.68473968760183,6.719950049684443,206.70109879065592],[23.90630502632712,95.68473811506264,6.974840328568591,206.57569546836612],[23.906307956065813,95.68473554204297,7.391896832339998,206.487735697635],[23.906310851839752,95.68473299885258,7.804118354646625,206.34316106800304],[23.90631299420704,95.68473111733559,8.109090329996631,206.24439370364047],[23.906315919079777,95.68472854858939,8.525454142380362,206.15000524386585],[23.906318636277536,95.68472616223211,8.912254837210224,205.94032596395937],[23.906322744087284,95.68472255458093,9.497013028570294,205.66111271803055],[23.906327199951377,95.68471864125378,10.131317719692737,205.23308203127857],[23.90633636754493,95.68471058988777,11.436350227728722,204.73320857049475],[23.906343505947067,95.68470432064296,12.452521653005855,204.7171367248804],[23.906345194991818,95.68470283725287,12.6929618748482,204.7001288875748],[23.906346679105667,95.6847015338417,12.90422961027386,204.57908350426538],[23.90635090955489,95.68469781848337,13.506445823704457,204.33350611935225],[23.906353451124513,95.68469558637011,13.868245323410402,203.9826297888992],[23.906355061995306,95.68469417163567,14.097557257814806,203.89895309426652],[23.906361220940724,95.68468876259091,14.974300244787603,203.8159546036905],[23.90636811911913,95.68468270432068,15.956275081904767,203.79860890324886],[23.906371518197787,95.68467971910692,16.440143352590155,203.76426448708423],[23.906375734402875,95.6846760162584,17.04033182957082,203.7388368148366],[23.90638127152854,95.68467115332189,17.82855700077663,203.73269776049744],[23.906387365060745,95.68466580172577,18.695988166804515,203.69177224073792],[23.90639290480853,95.68466093648641,19.48458657588329,203.64779744338676],[23.906398771923218,95.68465578373969,20.31978655409386,203.66098104322123],[23.90640454883456,95.68465071021332,21.14214582257878,203.68261057821616],[23.90641119858085,95.68464487012662,22.088755536590043,203.56853912196135],[23.90641841755744,95.68463853011794,23.116396732389095,203.6860826029881],[23.906424147885694,95.6846334975028,23.932124723238516,203.88286930612895],[23.90643097410932,95.68462750242628,24.903856416243915,203.85028451191647],[23.906438139034957,95.68462120988741,25.923803251275995,203.8376473524221],[23.90644489787476,95.6846152739902,26.88594263131009,203.85427480512072],[23.90645179928142,95.68460921288478,27.86837677641881,203.87846917223317],[23.906458883112016,95.68460299156699,28.87677944731986,203.84137098359218],[23.906466520549493,95.68459628404837,29.963989547800463,203.7813071941016],[23.906476501575636,95.68458751829166,31.384815866074874,203.78652293000357],[23.906485039094715,95.68458002028356,32.60015497680598,203.8611760571353],[23.90649029709821,95.68457540248387,33.3486460920266,203.93869650172115],[23.906496221487913,95.68457019943581,34.19199908493313,204.03285382832297],[23.906509163267405,95.68455883342108,36.03429655240521,204.1105385299154],[23.906513712294526,95.68455483827424,36.681862904366845,204.3071071112883],[23.906520662593444,95.6845487342296,37.67125679399448,204.41798084856157],[23.906529080296785,95.68454134144869,38.86953965349763,204.38711184139902],[23.90653162853097,95.68453910348231,39.23228768286387,204.39170543334802],[23.906538877445747,95.68453273718066,40.26419029423774,204.26391235457407],[23.906549285512973,95.68452359637854,41.74580675630717,204.00220291999312],[23.906555033913957,95.68451854789116,42.564107134036334,203.91818851686435],[23.906563766670605,95.6845108784172,43.80723855777986,203.85104314207257],[23.90656997843174,95.68450542298747,44.69149946250869,203.85151368077004],[23.90657756495904,95.6844987601803,45.77146200647674,203.8572937172192],[23.90658543232827,95.68449185072596,46.89140312675445,203.74903567566594],[23.906593165399595,95.68448505921768,47.99222655559968,203.76628171478916],[23.90660520141718,95.6844744886811,49.705585867258165,203.8440814032918],[23.906623809771617,95.68445814604206,52.35453479677355,203.9112090921443],[23.906626303586748,95.6844559558688,52.70953602768254,203.92708044945476],[23.90663284189582,95.68445021365093,53.6402817372399,204.03249430594326],[23.906634892083048,95.68444841309034,53.93213134442711,203.95578742864103],[23.906643129567396,95.68444117858533,55.10475914638213,203.90146498266114],[23.9066603749275,95.6844260329852,57.559681923897756,203.84509142314323],[23.90666155644832,95.68442499532395,57.72787454391651,203.8612870275286],[23.906667802273123,95.68441950997808,58.61698424519176,203.79854942933065],[23.906674089897873,95.68441398792174,59.51204426379839,203.7849452035078],[23.906682683319875,95.68440644081733,60.73534059566136,203.78630129404792],[23.906696266247927,95.68439451171896,62.66890623545075,203.8073200158105],[23.906703051161074,95.68438855292305,63.634756490966815,203.89634994256141],[23.906709158299353,95.6843831893775,64.50412369274174,203.87959046502993],[23.906733473600717,95.68436183465778,67.96547065942829,203.6840940404494],[23.906742823703606,95.68435362300441,69.29648227932391,203.64432733443374],[23.906750471498,95.6843469063899,70.38516580208076,203.75503471795952],[23.906761013901747,95.6843376476078,71.88590449004197,203.96871230652863],[23.90676596258206,95.68433330146874,72.59036203399748,204.02431434710002],[23.90677401884922,95.68432622611628,73.73719264323951,204.14684145083078],[23.906779005935938,95.68432184624712,74.44711741006836,204.12205190559405],[23.90678677506202,95.68431502307402,75.55307269762014,204.03729693094482],[23.906793242456725,95.68430934313614,76.4737231207244,204.04237387775203],[23.906800757639772,95.6843027429865,77.54352891153344,204.01360468417687],[23.906814682348127,95.68429051372232,79.52574718600697,204.00046366816633],[23.90682434924,95.68428202385154,80.90185421633723,203.98729859611944],[23.906830629016145,95.68427650868816,81.7957965520193,204.12064759814876],[23.90684082741743,95.68426755202348,83.24756524874526,204.2272319166256],[23.906850242716683,95.68425928311191,84.58785731660198,204.07523805631234],[23.906858770905203,95.68425179329829,85.80186685636842,204.03113502736215],[23.906864805160556,95.6842464937616,86.66085858555698,204.04290227757826],[23.906872998801813,95.68423929776144,87.82724441495635,204.14663723031737],[23.906879105299602,95.6842339347784,88.69652000357055,204.43402631132852],[23.906883125707235,95.68423040388743,89.26883531224742,204.51943034273773],[23.906893112886035,95.6842216327272,90.6905357253425,204.31968998672136],[23.90690329287069,95.68421269223678,92.13968250028555,204.41230861527373],[23.906913057892435,95.68420411618422,93.52975820726202,204.46675010063376],[23.906920908716156,95.68419722126083,94.64734292217457,204.4513578779945],[23.90692744169222,95.68419148372665,95.57732865269492,204.47842663556662],[23.9069432989874,95.68417755718349,97.83465481006506,204.56641721672804],[23.906953963475235,95.684168191182,99.352771623672,204.46854685926087],[23.906962239394414,95.6841609229219,100.53086961502098,204.49296987106186],[23.906970234165886,95.68415390157756,101.66894549163297,204.4208441100514],[23.906977751409812,95.68414729961796,102.73904409403406,204.36943047535374],[23.906985498903495,95.68414049544336,103.84191930421395,204.26661886854447],[23.906993453967807,95.6841335089715,