{"terrain":{"left":7,"bottom":10,"right":4},"data":[[23.895189208754804,95.67552587379545,0,199.04981542395595],[23.895189283696524,95.67552563117236,0.026064243038816336,199.0994786716211],[23.895191074081893,95.67551983481738,0.6487486174672202,198.9429911917931],[23.895192386623158,95.67551558547798,1.1052419182528497,198.82362928917487],[23.8951964263861,95.67550250678526,2.510245128305531,198.86617844238614],[23.89520083876912,95.67548822173873,4.044843124490048,198.79559847469147],[23.89520374613553,95.67547880916864,5.056006147766272,198.7293196786437],[23.895207239002747,95.67546750104545,6.270802497366557,198.66644401449753],[23.89521024998399,95.67545775302337,7.318002034706153,198.51428586180046],[23.89521201250902,95.67545204686594,7.9309966778625665,198.37232900685223],[23.89521496993153,95.67544247223972,8.959568805232125,198.21903341861056],[23.895217401281652,95.67543460076767,9.805176394107034,198.14184734781784],[23.895220612793473,95.6754242035298,10.922119076002511,198.0852785189993],[23.89522405982239,95.67541304380767,12.120973024529777,198.05252737899775],[23.895226453673295,95.67540529373895,12.953538581288463,198.03855890416446],[23.89522856060534,95.67539847256722,13.686315640386166,198.01711237356525],[23.89523131401394,95.67538955843402,14.64393296281346,198.01908231198883],[23.89523488513304,95.67537799697114,15.885944565257505,197.93372974698798],[23.895238115597117,95.67536753837553,17.009478581986397,197.941396998446],[23.89524051403052,95.67535977347103,17.84363782023211,197.85903092578883],[23.895244078696837,95.67534823289895,19.083405112286272,197.78014563187895],[23.89524633012987,95.67534094390672,19.866438562920262,197.7258572121434],[23.89524831606857,95.67533451444974,20.55713484240935,197.59400252734545],[23.895249667367437,95.67533013963298,21.027107598405518,197.46330576010257],[23.895250351785513,95.6753279238362,21.26514365077031,197.31013959432616],[23.895252841293566,95.67531986407842,22.130977976585356,196.945106452476],[23.89525580461774,95.67531027034562,23.161602375654464,196.67590715419004],[23.895257706302488,95.67530411365999,23.82299564690676,196.50475256309204],[23.895258897236307,95.6753002580235,24.237194478524128,196.34828319949835],[23.895259810151288,95.67529730247024,24.55470021362213,196.18158646527755],[23.89526015655046,95.67529618100633,24.675175533748053,196.1756592435074],[23.895260180515272,95.6752961034205,24.683510333901793,196.17140243621546],[23.895262123156176,95.67528981413972,25.359147861183637,194.98201728712024],[23.895262149786276,95.67528972792502,25.36840963420067,194.9483843828291],[23.895262165311458,95.6752896776624,25.373809187704182,194.9483843828291],[23.895262603673665,95.67528825846908,25.52626863312768,194.98201728712024],[23.89526366812238,95.67528481232686,25.896476778453977,194.91475147853794],[23.895265164141538,95.67527996897958,26.416782236456235,194.9483843828291],[23.895266692301576,95.67527502157652,26.948266069844493,194.8979350114912],[23.895268399285538,95.67526949523277,27.541943661081408,194.9483843828291],[23.895270243397164,95.67526352493955,28.1833133292259,195.09973245213928],[23.895272676814628,95.6752556467745,29.029639603948933,195.0829159999937],[23.895274248172843,95.67525055951776,29.57614744858723,195.04928309570255],[23.895276332490692,95.67524381155928,30.30105919775403,194.9988337467164],[23.895278406099337,95.67523709827172,31.02224635169616,194.9652008200735],[23.895280512178847,95.67523027986007,31.75472664259144,194.9988337467164],[23.895283110860465,95.67522186665396,32.65853061802485,195.0156501914114],[23.89528478502836,95.6752164465519,33.240794935153026,195.04928309570255],[23.89528690172287,95.67520959377428,33.97696701866509,195.0829159999937],[23.89528883354215,95.67520333952841,34.64884073373172,194.98201728712024],[23.895290763706868,95.67519709063916,35.32013899381221,194.9652008200735],[23.895292216596914,95.67519238692195,35.82544434204918,193.57654894243183],[23.89529346013152,95.67518836099092,36.257937273907345,193.48654890905323],[23.895295515453768,95.6751817069054,36.97276445443881,193.45654893766346],[23.895297412087324,95.67517556657296,37.632400774661654,193.36654890428485],[23.8952984953399,95.67517205955342,38.009148688408104,193.42654896627369],[23.89530006116912,95.67516699019676,38.55373348542541,193.7165489281267],[23.895301114960635,95.67516357855712,38.92023503423576,193.92654896627369],[23.8953015703068,95.6751621043784,39.07860134418191,194.09654892335834],[23.89530236050647,95.67515954611476,39.35342743453838,203.0365489805788],[23.89530523577804,95.67515023745139,40.353427381314326,203.0365489805788],[23.89530811104965,95.67514092878788,41.35342732574463,203.0365489805788]]}